"property_number","borough_code","sign_name","category","site_amenities","sector_name","sector_desc","functional_acreage","total_acreage","avghours_2024q1","avghours_2024q2","avghours_2024q3","avghours_2024q4","avgcosts_2024q1","avgcosts_2024q2","avgcosts_2024q3","avgcosts_2024q4","avgdays_2024q1","avgdays_2024q2","avgdays_2024q3","avgdays_2024q4","fixedpost_2024q1","fixedpost_2024q2","fixedpost_2024q3","fixedpost_2024q4","q1work_order_cost","q2work_order_cost","q3work_order_cost","q4work_order_cost"
"R065","R","Richmond Parkway","Large Park","Athletic Facilities,Comfort Stations,Natural Areas,Playgrounds,Trails","Staten Island Sector 2.2B","Districts 2, 2B",1138.1733,1884.6,393,268,233,330,8555,5834,5083,7210,6.6,7,7,6.6,"Yes","Yes","Yes","Yes",26938,23530,23540,22961
"X039","X","Pelham Bay Park","Large Park","Athletic Facilities,Beaches,Comfort Stations,Natural Areas,Playgrounds,Trails","Bronx Sector 15.15A","Districts 15, 15A",1112.8115,2771.75,579,358,357,448,11759,7568,7675,9598,6.6,6.7,6.6,6.6,"Yes","Yes","Yes","Yes",55378,32826,52812,54901
"X092","X","Van Cortlandt Park","Large Park","Athletic Facilities,Comfort Stations,Natural Areas,Playgrounds,Trails","Bronx Sector 13","District 13",781.2916,1146.43,588,493,446,339,12290,10519,9944,7372,6.6,7,7,6.5,"Yes","Yes","Yes","Yes",45147,56552,43487,59447
"M010","M","Central Park","Large Park","Athletic Facilities,Comfort Stations,Natural Areas,Playgrounds","Manhattan Sector 13","District 13",702.9678,840.64,NA,NA,NA,NA,NA,NA,NA,NA,NA,NA,NA,NA,NA,NA,NA,NA,91151,75737,106858,125165
"Q099","Q","Flushing Meadows Corona Park","Large Park","Athletic Facilities,Comfort Stations,Natural Areas,Playgrounds,Trails","Queens Sector 15","District 15",532.126,897.69,808,520,494,691,16618,10791,10482,14623,6.6,7,7,6.6,"Yes","Yes","Yes","Yes",220535,146483,188394,135424
"Q001","Q","Alley Pond Park","Large Park","Athletic Facilities,Comfort Stations,Natural Areas,Playgrounds,Trails","Queens Sector 7A","District 7A",520.7564,665.49,420,210,177,205,9409,4406,3778,4381,5.1,6.5,6.8,6.6,"Yes","Yes","Yes","Yes",4746,8411,14004,14855
"B073","B","Prospect Park","Large Park","Athletic Facilities,Comfort Stations,Natural Areas,Playgrounds,Trails","Brooklyn Sector 14.19","Districts 14, 19",420.2202,540.51,829,742,736,931,14239,13345,13361,17707,6.6,7,7,6.6,"Yes","Yes","Yes","Yes",101279,86573,123904,125057
"Q015","Q","Forest Park","Large Park","Athletic Facilities,Comfort Stations,Natural Areas,Playgrounds,Trails","Queens Sector 5A.16","Districts 5A, 16",408.5944,506.86,638,155,198,318,13205,3147,4146,6637,6.6,6.8,6.9,6.4,"Yes","Yes","Yes","Yes",51671,67017,51892,21300
"Q021","Q","Cunningham Park","Large Park","Athletic Facilities,Comfort Stations,Natural Areas,Playgrounds,Trails","Queens Sector 8.9","Districts 8, 9",388.889,358,140,75,78,117,2937,1613,1744,2523,6.6,6.6,6.5,6.4,"Yes","Yes","No","Yes",7120,10042,9782,12682
"Q162","Q","Rockaway Beach and Boardwalk","Large Park","Athletic Facilities,Beaches,Comfort Stations,Natural Areas,Playgrounds,Trails","Queens Sector 14","District 14",338.5942,1098.91,747,465,636,570,15047,9461,12605,11568,6.4,6.8,7,6.6,"Yes","Yes","Yes","Yes",11984,11858,14283,51468
"R172","R","Brookfield Park","Large Park","Natural Areas,Trails","Staten Island Sector 3","District 3",266.7697,258.72,196,179,156,142,4215,3936,3469,3064,6.4,6.9,6.8,6.4,"Yes","Yes","Yes","Yes",810,1392,3892,4738
"R031","R","Wolfe's Pond Park","Large Park","Athletic Facilities,Beaches,Comfort Stations,Natural Areas,Playgrounds,Trails","Staten Island Sector 3","District 3",259.9786,302.69,374,353,347,392,8422,8046,7968,8759,6.6,6.9,7,6.5,"Yes","Yes","Yes","Yes",1951,2938,2955,8255
"Q371","Q","Rockaway Community Park","Large Park","Athletic Facilities,Natural Areas,Playground","Queens Sector 14","District 14",255.4,255.4,27,24,19,24,534,501,390,480,4.5,5.8,6,5.1,"No","No","No","No",893,1398,657,31
"R119","R","Blue Heron Park","Large Park","Natural Areas,Playground,Trails","Staten Island Sector 3","District 3",237.8868,217.54,7,6,8,7,145,134,181,148,6.3,6.8,6.6,6.1,"No","No","No","No",2182,2672,0,1332
"M071","M","Riverside Park","Large Park","Athletic Facilities,Comfort Stations,Natural Areas,Playgrounds,Trails","Manhattan Sector 14","District 14",225.5647,291.19,1523,1487,1426,1336,23128,23229,22457,19963,6,6.8,6.5,6.3,"Yes","Yes","Yes","Yes",33988,19415,20527,31864
"M104","M","Randall's Island Park","Large Park","Athletic Facilities,Comfort Stations","Manhattan Sector 11R","District 11R",201.2074,254.3,845,374,319,324,7246,3834,3842,4466,6.6,7,7,6.6,"Yes","No","No","No",25175,22353,48248,40433
"R046","R","Franklin D. Roosevelt Boardwalk and Beach","Large Park","Athletic Facilities,Beaches,Comfort Stations,Playground","Staten Island Sector 2.2B","Districts 2, 2B",197.6119,644.35,985,307,316,720,20674,6541,6725,14991,6.6,6.2,6.7,6,"Yes","Yes","Yes","Yes",39088,17097,14123,50786
"R005","R","Clove Lakes Park","Large Park","Athletic Facilities,Comfort Stations,Natural Areas,Playgrounds,Trails","Staten Island Sector 1","District 1",192.535,193.42,319,282,269,138,6781,6057,5761,2912,6.6,7,6.9,6.5,"Yes","Yes","Yes","No",27804,23794,33861,15211
"R120","R","Arden Woods","Large Park","Natural Areas,Trails","Staten Island Sector 3","District 3",191.4664,145.94,1,1,1,1,25,33,24,17,1.2,1.3,1.5,1.3,"No","No","No","No",0,0,798,1300
"X002","X","Bronx Park","Large Park","Athletic Facilities,Comfort Stations,Natural Areas,Playgrounds,Trails","Bronx Sector 11.12.14","Districts 11, 12, 14",188.2924,718.37,252,249,228,302,5553,5046,4805,6069,6.6,7,7,6.6,"Yes","Yes","Yes","Yes",61899,32736,47350,23527
"B057","B","Marine Park","Large Park","Athletic Facilities,Comfort Stations,Natural Areas,Playgrounds,Trails","Brooklyn Sector 17.18","Districts 17, 18",187.4703,800,258,139,146,121,5715,3270,3434,2859,6.6,7,7,6.6,"Yes","Yes","Yes","Yes",19280,15304,14004,15918
"M042","M","Inwood Hill Park","Large Park","Athletic Facilities,Comfort Stations,Natural Areas,Playgrounds,Trails","Manhattan Sector 12.12A","Districts 12, 12A",178.7065,196.4,362,169,113,236,7106,3372,2394,4793,6.6,6.9,6.6,6.5,"Yes","Yes","Yes","Yes",8749,3659,2827,7848
"B169","B","Coney Island Beach & Boardwalk","Large Park","Athletic Facilities,Beaches,Comfort Stations","Brooklyn Sector 13","District 13",162.0099,399.47,68,40,27,59,1448,868,589,1231,6.4,6.2,6.4,6.4,"Yes","Yes","No","Yes",129513,75673,16471,180014
"B018","B","Canarsie Park","Large Park","Athletic Facilities,Comfort Stations,Natural Areas,Playground,Trails","Brooklyn Sector 17.18","Districts 17, 18",152.0916,132.2,432,410,336,298,8839,8076,6607,6095,6.6,7,7,6.4,"Yes","Yes","Yes","Yes",17689,12351,12804,11073
"Q024","Q","Kissena Park","Large Park","Athletic Facilities,Comfort Stations,Natural Areas,Playgrounds,Trails","Queens Sector 7","District 7",144.7351,237.15,60,112,52,65,1236,2395,1147,1324,5.9,6.3,5.9,5.9,"Yes","Yes","Yes","Yes",27746,8075,6336,8475
"R106","R","Bloomingdale Park","Large Park","Athletic Facilities,Comfort Stations,Natural Areas,Playground,Trails","Staten Island Sector 3","District 3",144.4801,138.1,123,156,124,138,2625,3272,2674,2970,6.6,7,7,6.4,"Yes","Yes","Yes","Yes",2487,4517,12008,6479
"Q020","Q","Highland Park","Large Park","Athletic Facilities,Comfort Stations,Natural Areas,Playgrounds,Trails","Queens Sector 5A.16","Districts 5A, 16",138.2738,146.75,603,464,409,480,12424,9169,8476,9976,6.6,6.8,6.9,6.3,"Yes","Yes","Yes","Yes",6530,4756,5121,7085
"R006","R","Conference House Park","Large Park","Comfort Stations,Natural Areas,Trails","Staten Island Sector 3","District 3",132.2061,286.56,52,59,55,51,1110,1313,1231,1128,6.4,7,7,6.5,"Yes","Yes","Yes","Yes",4144,4096,10202,4028
"X010","X","Crotona Park","Large Park","Athletic Facilities,Comfort Stations,Playgrounds","Bronx Sector 3.6","Districts 3, 6",130.0107,127.5,592,534,648,764,11596,10782,13147,15199,6.6,7,7,6.6,"Yes","Yes","Yes","Yes",31931,24922,25606,32818
"X118","X","Soundview Park","Large Park","Athletic Facilities,Comfort Stations,Natural Areas,Trails","Bronx Sector 9.10","Districts 9, 10",116.4793,269.42,366,239,318,331,7628,5298,7147,7089,6.1,5.2,5.2,5.3,"Yes","Yes","Yes","Yes",8855,7571,3850,7211
"R022","R","Silver Lake Park","Large Park","Athletic Facilities,Comfort Stations,Playgrounds","Staten Island Sector 1","District 1",110.4836,205.98,257,155,118,64,5461,3307,2507,1351,6.6,7,6.9,6.4,"Yes","Yes","Yes","No",449,4584,6014,5472
"R079","R","Lemon Creek Park","Large Park","Natural Areas,Playground","Staten Island Sector 3","District 3",104.55,104.55,27,22,23,27,557,515,564,599,6.4,7,6.9,6.4,"No","Yes","Yes","Yes",1543,1405,4884,1592
"M107","M","Wards Island Park","Large Park","Athletic Facilities,Comfort Stations,Playground","Manhattan Sector 11R","District 11R",99.0659,170.7,560,428,395,410,6454,5192,5417,6114,6.6,7,7,6.6,"Yes","Yes","Yes","Yes",2001,9220,4503,2110
"Q005","Q","Baisley Pond Park","Large Park","Athletic Facilities,Comfort Stations,Playgrounds","Queens Sector 10.12","Districts 10, 12",88.2692,109.61,244,194,218,254,4788,3701,4256,4971,6.4,6.9,7,6.6,"Yes","Yes","Yes","Yes",11461,12620,4896,16430
"M028","M","Fort Washington Park","Large Park","Athletic Facilities,Comfort Stations,Natural Areas,Playground,Trails","Manhattan Sector 12.12A","Districts 12, 12A",87.3499,184.14,296,207,163,139,6193,4618,3456,2821,6.6,7,6.8,6.5,"Yes","Yes","Yes","Yes",3558,4802,10937,5102
"B166D","B","McGuire Fields","Large Park","Athletic Facilities,Comfort Stations,Natural Areas,Playground,Trails","Brooklyn Sector 17.18","Districts 17, 18",77.18,77.18,13,14,15,13,270,290,316,273,4.7,5.1,5.5,4.8,"No","No","No","No",369,3025,2470,298
"B384","B","Fresh Creek Nature Preserve","Large Park","Natural Areas,Trails","Brooklyn Sector 17.18","Districts 17, 18",77.04,77.04,12,12,9,11,255,239,179,224,4.9,3.9,3.5,4.1,"No","No","No","No",1133,3842,2714,149
"B125","B","Calvert Vaux Park","Large Park","Athletic Facilities,Comfort Stations,Natural Areas,Playground","Brooklyn Sector 13","District 13",76.5124,85.53,144,120,123,104,2882,2563,2593,2185,6.5,6.8,7,6.2,"Yes","Yes","Yes","Yes",5487,6891,5850,9890
"Q300","Q","Kissena Corridor Park","Large Park","Athletic Facilities,Comfort Stations,Natural Areas,Playgrounds,Trails","Queens Sector 7","District 7",74.8623,100.87,60,84,64,48,1246,1755,1378,1010,5.7,6.3,6.2,5.8,"Yes","Yes","Yes","Yes",4638,5903,2812,3536
"M037","M","Highbridge Park","Large Park","Athletic Facilities,Comfort Stations,Natural Areas,Playgrounds,Trails","Manhattan Sector 12.12A","Districts 12, 12A",74.2442,130.1,515,361,324,307,10517,7441,6760,6346,6.6,7,7,6.5,"Yes","Yes","Yes","Yes",51157,25489,7061,64213
"X126","X","Ferry Point Park","Large Park","Athletic Facilities,Comfort Stations,Playground,Trails","Bronx Sector 9.10","Districts 9, 10",71.0494,413.8,256,83,61,82,4914,1680,1283,1826,6.4,6.7,6.2,6.1,"Yes","Yes","Yes","Yes",7558,5358,1655,2476
"R016","R","Great Kills Park","Large Park","Beach,Comfort Stations,Natural Areas,Playground","Staten Island Sector 3","District 3",70.4791,333.8,140,15,14,73,3299,358,340,1726,6.5,7,6.8,6.4,"Yes","No","No","No",4808,6085,933,7996
"M029","M","Fort Tryon Park","Large Park","Athletic Facilities,Comfort Stations,Natural Areas,Playgrounds,Trails","Manhattan Sector 12.12A","Districts 12, 12A",66.3285,67.21,272,123,103,101,5418,2556,2166,2120,6.4,6.9,6.7,6.5,"Yes","Yes","Yes","Yes",4978,2358,2699,7013
"Q008","Q","Brookville Park","Large Park","Athletic Facilities,Comfort Stations,Natural Areas,Playground","Queens Sector 11.13","Districts 11, 13",62.6748,89.95,337,382,393,389,6917,7179,7416,7446,6.2,6.9,6.9,6.6,"Yes","Yes","Yes","Yes",7956,1379,2548,4229
"B082","B","Shore Park and Parkway","Large Park","Athletic Facilities,Comfort Stations,Playgrounds","Brooklyn Sector 10.12","Districts 10, 12",62.2474,58,87,72,53,67,1843,1567,1233,1469,6.6,6.8,6.9,6.5,"No","No","No","No",4119,12325,8986,5143
"X003","X","Pelham Parkway","Large Park",NA,"Bronx Sector 11.12.14","Districts 11, 12, 14",61.9506,108.91,61,42,45,44,1284,920,986,949,6.2,6.9,6.6,6.2,"No","No","No","No",2423,1288,921,3623
"Q012","Q","Crocheron Park","Large Park","Athletic Facilities,Comfort Stations,Playground","Queens Sector 7A","District 7A",59.7537,62.79,80,72,68,79,1636,1456,1346,1621,5.1,5.3,5.5,5.6,"Yes","Yes","Yes","Yes",17007,6652,2747,10373
"X033","X","Mosholu Parkway","Large Park","Athletic Facilities,Playgrounds","Bronx Sector 7.8","Districts 7, 8",55.7537,80.94,47,99,82,76,1078,2143,1890,1709,6,6.3,5.8,5.8,"No","No","No","No",6313,8175,8177,7043
"Q102","Q","Juniper Valley Park","Large Park","Athletic Facilities,Comfort Stations,Playgrounds","Queens Sector 5.6","Districts 5, 6",55.0425,55.64,264,258,256,183,5252,4931,4911,3607,6.6,6.8,7,6.4,"Yes","Yes","Yes","Yes",8051,4328,5549,9386
"Q004","Q","Astoria Park","Large Park","Athletic Facilities,Comfort Stations,Playground","Queens Sector 1.2","Districts 1, 2",52.6718,59.96,259,185,188,254,5165,3771,4007,5378,6.9,6.8,7,6.3,"Yes","Yes","Yes","Yes",7027,12835,8220,91048
"Q300A","Q","Kissena Corridor Park","Large Park","Athletic Facilities,Comfort Stations,Natural Areas,Playgrounds,Trails","Queens Sector 8.9","Districts 8, 9",52.1441,48.64,65,36,35,31,1390,745,730,662,6.4,6.8,6.8,6.6,"Yes","Yes","No","No",3737,1464,6654,7907
"X142","X","Riverdale Park","Large Park","Natural Areas,Trails","Bronx Sector 7.8","Districts 7, 8",49.3271,144.29,5,6,3,5,102,136,65,96,2.4,3,2.5,2.1,"No","No","No","No",2782,894,657,15
"Q448","Q","Roy Wilkins Recreation Center","Large Park","Athletic Facilities,Comfort Stations,Playgrounds","Queens Sector 10.12","Districts 10, 12",48.7461,56.83,69,389,394,442,1631,9096,9575,10939,4.2,5,4.9,5.6,"Yes","Yes","Yes","Yes",5017,9302,27176,12722
"B028","B","Dyker Beach Park","Large Park","Athletic Facilities,Comfort Stations,Playgrounds","Brooklyn Sector 10.12","Districts 10, 12",48.6832,216.66,178,127,123,130,3875,2780,2671,2712,6.6,7,7,6.6,"Yes","Yes","Yes","Yes",9031,6257,4706,4963
"M144","M","John V. Lindsay East River Park","Large Park","Athletic Facilities,Comfort Stations,Playground","Manhattan Sector 3","District 3",47.2351,45.88,130,95,69,122,3053,1974,1405,2528,6.8,6.2,5.5,5.9,"Yes","Yes","Yes","Yes",2265,1337,1146,2204
"B126","B","Red Hook Recreation Area","Large Park","Athletic Facilities,Comfort Stations,Playground","Brooklyn Sector 6.7","Districts 6, 7",44.8694,58.5,245,239,195,329,4956,4908,4295,6877,6.6,7,6.9,6.6,"Yes","Yes","Yes","Yes",11150,9965,15364,51670
"X088","X","Pugsley Creek Park","Large Park","Athletic Facilities,Natural Areas,Trails","Bronx Sector 9.10","Districts 9, 10",44.7837,68.02,26,25,23,24,572,549,540,543,5.1,5.1,5,5.1,"No","No","No","No",1907,761,367,1523
"Q452","Q","Udall's Park Preserve","Large Park","Natural Areas,Trails","Queens Sector 7A","District 7A",44.3,44.3,11,5,3,4,267,132,82,107,3.3,3,3.2,3.1,"Yes","No","No","No",NA,NA,NA,NA
"R153","R","Fairview Park","Large Park","Athletic Facilities,Comfort Stations,Natural Areas,Trails","Staten Island Sector 3","District 3",42.6,42.6,45,76,77,81,988,1634,1663,1687,5.6,6.9,6.9,6.4,"Yes","Yes","Yes","Yes",1055,3220,4292,1474
"B371","B","Spring Creek Park","Other","Athletic Facility,Comfort Stations,Natural Areas,Trails","Brooklyn Sector 5.16","Districts 5, 16",42.58,42.58,NA,4,NA,1,NA,86,NA,30,NA,1,NA,1,NA,"No",NA,"No",0,765,0,321
"Q007","Q","Bayswater Park","Large Park","Athletic Facilities,Comfort Stations,Natural Areas,Playground,Trails","Queens Sector 14","District 14",40.16,40.16,369,105,173,186,7519,2140,3427,3777,5,5.5,7,5.7,"Yes","Yes","Yes","Yes",939,454,1718,1216
"X008","X","Claremont Park","Large Park","Athletic Facilities,Comfort Stations,Playground","Bronx Sector 4.5","Districts 4, 5",38.0939,38.54,123,64,66,109,2712,1374,1428,2351,6.3,5.2,5.5,5.7,"Yes","Yes","Yes","No",18584,9277,6260,18429
"B068","B","Parade Ground","Large Park","Athletic Facilities,Comfort Stations,Playground","Brooklyn Sector 14.19","Districts 14, 19",38.0451,39.5,181,89,88,127,2381,1795,1776,2557,6.6,7,6.9,6.2,"Yes","Yes","Yes","Yes",10597,13422,3571,8284
"X045","X","St. Mary's Park","Large Park","Athletic Facilities,Comfort Stations,Playgrounds","Bronx Sector 1.2","Districts 1, 2",37.3774,35.31,141,108,75,90,2940,2149,1582,1826,6.2,6.5,6.7,6,"Yes","Yes","Yes","Yes",1997,12313,8187,5871
"X046","X","Seton Falls Park","Large Park","Natural Areas,Playground,Trails","Bronx Sector 11.12.14","Districts 11, 12, 14",36.6531,35.77,20,17,20,20,430,355,430,427,6.1,6.3,6.8,6.1,"No","No","No","No",199,941,185,630
"B058","B","McCarren Park","Large Park","Athletic Facilities,Comfort Stations,Playground","Brooklyn Sector 1","District 1",36.5501,36.49,143,131,774,561,2941,2685,16744,12110,6.4,7,7,6.6,"Yes","Yes","Yes","Yes",15303,8645,13115,16987
"B529","B","Bushwick Inlet Park","Small Park","Athletic Facilities,Comfort Stations","Brooklyn Sector 1","District 1",35.53,35.53,52,26,210,95,1045,525,4213,1906,6.1,6.8,7,6.6,"Yes","Yes","Yes","Yes",2004,1601,2078,2244
"Q010A","Q","Little Bay Park","Large Park","Athletic Facilities,Comfort Stations","Queens Sector 11.13","Districts 11, 13",34.9871,55.22,27,25,20,21,553,484,409,452,4.9,5.7,5.5,6,"Yes","Yes","Yes","Yes",2986,5918,2261,3036
"B065","B","Ocean Parkway Malls","Large Park",NA,"Brooklyn Sector 10.12","Districts 10, 12",34.5122,140,153,172,163,164,3215,3578,3432,3437,6.6,7,7,6.6,"Yes","Yes","Yes","Yes",3654,2210,6380,1673
"M056","M","Morningside Park","Large Park","Athletic Facilities,Comfort Stations,Playgrounds","Manhattan Sector 7.9","Districts 7, 9",33.821,29.89,150,153,154,157,3027,3160,3196,3271,6.6,7,7,6.6,"Yes","Yes","Yes","Yes",21394,14479,3828,7629
"B251","B","Manhattan Beach Park","Large Park","Athletic Facilities,Beaches,Comfort Stations,Playgrounds","Brooklyn Sector 11.15","Districts 11, 15",32.5719,42.94,102,74,61,90,2283,1655,1360,1982,6.6,7,7,6.6,"No","No","No","No",11340,9204,7132,11257
"B032","B","Fort Greene Park","Large Park","Athletic Facilities,Comfort Stations,Playgrounds","Brooklyn Sector 2","District 2",32.0018,30.17,466,350,334,435,9808,7192,6915,9788,6.6,7,6.9,6.4,"Yes","Yes","Yes","Yes",4808,6717,4270,5127
"B129","B","Kaiser Park","Large Park","Athletic Facilities,Comfort Stations","Brooklyn Sector 13","District 13",31.9489,26.26,98,56,39,106,2009,1110,773,2102,6.5,6.7,6.2,6.4,"Yes","Yes","Yes","Yes",2108,6547,4101,5771
"M353","M","Riverside Park South","Large Park","Athletic Facilities,Comfort Stations,Playground","Manhattan Sector 14","District 14",27.4036,71.93,333,303,282,282,4513,4038,3443,3187,5.1,5,5.1,4.8,"Yes","Yes","Yes","Yes",730,2250,873,1770
"Q476","Q","College Point Fields","Large Park","Athletic Facilities,Comfort Stations","Queens Sector 7","District 7",26.83,26.83,8,7,3,4,193,150,75,90,4.5,4.8,5,3.8,"No","No","No","No",2608,1592,1951,4697
"M077","M","St. Nicholas Park","Large Park","Athletic Facilities,Comfort Stations,Playgrounds","Manhattan Sector 7.9","Districts 7, 9",25.8516,22.74,219,199,178,216,4716,4317,3912,4591,6.6,7,7,6.6,"Yes","Yes","Yes","Yes",8217,4312,6979,3993
"X030","X","Macombs Dam Park","Large Park","Athletic Facilities,Comfort Stations,Playgrounds","Bronx Sector 4.5","Districts 4, 5",25.4838,44.17,161,74,76,71,3088,1550,1643,1477,6.5,6.8,6.8,6.5,"Yes","Yes","Yes","Yes",16075,6475,9876,6654
"B087","B","Sunset Park","Large Park","Athletic Facilities,Comfort Stations,Playground","Brooklyn Sector 6.7","Districts 6, 7",24.5,24.5,346,236,190,201,6950,4930,3968,4122,6.6,7,7,6.6,"Yes","Yes","Yes","Yes",21637,6062,68582,47439
"B066","B","Owl's Head Park","Large Park","Athletic Facilities,Comfort Stations,Playgrounds","Brooklyn Sector 10.12","Districts 10, 12",24.22,24.22,72,60,50,58,1568,1304,1100,1257,6.5,6.9,6.8,6.4,"Yes","Yes","Yes","Yes",1523,1642,1775,4626
"Q458","Q","Fort Totten Park","Large Park","Athletic Facilities,Natural Areas,Playground","Queens Sector 7A","District 7A",23.6303,60.39,15,39,38,29,299,757,757,607,2.8,5.7,5.5,5.5,"Yes","Yes","Yes","Yes",19154,14278,11379,28999
"Q107","Q","Springfield Park","Large Park","Athletic Facilities,Comfort Stations,Natural Areas,Playground","Queens Sector 11.13","Districts 11, 13",23.54,23.54,165,126,127,128,3257,2374,2398,2422,6.6,6.9,6.9,6.5,"Yes","Yes","Yes","Yes",2509,1876,1340,1742
"R017","R","Freshkills Park","Large Park","Athletic Facilities,Natural Areas,Trails","Staten Island Sector 2.2B","Districts 2, 2B",23.4362,953.07,82,56,44,70,1835,1208,954,1470,6.4,6.8,7,6.6,"Yes","Yes","Yes","Yes",2012,4317,4128,1844
"R140","R","King Fisher Park","Large Park","Natural Areas,Trails","Staten Island Sector 3","District 3",23.01,23.01,5,5,5,4,99,121,131,95,2.7,4.1,4.5,2.5,"No","No","No","No",100,0,0,0
"R121","R","Siedenburg Park","Large Park","Natural Areas,Trails","Staten Island Sector 3","District 3",22.88,22.88,5,4,5,6,95,101,111,129,2.2,4,4.2,3.4,"No","No","No","No",NA,NA,NA,NA
"B054","B","Lincoln Terrace / Arthur S. Somers Park","Large Park","Athletic Facilities,Comfort Stations,Playground","Brooklyn Sector 8.9","Districts 8, 9",22.3428,17.14,117,98,141,113,2394,2057,2961,2432,6.4,6.8,6.6,6.3,"Yes","Yes","Yes","Yes",5193,1864,2034,5358
"M283","M","Battery Park City","Large Park","Playgrounds","Manhattan Sector 1.2","Districts 1, 2",22.1279,26.04,NA,9,NA,NA,NA,200,NA,NA,NA,1,NA,NA,NA,"Yes",NA,NA,NA,NA,NA,NA
"BT15","B","Bush Terminal Park","Large Park","Athletic Facilities,Comfort Stations","Brooklyn Sector 6.7","Districts 6, 7",22.12,22.12,66,58,52,44,1283,1206,1150,868,6.3,6.5,6.7,5.7,"Yes","Yes","Yes","Yes",3726,4517,1101,1453
"Q009","Q","Hermon A. MacNeil Park","Large Park","Athletic Facilities,Comfort Stations,Playground","Queens Sector 7","District 7",22.0327,28.87,46,25,14,50,915,504,308,1055,6.3,6.2,6.5,5.9,"Yes","No","No","Yes",1747,1535,1629,2411
"R169","R","Goodhue Park","Large Park","Athletic Facilities,Natural Areas,Trails","Staten Island Sector 1","District 1",21.5019,26.53,9,6,9,12,191,132,202,257,3.9,3.5,4.4,5,"No","No","No","No",333,0,517,0
"B080","B","Asser Levy Park","Large Park","Athletic Facilities,Comfort Stations,Playground","Brooklyn Sector 13","District 13",21.04,21.04,42,62,51,61,896,1212,970,1237,6,6.3,6.1,6.1,"Yes","Yes","Yes","Yes",1555,7979,5601,2268
"R145","R","Seaside Wildlife Nature Park","Small Park","Natural Areas","Staten Island Sector 3","District 3",20.91,20.91,15,15,18,19,304,331,442,426,6.4,6.8,6.6,6.1,"No","No","No","No",1538,1172,1909,1656
"M005","M","The Battery","Large Park","Comfort Stations","Manhattan Sector 1.2","Districts 1, 2",20.8209,21.88,709,534,401,588,531,1176,62,280,6.6,6.7,6.9,6.5,"Yes","Yes","Yes","Yes",4300,983,1374,861
"M058","M","Marcus Garvey Park","Large Park","Athletic Facilities,Comfort Stations,Playgrounds","Manhattan Sector 10.11","Districts 10, 11",20.3936,20.17,528,223,176,191,10782,4668,3638,3871,6.6,6.9,6.9,6.5,"Yes","Yes","Yes","Yes",17382,31294,6782,52289
"Q104","Q","Queensbridge Park","Large Park","Athletic Facilities,Comfort Stations,Playground","Queens Sector 1.2","Districts 1, 2",20.34,20.34,211,106,102,167,4293,2096,2214,3703,6.8,6.2,6.5,6.1,"Yes","Yes","Yes","Yes",4874,5371,5577,3463
"X104","X","Williamsbridge Oval","Large Park","Athletic Facilities,Comfort Stations,Playgrounds","Bronx Sector 7.8","Districts 7, 8",19.75,19.75,130,76,86,73,2652,1609,1914,1628,6.1,5.2,5.5,5.3,"Yes","Yes","Yes","Yes",1752,6997,2027,2969
"B166C","B","Coney Island Boat Basin","Large Park","Athletic Facilities,Natural Areas","Brooklyn Sector 13","District 13",18.8868,36.81,12,4,5,5,252,91,119,106,4.8,5,3.9,3.3,"No","No","No","No",0,506,0,179
"Q467","Q","Broad Channel American Park","Large Park","Athletic Facilities,Natural Areas,Trails","Queens Sector 14","District 14",18.77,18.77,14,18,7,9,285,387,136,178,4.7,6,6.3,5.2,"No","No","No","No",233,78,0,602
"B029","B","Eastern Parkway","Large Park",NA,"Brooklyn Sector 8.9","Districts 8, 9",17.9046,63.64,165,146,154,161,3385,3028,3270,3396,6.4,6.7,7,6.5,"Yes","Yes","Yes","Yes",444,83,341,1
"M053","M","Theodore Roosevelt Park","Large Park",NA,"Manhattan Sector 7.9","Districts 7, 9",17.58,17.58,132,50,37,69,2995,1118,780,1468,6.4,6.8,6.8,6.5,"Yes","Yes","Yes","Yes",1585,1341,400,593
"B007","B","Bensonhurst Park","Large Park","Athletic Facilities,Comfort Stations,Playground","Brooklyn Sector 11.15","Districts 11, 15",17.5,17.5,117,103,71,50,2642,2313,1575,1117,6.5,7,7,6.6,"Yes","Yes","No","No",4296,1968,2545,2091
"Q461","Q","Powell's Cove Park","Large Park","Natural Areas","Queens Sector 7","District 7",16.9828,59.63,5,8,5,5,121,177,104,108,4.8,4.2,5.2,4.1,"No","No","No","No",996,183,277,420
"X047","X","Franz Sigel Park","Large Park","Athletic Facilities,Comfort Stations,Playground","Bronx Sector 4.5","Districts 4, 5",16.9717,15.99,145,56,63,77,1129,1172,1407,1642,5.8,5.2,6.1,5.6,"Yes","Yes","Yes","Yes",3822,2260,824,2318
"R048","R","Jones Woods Park","Large Park","Natural Areas,Trails","Staten Island Sector 1","District 1",16.93,16.93,5,3,6,8,107,64,123,157,3.8,3.5,4.3,4.7,"No","No","No","No",NA,NA,NA,NA
"Q126","Q","Francis Lewis Park","Large Park","Athletic Facilities,Comfort Stations,Playground","Queens Sector 7","District 7",16.83,16.83,15,19,7,15,314,376,136,317,5.9,6.2,6.2,5.4,"No","No","No","No",1943,1897,1764,1739
"B052","B","Leif Ericson Park","Large Park","Athletic Facilities,Comfort Stations,Playgrounds","Brooklyn Sector 10.12","Districts 10, 12",16.8,16.8,101,72,60,122,2038,1422,1229,2561,6.6,7,6.8,6.5,"Yes","Yes","Yes","Yes",6378,4367,4590,14657
"R124","R","Eibs Pond Park","Large Park","Natural Areas,Trails","Staten Island Sector 1","District 1",16.51,16.51,8,7,5,8,164,155,117,162,5.7,5.1,5.9,6.1,"No","No","No","No",0,0,622,0
"Q412","Q","Gwen Ifill Park","Large Park","Natural Areas","Queens Sector 10.12","Districts 10, 12",16.44,16.44,4,4,3,21,79,87,62,423,3.3,3.5,3.6,3,"No","No","No","No",56,0,0,0
"B247","B","Breukelen Ballfields","Large Park","Athletic Facilities,Comfort Stations,Playground","Brooklyn Sector 17.18","Districts 17, 18",16.16,16.16,100,65,49,70,1875,1227,987,1413,6.5,6.1,5.5,5.9,"Yes","Yes","Yes","Yes",719,5140,1605,820
"X034","X","Rev. T. Wendell Foster Park and Recreation Center","Large Park","Athletic Facilities,Comfort Stations,Playgrounds","Bronx Sector 4.5","Districts 4, 5",15.9828,15.05,100,69,60,81,1336,1467,1228,1646,5.9,5.7,6,5.1,"Yes","Yes","Yes","Yes",7535,6799,3049,12148
"R117","R","Alice Austen Park","Large Park",NA,"Staten Island Sector 1","District 1",15.52,15.52,9,9,7,10,195,201,162,217,6.4,6.8,6.8,6.4,"No","No","No","No",3606,3363,1414,16308
"M047","M","Thomas Jefferson Park","Large Park","Athletic Facilities,Playground","Manhattan Sector 10.11","Districts 10, 11",15.52,15.52,232,115,88,120,4701,2353,1792,2419,6.6,6.7,6.8,6.2,"Yes","Yes","Yes","Yes",6283,1617,40743,36051
"M300","M","Sherman Creek","Small Park","Natural Areas,Trails","Manhattan Sector 12.12A","Districts 12, 12A",15.38,15.38,18,14,9,8,348,273,183,158,4,5.5,6,5,"Yes","Yes","No","No",28,0,4,465
"X136","X","Harris Park","Large Park","Athletic Facilities,Comfort Stations,Playground","Bronx Sector 7.8","Districts 7, 8",15.32,15.32,89,55,72,56,1774,1136,1527,1158,5.2,5.2,5.2,4.9,"Yes","Yes","Yes","Yes",3802,1978,4608,2810
"X010A","X","Walter Gladwin Park","Large Park","Athletic Facilities,Comfort Stations,Playgrounds","Bronx Sector 3.6","Districts 3, 6",15,15,89,61,97,139,1740,1234,1986,2860,5.6,5.9,6.2,6.3,"Yes","Yes","Yes","Yes",2013,6442,847,1183
"M081","M","Carl Schurz Park","Large Park","Athletic Facilities,Comfort Stations,Playground","Manhattan Sector 6.8.15","Districts 6, 8, 15",14.6335,14.94,170,136,86,80,3356,2653,1747,1667,6.4,6.8,6.8,6.3,"Yes","Yes","Yes","Yes",34911,18010,36062,42151
"R059","R","Von Briesen Park","Large Park",NA,"Staten Island Sector 1","District 1",13.94,13.94,8,8,7,9,175,165,157,181,5.9,6.5,6.5,6.1,"No","No","No","No",536,709,295,52
"Q496","Q","Park at Beach 108 Street","Small Park",NA,"Queens Sector 14","District 14",13.83,13.83,9,8,5,6,181,173,95,117,3.4,3.9,4.3,4.1,"No","No","No","No",136,28,0,0
"Q094","Q","Tudor Park","Large Park","Athletic Facilities,Playground","Queens Sector 10.12","Districts 10, 12",13.54,13.54,13,22,9,9,268,442,187,199,5.6,6.3,6.3,6.2,"No","No","No","No",2144,2257,358,1892
"R075A","R","Father Macris Park","Large Park","Athletic Facilities","Staten Island Sector 2.2B","Districts 2, 2B",13.47,13.47,8,6,5,11,158,128,106,222,6.5,6.4,6.5,6,"No","No","No","No",610,449,63,0
"Q471","Q","Hunter's Point South Park","Small Park","Athletic Facilities,Comfort Stations","Queens Sector 1.2","Districts 1, 2",13.2595,22.81,121,49,56,73,2634,1019,1279,1619,6.7,6.7,6.8,6.5,"Yes","Yes","No","No",8338,2827,1187,3170
"Q084","Q","Grand Central Parkway","Other","Natural Areas,Trails","Queens Sector 8.9","Districts 8, 9",12.9535,160.42,1,1,1,1,21,28,29,26,2.5,2.2,2.7,2,"No","No","No","No",28,0,0,151
"M014","M","Jackie Robinson Park","Large Park","Athletic Facilities,Comfort Stations,Playgrounds","Manhattan Sector 10.11","Districts 10, 11",12.77,12.77,375,142,102,121,7618,2862,2065,2482,6.4,6.3,6.2,6.3,"Yes","Yes","Yes","Yes",16478,7240,19358,29017
"Q028","Q","Beach Channel Park","Small Park",NA,"Queens Sector 14","District 14",12.62,12.62,4,7,5,8,77,141,110,157,3.6,5.6,5.5,5.1,"No","No","No","No",0,4,0,0
"Q392","Q","Idlewild Park","Large Park","Athletic Facilities,Natural Areas","Queens Sector 11.13","Districts 11, 13",12.5906,180.85,9,11,11,13,206,227,230,273,5.1,4.7,4.5,4.7,"No","No","No","No",387,197,180,277
"X307","X","Barretto Point Park","Small Park","Athletic Facilities,Comfort Stations,Playground","Bronx Sector 1.2","Districts 1, 2",12.22,12.22,27,19,12,21,532,389,257,462,4.7,5.2,5.3,4.9,"Yes","No","No","No",7218,2730,8441,26591
"Q006","Q","Bowne Park","Large Park","Athletic Facilities,Comfort Stations,Playground","Queens Sector 7","District 7",11.79,11.79,17,41,22,13,346,832,441,275,5.7,5.8,6.2,5.4,"Yes","Yes","Yes","No",950,1467,2164,1093
"X201","X","Seton Park","Large Park","Athletic Facilities,Comfort Stations,Natural Areas,Playground,Trails","Bronx Sector 7.8","Districts 7, 8",11.69,11.69,15,13,11,17,322,280,250,343,5.5,4.9,5.4,4.7,"No","No","No","No",8641,1889,1594,3700
"X344","X","Mill Pond Park","Large Park","Athletic Facilities,Comfort Stations","Bronx Sector 4.5","Districts 4, 5",11.57,11.57,18,18,26,39,378,394,559,857,5.2,4.8,4.2,5.3,"No","No","No","Yes",1608,1174,2507,6856
"Q023","Q","Rufus King Park","Large Park","Athletic Facilities,Comfort Stations,Playground","Queens Sector 10.12","Districts 10, 12",11.5,11.5,129,115,93,116,2533,2366,1978,2364,6.6,6.8,6.9,6.4,"Yes","Yes","Yes","Yes",4205,2850,1222,2280
"Q445","Q","Frank Golden Park","Large Park","Athletic Facilities,Comfort Stations,Playground","Queens Sector 7","District 7",11.42,11.42,9,11,6,15,190,247,139,397,5.8,6.4,6.3,5.6,"No","No","No","No",310,845,579,9957
"X044","X","St. James Park","Large Park","Athletic Facilities,Comfort Stations","Bronx Sector 7.8","Districts 7, 8",11.39,11.39,113,79,36,38,2395,1657,769,824,6.3,6.8,6.2,5.7,"Yes","No","No","No",5967,5356,6577,12614
"M043","M","Isham Park","Large Park","Athletic Facilities,Trails","Manhattan Sector 12.12A","Districts 12, 12A",11.3451,20.13,58,27,27,33,1155,534,597,690,6.6,6.4,6.2,6.3,"Yes","No","No","No",84,928,169,497
"Q051","Q","Archie Spigner Park","Large Park","Athletic Facilities,Comfort Stations,Playground","Queens Sector 10.12","Districts 10, 12",10.79,10.79,49,66,71,97,931,1309,1434,1933,5.9,6.5,6.8,5,"Yes","Yes","Yes","Yes",20400,2219,868,4575
"Q094D","Q","Gemini Fields","Small Park","Athletic Facilities","Queens Sector 10.12","Districts 10, 12",10.76,10.76,8,4,3,4,166,84,67,80,4.4,3.5,4.6,4.8,"No","No","No","No",143,223,114,184
"X268","X","Givans Creek Woods","Large Park","Natural Areas","Bronx Sector 9.10","Districts 9, 10",10.74,10.74,2,2,4,1,45,53,84,30,6.1,4.1,3.5,3,"No","No","No","No",29,42,49,89
"M098","M","Washington Square Park","Large Park","Athletic Facility,Comfort Stations,Playgrounds","Manhattan Sector 1.2","Districts 1, 2",10.6794,9.75,293,140,159,255,5682,2777,3189,5445,5,5,5.8,6.5,"Yes","Yes","Yes","Yes",2364,3503,4141,5048
"B431","B","Brooklyn Bridge Park","Large Park","Playground","Brooklyn Sector 2","District 2",10.6694,21.38,NA,NA,NA,NA,NA,NA,NA,NA,NA,NA,NA,NA,NA,NA,NA,NA,98,0,98,132
"B008","B","Betsy Head Park","Large Park","Athletic Facilities,Comfort Stations,Playground","Brooklyn Sector 5.16","Districts 5, 16",10.56,10.56,153,167,187,146,2947,3322,3822,2959,6.4,6.8,7,6.4,"Yes","Yes","Yes","Yes",15298,14343,63169,116990
"R109","R","CPL. Thompson Park","Large Park","Athletic Facilities,Comfort Stations,Playground","Staten Island Sector 1","District 1",10.5,10.5,315,180,118,36,6641,3825,2544,772,6.6,6.8,6.6,6,"Yes","Yes","Yes","No",9416,5087,1377,43248
"M088","M","Tompkins Square Park","Large Park","Athletic Facilities,Comfort Stations,Playgrounds","Manhattan Sector 3","District 3",10.5,10.5,45,83,112,83,908,1699,2410,1782,6,6.9,6.9,6.3,"Yes","Yes","Yes","Yes",1714,1613,1413,2024
"B021","B","Commodore Barry Park","Large Park","Athletic Facilities,Comfort Stations,Playground","Brooklyn Sector 2","District 2",10.39,10.39,52,41,30,61,1010,795,598,1182,6.1,6.5,6.8,6.5,"Yes","Yes","Yes","Yes",11611,1809,4828,6502
"B113A","B","Cadman Plaza Park","Large Park","Comfort Stations","Brooklyn Sector 2","District 2",10.38,10.38,33,22,20,33,703,483,455,719,6.4,6.9,7,6.5,"No","No","No","No",1982,3690,6168,1263
"B214","B","Linden Park","Large Park","Athletic Facilities,Comfort Stations,Playground","Brooklyn Sector 5.16","Districts 5, 16",10.2431,9.32,119,126,84,125,2371,2490,1697,2574,6.3,6.9,6.4,6.5,"Yes","Yes","Yes","Yes",1177,1691,1819,23142
"R160","R","Heritage Park","Small Park",NA,"Staten Island Sector 1","District 1",9.93,9.93,12,9,10,14,258,181,221,295,5.7,5.2,5.8,6.1,"No","No","No","No",167,0,50,194
"X001A","X","Aqueduct Walk","Large Park","Athletic Facilities,Comfort Stations,Playgrounds","Bronx Sector 4.5","Districts 4, 5",9.6112,8.61,58,56,40,69,1183,1141,849,1445,6.5,6.6,6.2,6.2,"Yes","No","No","Yes",2180,2000,628,10904
"M008","M","Bryant Park","Large Park","Comfort Stations","Manhattan Sector 4.5","Districts 4, 5",9.6,9.6,331,229,194,312,17,0,0,1488,6.1,5.4,5.2,6.1,"Yes","Yes","Yes","Yes",NA,NA,NA,NA
"M108T01","M","East River Esplanade","Small Park",NA,"Manhattan Sector 6.8.15","Districts 6, 8, 15",9.4203,8.6,178,178,116,169,3338,3530,2402,3418,6.5,6.9,7,6.6,"Yes","Yes","Yes","Yes",392,66,20,52
"X191A","X","Bicentennial Veterans Memorial Park","Large Park","Athletic Facility","Bronx Sector 9.10","Districts 9, 10",9.4,9.4,4,8,7,7,88,172,166,147,6.1,5.7,5.2,4.9,"No","No","No","No",196,943,830,293
"M391","M","East River Waterfront Esplanade","Large Park","Comfort Stations","Manhattan Sector 1.2","Districts 1, 2",9.376,8.76,503,354,286,546,10690,7792,6438,11757,6.5,6.8,6.9,6.5,"Yes","Yes","Yes","Yes",427,2457,2267,1101
"X196","X","Haffen Park","Large Park","Athletic Facilities,Comfort Stations,Playground","Bronx Sector 11.12.14","Districts 11, 12, 14",9.24,9.24,112,51,47,32,2185,1102,1050,719,6.6,7,7,6.4,"Yes","No","No","No",15873,7073,5885,17156
"R052","R","Allison Pond Park","Large Park","Natural Areas,Trails","Staten Island Sector 1","District 1",9.2,9.2,14,8,6,9,283,162,139,186,6.5,6.2,5.8,5.9,"No","No","No","No",761,0,1278,155
"Q052","Q","Captain Tilly Park","Large Park","Comfort Stations,Playground","Queens Sector 8.9","Districts 8, 9",9.16,9.16,17,22,15,13,367,488,351,287,5.8,5.3,5.9,5.8,"No","No","No","No",872,681,442,640
"Q089B","Q","Harvey Park","Large Park","Athletic Facilities,Comfort Stations,Playground","Queens Sector 7","District 7",9.15,9.15,20,30,14,13,423,635,299,255,5.6,6.2,6.2,5.4,"Yes","Yes","No","No",676,2798,1921,3032
"B114","B","Msgr. McGolrick Park","Large Park","Comfort Stations,Playground","Brooklyn Sector 1","District 1",9.13,9.13,43,41,94,118,857,905,1894,2293,5.9,6.4,6.7,6.6,"Yes","No","Yes","Yes",517,1613,648,963
"B245","B","St. John's Park","Large Park","Athletic Facilities,Comfort Stations,Playground","Brooklyn Sector 8.9","Districts 8, 9",9.04,9.04,95,57,85,107,1903,1137,1707,2285,6.4,6.6,6.7,6.5,"Yes","Yes","Yes","Yes",2897,4243,2230,3514
"X080","X","Henry Hudson Park","Large Park","Athletic Facilities,Comfort Stations,Playgrounds","Bronx Sector 7.8","Districts 7, 8",8.97,8.97,22,21,10,19,447,457,231,367,5.6,4.9,5.4,4.7,"No","No","No","No",4740,1774,1904,1960
"Q131","Q","Frank Principe Park","Large Park","Athletic Facilities,Comfort Stations,Playground","Queens Sector 5.6","Districts 5, 6",8.9,8.9,48,49,65,46,922,931,1217,896,6.2,6.5,6.5,5.9,"Yes","Yes","Yes","Yes",1557,1328,3013,7141
"B379","B","Coney Island Creek Park","Large Park","Natural Areas","Brooklyn Sector 13","District 13",8.89,8.89,6,3,4,4,113,75,84,84,5.1,4.8,3.8,4.1,"No","No","No","No",705,549,0,0
"X007","X","Castle Hill Park","Small Park","Natural Areas,Trails","Bronx Sector 9.10","Districts 9, 10",8.83,8.83,13,14,14,12,288,303,313,269,5.1,5.1,5,4.7,"No","No","No","No",282,144,202,130
"Q413","Q","Rochdale Park","Large Park","Athletic Facilities,Comfort Stations,Playground","Queens Sector 10.12","Districts 10, 12",8.83,8.83,50,43,34,72,938,796,638,1431,6.4,6.3,6.7,5.3,"Yes","Yes","Yes","Yes",707,1285,186,2145
"M013","M","City Hall Park","Large Park",NA,"Manhattan Sector 1.2","Districts 1, 2",8.8,8.8,69,62,44,63,1420,1364,982,1369,6.6,6.8,6.9,6.4,"Yes","Yes","Yes","Yes",10796,13750,5053,11042
"X147A","X","Starlight Park","Large Park","Athletic Facilities,Playground","Bronx Sector 11.12.14","Districts 11, 12, 14",8.7652,17.26,66,84,36,46,1439,1830,748,910,6.4,6.9,6.8,6.1,"No","Yes","No","No",9460,3320,3647,8444
"B210W","B","John J Carty Park","Large Park","Athletic Facilities,Comfort Stations","Brooklyn Sector 10.12","Districts 10, 12",8.57,8.57,10,10,25,38,210,222,545,812,5.7,5.9,6.6,6.2,"No","No","No","Yes",0,1017,2540,2719
"B077","B","Coffey Park","Large Park","Athletic Facilities,Comfort Stations,Playground","Brooklyn Sector 6.7","Districts 6, 7",8.27,8.27,86,67,58,65,1736,1330,1210,1345,6.6,7,6.8,6.6,"Yes","Yes","Yes","Yes",455,1152,953,2500
"B060","B","McKinley Park","Large Park","Athletic Facilities,Comfort Stations,Playground","Brooklyn Sector 10.12","Districts 10, 12",8.25,8.25,78,49,58,53,1533,1038,1266,1105,6.4,6.4,6.8,6.1,"Yes","Yes","Yes","Yes",1995,2047,2115,2976
"Q048","Q","Rainey Park","Large Park","Comfort Stations,Playground","Queens Sector 1.2","Districts 1, 2",8.09,8.09,111,3,6,5,2314,68,121,101,6.6,5.1,5.9,5.9,"Yes","No","No","No",4239,36,261,910
"M105","M","Sara D. Roosevelt Park","Large Park","Athletic Facilities,Comfort Stations,Playgrounds","Manhattan Sector 3","District 3",7.85,7.85,254,210,155,97,4947,4182,3188,1944,6.6,6.5,6.4,5.4,"Yes","Yes","Yes","Yes",6809,5232,9861,9299
"X019","X","Ewen Park","Large Park","Athletic Facility","Bronx Sector 7.8","Districts 7, 8",7.84,7.84,11,9,11,13,236,199,236,263,5.5,4.5,5.6,4.9,"No","No","No","No",3790,342,845,206
"B088","B","Herbert Von King Park","Large Park","Athletic Facilities,Comfort Stations,Playgrounds","Brooklyn Sector 3.4","Districts 3, 4",7.82,7.82,133,104,87,160,2740,2107,1833,3230,6.6,7,6.8,6.4,"Yes","Yes","Yes","Yes",2831,2734,2100,7568
"B159","B","Mount Prospect Park","Large Park","Comfort Stations,Playground","Brooklyn Sector 8.9","Districts 8, 9",7.79,7.79,39,58,78,81,746,1090,1504,1617,6.2,6.4,6.7,6.9,"Yes","Yes","Yes","Yes",1867,1302,5515,5664
"X255","X","Bill Rainey Park","Large Park","Athletic Facilities,Comfort Stations","Bronx Sector 1.2","Districts 1, 2",7.74,7.74,53,17,14,24,1093,398,323,521,5.8,6.8,6.5,5.9,"Yes","No","No","No",2902,4545,4621,3438
"Q121","Q","Detective Keith L Williams Park","Large Park","Athletic Facilities,Comfort Stations,Playground","Queens Sector 10.12","Districts 10, 12",7.68,7.68,48,54,21,49,901,1112,447,986,6,6.5,6.5,6.1,"Yes","Yes","No","Yes",6403,11787,21427,17868
"Q086","Q","Flushing Fields","Large Park","Athletic Facilities,Comfort Stations,Playground","Queens Sector 7","District 7",7.67,7.67,18,29,16,23,359,583,331,461,5.3,6.1,6,5.6,"No","Yes","No","No",1476,1731,1097,3705
"R038A","R","Midland Field","Small Park","Athletic Facilities,Comfort Stations","Staten Island Sector 2.2B","Districts 2, 2B",7.46,7.46,42,18,17,20,807,352,329,409,6.3,5.2,5.6,5.5,"Yes","Yes","Yes","Yes",851,2415,805,924
"X094","X","Bridge Park","Large Park",NA,"Bronx Sector 4.5","Districts 4, 5",7.16,7.16,6,4,4,4,128,95,86,90,3.5,2.4,2.1,3.2,"No","No","No","No",82,360,21,147
"M360","M","The High Line","Large Park",NA,"Manhattan Sector 4.5","Districts 4, 5",7.0687,6.73,NA,NA,NA,NA,NA,NA,NA,NA,NA,NA,NA,NA,NA,NA,NA,NA,NA,NA,NA,NA
"B012","B","Brower Park","Large Park","Athletic Facilities,Comfort Stations,Playgrounds","Brooklyn Sector 8.9","Districts 8, 9",7.05,7.05,96,103,112,96,1905,2010,2235,2009,6.4,6.5,6.7,6.5,"Yes","Yes","Yes","Yes",264,585,3081,601
"X028","X","Joyce Kilmer Park","Large Park","Playground","Bronx Sector 4.5","Districts 4, 5",6.88,6.88,83,47,44,45,1792,1033,1015,955,6,5.8,4.8,4.9,"Yes","No","No","No",998,3856,1379,890
"B016","B","Maria Hernandez Park","Large Park","Athletic Facilities,Comfort Stations,Playground","Brooklyn Sector 3.4","Districts 3, 4",6.87,6.87,188,93,82,121,3967,2138,1974,2718,6.6,6.5,6.8,6.5,"Yes","Yes","Yes","Yes",2380,2275,1751,3134
"M039","M","Harlem River Park","Large Park","Natural Areas,Trails","Manhattan Sector 10.11","Districts 10, 11",6.8229,46.66,11,9,6,7,217,188,133,132,3,3.3,3.1,2.8,"No","No","No","No",53,752,800,81
"B372","B","Friends Field","Large Park","Athletic Facilities,Comfort Stations,Playground","Brooklyn Sector 10.12","Districts 10, 12",6.7,6.7,41,51,45,33,851,998,904,660,6.5,7,6.8,6.2,"Yes","Yes","Yes","Yes",7024,1208,727,1638
"M099","M","J. Hood Wright Park","Large Park","Athletic Facilities,Comfort Stations,Playground","Manhattan Sector 12.12A","Districts 12, 12A",6.7,6.7,174,50,127,99,3405,986,2459,1940,6.6,5.8,5.2,4.8,"Yes","No","Yes","Yes",1555,2496,1494,1351
"B329","B","Lindower Park","Large Park","Athletic Facilities,Comfort Stations,Playground","Brooklyn Sector 17.18","Districts 17, 18",6.7,6.7,62,64,52,70,1169,1187,1036,1430,6.5,6.3,5.3,5.9,"Yes","Yes","Yes","Yes",2447,1586,1411,4036
"B385","B","WNYC Transmitter Park","Small Park",NA,"Brooklyn Sector 1","District 1",6.61,6.61,12,9,7,14,261,187,144,290,6.5,6.6,6.8,6.4,"No","No","No","No",315,102,149,458
"X091","X","Park","Small Park","Natural Areas,Trails","Bronx Sector 7.8","Districts 7, 8",6.6,6.79,2,2,1,3,35,54,25,69,1.7,2.8,1.8,2.3,"No","No","No","No",106,9,0,743
"R075B","R","Westwood Park","Small Park","Natural Areas","Staten Island Sector 2.2B","Districts 2, 2B",6.56,6.56,5,5,5,7,111,96,112,135,6.6,6.4,6.6,5.9,"No","No","No","No",0,0,118,0
"M089","M","Union Square Park","Small Park","Comfort Stations,Playground","Manhattan Sector 4.5","Districts 4, 5",6.51,6.51,2228,995,951,1908,30267,12461,11458,24330,6.6,6.3,6.2,6.2,"Yes","Yes","Yes","Yes",7151,2726,6879,4529
"M208D","M","Harlem River Park","Small Park","Athletic Facilities","Manhattan Sector 10.11","Districts 10, 11",6.4828,5.76,130,52,51,48,2633,1050,1017,976,6.5,6.5,6.5,6.2,"Yes","Yes","Yes","Yes",530,1028,1005,265
"M186","M","Brigadier General Charles Young Playground","Small Park","Athletic Facilities,Comfort Stations,Playground","Manhattan Sector 10.11","Districts 10, 11",6.42,6.42,60,78,76,77,1221,1559,1550,1632,6.5,6.8,6.5,6.2,"No","Yes","Yes","Yes",2333,1835,3635,2003
"B025","B","Cooper Park","Large Park","Athletic Facilities,Comfort Stations,Playground","Brooklyn Sector 1","District 1",6.4,6.4,29,16,11,19,643,354,245,400,6.4,6.2,5.8,5.7,"No","No","No","No",591,431,709,1304
"B042","B","Gravesend Park","Small Park","Athletic Facilities,Comfort Stations,Playground","Brooklyn Sector 10.12","Districts 10, 12",6.38,6.38,44,52,72,55,844,1023,1478,1152,5.5,6,6.7,6.2,"Yes","Yes","Yes","Yes",418,1141,2799,1406
"Q220C","Q","Dr. Charles R. Drew Park","Small Park","Athletic Facilities,Comfort Stations","Queens Sector 10.12","Districts 10, 12",6.34,6.34,20,21,12,28,390,409,251,547,5.8,6.3,6,5.7,"No","No","No","No",2237,672,118,26833
"B223K","B","Trinity Park","Small Park",NA,"Brooklyn Sector 2","District 2",6.3,6.3,5,5,4,12,106,96,98,249,6,6.5,6.7,6.4,"No","No","No","No",0,132,29,155
"X305","X","Concrete Plant Park","Large Park",NA,"Bronx Sector 11.12.14","Districts 11, 12, 14",6.28,6.28,12,14,8,7,263,293,161,155,5.4,5.9,5.3,5,"No","No","No","No",23,314,603,347
"Q465","Q","Socrates Sculpture Park","Small Park",NA,"Queens Sector 1.2","Districts 1, 2",6.28,6.28,3,4,6,6,72,93,130,136,5.4,5.6,6.4,5.9,"No","No","No","No",0,336,182,600
"B135","B","Newtown Barge Playground","Small Park","Athletic Facilities","Brooklyn Sector 1","District 1",6.24,6.24,6,6,5,7,137,115,116,137,6.4,6.5,6.8,6.4,"No","No","No","No",202,119,199,0
"M052","M","Madison Square Park","Large Park","Playground","Manhattan Sector 4.5","Districts 4, 5",6.23,6.23,866,579,595,993,6908,5594,2107,8017,6.1,5.6,5.2,5.9,"Yes","Yes","Yes","Yes",1529,1758,48,1711
"Q492","Q","Elmhurst Park","Small Park","Comfort Stations,Playground","Queens Sector 3.4","Districts 3, 4",6.22,6.22,25,22,22,27,630,477,470,593,6.4,6.7,6.7,6.4,"Yes","Yes","Yes","Yes",1180,3327,1861,2046
"X253","X","Ambrosini Field","Small Park","Athletic Facilities,Playground","Bronx Sector 15.15A","Districts 15, 15A",6.1,6.1,24,20,13,11,489,419,293,255,5.7,5.7,5.5,6.1,"Yes","Yes","No","No",1383,327,27,1173
"B141","B","City Line Park","Small Park","Athletic Facilities,Comfort Stations,Playground","Brooklyn Sector 5.16","Districts 5, 16",6.05,6.05,79,26,20,56,1563,527,446,1111,6.3,4.9,4.6,5.5,"Yes","No","No","Yes",314,780,62,602
"Q387B","Q","Clearview Park","Small Park","Natural Areas","Queens Sector 7","District 7",6.05,6.05,0,0,0,0,3,7,3,10,1.2,1.9,1.9,1.7,"No","No","No","No",NA,NA,NA,NA
"B192A","B","Fort Hamilton Athletic Field","Large Park","Athletic Facilities","Brooklyn Sector 10.12","Districts 10, 12",6.02,6.02,17,19,20,13,369,402,442,277,5.7,5.3,6.2,5.3,"Yes","Yes","Yes","No",851,155,0,678
"B254","B","Wingate Park","Small Park","Athletic Facilities,Comfort Stations,Playground","Brooklyn Sector 8.9","Districts 8, 9",5.89,5.89,52,29,63,57,1033,584,1274,1187,6.4,6.3,6.9,6.6,"No","No","No","No",980,1704,589,888
"M022","M","De Witt Clinton Park","Small Park","Athletic Facilities,Comfort Stations,Playground","Manhattan Sector 4.5","Districts 4, 5",5.83,5.83,77,53,45,43,1557,1137,982,886,6.8,6.6,6.4,6.4,"No","No","No","No",7607,1874,6800,3444
"Q004A","Q","Ralph Demarco Park","Small Park",NA,"Queens Sector 1.2","Districts 1, 2",5.82,5.82,46,38,39,54,915,782,823,1159,6.6,5.8,6.2,5.6,"Yes","Yes","Yes","Yes",69,382,258,449
"B050","B","Van Voorhees Playground","Small Park","Athletic Facilities,Comfort Stations,Playground","Brooklyn Sector 6.7","Districts 6, 7",5.74,5.74,75,60,62,65,1537,1253,1305,1390,6.6,6.9,7,6.6,"Yes","Yes","Yes","Yes",3140,1022,2168,4748
"M094","M","Broadway Malls","Small Park",NA,"Manhattan Sector 7.9","Districts 7, 9",5.6603,5.75,97,68,59,63,1916,1452,1272,1352,6.6,6.9,6.5,6.4,"Yes","No","No","No",1002,589,1240,557
"Q096B","Q","Southern Fields","Small Park","Athletic Facilities","Queens Sector 10.12","Districts 10, 12",5.59,5.59,4,4,3,5,85,88,73,116,3.9,4.2,4.5,4.4,"No","No","No","No",641,273,281,447
"X004","X","Bronx River Parkway","Other","Athletic Facilities,Comfort Stations,Natural Areas,Playgrounds,Trails","Bronx Sector 9.10","Districts 9, 10",5.532,206.72,90,75,75,101,1709,1460,1557,1996,6.3,6.5,6.1,6.4,"Yes","Yes","Yes","Yes",3276,21636,3475,8344
"X013","X","Devoe Park","Small Park","Athletic Facilities,Comfort Stations,Playgrounds","Bronx Sector 4.5","Districts 4, 5",5.44,5.44,112,39,48,45,2136,799,1056,924,5.9,6.2,6.6,6.2,"Yes","Yes","No","Yes",17861,2500,1761,3401
"Q174A","Q","St. Michael's Playground","Small Park","Athletic Facilities,Comfort Stations,Playground","Queens Sector 1.2","Districts 1, 2",5.43,5.43,12,12,12,9,253,254,266,209,6.2,6.1,6.5,5.9,"No","No","No","No",265,624,932,972
"Q305","Q","Mafera Park","Small Park","Athletic Facilities,Comfort Stations,Playground","Queens Sector 5.6","Districts 5, 6",5.4,5.4,39,38,30,21,824,799,639,440,6.2,6.1,6.5,5.9,"Yes","Yes","Yes","No",3371,3136,1575,502
"Q103","Q","Raymond O’Connor Park","Small Park","Athletic Facilities,Comfort Stations,Playground","Queens Sector 11.13","Districts 11, 13",5.4,5.4,4,4,2,7,87,94,53,160,5.3,5.8,6.4,5.9,"No","No","No","No",1411,1177,2286,668
"B035","B","John Paul Jones Park","Small Park",NA,"Brooklyn Sector 10.12","Districts 10, 12",5.32,5.32,9,9,8,9,191,204,176,202,5.9,6.1,6.2,5.7,"No","No","No","No",0,1025,1007,374
"R015","R","Walker Park","Small Park","Athletic Facilities,Comfort Stations","Staten Island Sector 1","District 1",5.28,5.28,85,12,13,12,1716,251,277,253,6.5,6.6,6.7,6.2,"Yes","No","No","No",111,1118,919,958
"Q220G","Q","Hoover - Manton Playgrounds","Small Park","Athletic Facilities,Comfort Stations,Playground","Queens Sector 8.9","Districts 8, 9",5.2,5.2,42,19,10,24,903,429,219,509,6,5.5,5.5,5.2,"Yes","Yes","No","Yes",641,832,270,424
"R067","R","Gen. Douglas MacArthur Park","Small Park","Athletic Facilities,Comfort Stations,Playground","Staten Island Sector 2.2B","Districts 2, 2B",5.17,5.17,33,50,56,52,713,1069,1199,1101,6.6,6.2,6.8,6,"Yes","Yes","Yes","Yes",3592,4406,1401,3468
"Q002","Q","Grover Cleveland Playground","Small Park","Athletic Facilities,Comfort Stations,Playground","Queens Sector 5.6","Districts 5, 6",5.1,5.1,77,47,39,32,1507,892,740,618,6.4,6.2,6.9,6.1,"Yes","Yes","Yes","Yes",3275,1324,2404,3168
"Q453","Q","Queens Farm Park","Large Park","Athletic Facilities","Queens Sector 11.13","Districts 11, 13",5.0616,47.08,6,6,6,6,123,129,135,140,5.1,4.5,5.2,5.6,"No","No","No","No",0,2532,1283,3370
"Q092","Q","Police Officer Edward Byrne Park","Small Park","Athletic Facilities,Playground","Queens Sector 10.12","Districts 10, 12",4.97,4.97,6,27,35,29,124,511,649,539,4.4,5.3,5.3,5.4,"No","Yes","Yes","Yes",9,546,42,1224
"B103","B","Cypress Hills Playground","Small Park","Athletic Facilities,Comfort Stations,Playground","Brooklyn Sector 5.16","Districts 5, 16",4.95,4.95,63,53,82,86,1180,1008,1620,1732,5.6,5.6,6.6,6,"Yes","Yes","Yes","Yes",2979,1688,1042,2280
"B100","B","Seth Low Playground/ Bealin Square","Small Park","Athletic Facilities,Comfort Stations,Playground","Brooklyn Sector 11.15","Districts 11, 15",4.95,4.95,104,62,38,72,1958,1197,824,1507,6.5,6.8,7,6.6,"Yes","Yes","No","Yes",1495,946,4536,1117
"R045","R","Schmul Park","Large Park","Athletic Facilities,Comfort Stations,Playground","Staten Island Sector 2.2B","Districts 2, 2B",4.8384,7.4,48,38,31,44,1032,789,665,913,6.1,6,6.7,6.1,"Yes","Yes","Yes","Yes",7033,1216,3531,2168
"Q499","Q","Bay Breeze Park","Small Park",NA,"Queens Sector 14","District 14",4.8,4.8,3,4,3,4,59,73,62,80,3.3,3.3,3.3,4.2,"No","No","No","No",NA,NA,NA,NA
"X259","X","Raoul Wallenberg Forest","Small Park","Natural Areas,Trails","Bronx Sector 7.8","Districts 7, 8",4.73,4.73,1,2,1,1,28,36,29,31,2.1,1.8,2,1.2,"No","No","No","No",14,0,0,90
"X271","X","Grant Park","Small Park","Athletic Facility,Playground","Bronx Sector 4.5","Districts 4, 5",4.72,4.72,42,16,16,14,889,332,348,287,6.2,4.5,4.9,3.8,"No","No","No","No",1008,1349,668,897
"M376","M","West Harlem Piers","Small Park",NA,"Manhattan Sector 14","District 14",4.71,4.71,71,52,52,50,1263,976,973,883,5,5,5.1,4.7,"Yes","Yes","Yes","Yes",205,1531,1174,1028
"Q339","Q","Cambria Playground","Small Park","Athletic Facilities,Comfort Stations,Playground","Queens Sector 11.13","Districts 11, 13",4.64,4.64,29,30,64,66,571,585,1219,1244,5.8,5.8,6.8,6.5,"No","Yes","Yes","Yes",227,497,526,2895
"Q127","Q","Marconi Park","Small Park","Athletic Facilities,Comfort Stations","Queens Sector 10.12","Districts 10, 12",4.64,4.64,21,19,15,26,422,395,331,524,5.4,6.2,6.4,6,"No","No","No","No",763,219,187,263
"X038","X","Washington's Walk","Small Park","Athletic Facilities,Playgrounds","Bronx Sector 7.8","Districts 7, 8",4.64,4.64,25,25,20,37,525,541,440,742,5.7,6.2,5.1,6,"No","No","No","No",6011,2663,5691,1029
"R170","R","Stapleton Esplanade","Small Park",NA,"Staten Island Sector 1","District 1",4.61,4.61,18,9,11,16,369,183,235,330,5.8,5.8,6.5,6.4,"No","No","No","No",0,217,429,0
"Q226","Q","Hallets Cove Playground","Small Park","Athletic Facilities,Comfort Stations,Playgrounds","Queens Sector 1.2","Districts 1, 2",4.6078,5.84,45,35,46,46,873,679,905,953,6.5,6.2,6.3,6.1,"Yes","Yes","Yes","Yes",1526,1655,751,527
"B418","B","Valentino Pier","Small Park",NA,"Brooklyn Sector 6.7","Districts 6, 7",4.53,4.53,17,11,11,13,373,238,243,286,6.4,6,6.5,6.2,"No","No","No","No",1418,348,956,4852
"Q396","Q","Montbellier Park","Small Park","Athletic Facilities,Comfort Stations,Playground","Queens Sector 10.12","Districts 10, 12",4.43,4.43,40,30,36,45,842,586,776,919,6,6.2,6.8,4.8,"Yes","Yes","Yes","Yes",436,1694,1243,1908
"X263","X","Quarry Ballfields","Small Park","Athletic Facilities,Comfort Stations","Bronx Sector 3.6","Districts 3, 6",4.42,4.42,16,17,16,13,311,358,346,278,5.2,5.5,6.2,5,"No","No","No","No",1627,661,877,708
"X017","X","Richman (Echo) Park","Small Park","Athletic Facilities,Comfort Stations,Playground","Bronx Sector 4.5","Districts 4, 5",4.39,4.39,38,46,62,62,766,988,1368,1334,5.4,5.5,4.8,4.8,"No","No","No","Yes",2813,1822,1516,1447
"M017","M","Corlears Hook Park","Small Park","Athletic Facilities,Comfort Stations,Playground","Manhattan Sector 3","District 3",4.36,4.36,34,23,8,17,784,497,157,345,6.8,6.4,5.6,5.1,"Yes","Yes","No","Yes",2212,699,974,384
"X137","X","Jerome Park","Small Park",NA,"Bronx Sector 7.8","Districts 7, 8",4.36,4.36,5,6,6,5,96,132,122,105,2.2,3.3,1.7,2.2,"No","No","No","No",0,170,0,160
"Q129","Q","Phil ""Scooter"" Rizzuto Park","Small Park","Athletic Facilities,Comfort Stations,Playground","Queens Sector 8.9","Districts 8, 9",4.35,4.35,49,28,22,15,984,561,457,333,5.5,7,6.9,5.1,"No","Yes","Yes","No",443,846,810,1014
"R008","R","Faber Pool and Park","Small Park","Playground","Staten Island Sector 1","District 1",4.34,4.34,28,20,15,18,572,408,326,385,6.5,6.8,6.6,6.3,"No","No","No","No",5651,3456,391,10000
"B070","B","Machate Circle","Greenstreet",NA,"Brooklyn Sector 14.19","Districts 14, 19",4.32,4.32,57,29,27,42,719,582,532,834,6.5,6.8,6.5,6.4,"Yes","Yes","Yes","Yes",NA,NA,NA,NA
"M033","M","Hamilton Fish Park","Small Park","Athletic Facilities,Comfort Stations,Playground","Manhattan Sector 3","District 3",4.3,4.3,32,13,12,21,638,266,254,412,5.5,6,5.6,5.2,"No","No","No","Yes",23082,3440,6527,16535
"B113C","B","Columbus Park","Small Park",NA,"Brooklyn Sector 2","District 2",4.14,4.14,21,20,19,24,444,420,425,527,6.4,6.9,7,6.5,"No","No","No","No",37,314,511,283
"R061","R","Rev. Dr. Maggie Howard Playground","Small Park","Athletic Facilities,Comfort Stations,Playground","Staten Island Sector 1","District 1",4.1,4.1,16,12,17,20,334,253,367,412,6.4,6.9,6.9,6.5,"No","No","No","No",6457,1570,12643,10444
"M159","M","Frederick Johnson Playground","Small Park","Athletic Facilities,Comfort Stations,Playgrounds","Manhattan Sector 10.11","Districts 10, 11",4.09,4.09,37,21,16,53,758,424,322,1091,6.3,5.9,6.2,6.1,"No","No","No","Yes",721,5554,426,1119
"B055","B","Sternberg Park","Small Park","Athletic Facilities,Comfort Stations,Playground","Brooklyn Sector 1","District 1",4.04,4.04,38,47,90,97,770,885,1732,1893,6,5.9,6.5,6.4,"Yes","Yes","Yes","Yes",4125,3960,2930,1629
"X122","X","Colucci Playground","Small Park","Athletic Facilities,Comfort Stations,Playground","Bronx Sector 9.10","Districts 9, 10",4,4,50,39,24,45,923,792,527,889,5.9,5.8,5.8,5.7,"Yes","Yes","No","Yes",1804,2525,3346,5045
"R078","R","Northerleigh Park","Small Park","Athletic Facility","Staten Island Sector 1","District 1",3.96,3.96,9,10,14,10,180,201,280,217,5.7,6.5,6.5,6.1,"No","No","No","No",0,103,138,943
"M086","M","Stuyvesant Square","Small Park",NA,"Manhattan Sector 6.8.15","Districts 6, 8, 15",3.93,3.93,46,58,73,66,965,1189,1495,1367,6.3,6.9,6.9,6.3,"Yes","Yes","Yes","Yes",3031,2976,1150,1607
"M011","M","Chelsea Park","Small Park","Athletic Facilities,Comfort Stations,Playground","Manhattan Sector 4.5","Districts 4, 5",3.9,3.9,108,93,85,82,2059,1949,1848,1721,6.5,6.8,7,6.4,"No","No","No","No",4374,2066,1214,1913
"X150E","X","Fordham Landing Playground","Small Park","Athletic Facilities","Bronx Sector 4.5","Districts 4, 5",3.9,3.9,37,10,8,11,734,207,179,226,4.8,4,3.2,4.2,"Yes","Yes","Yes","Yes",0,42,0,0
"Q359","Q","Haggerty Park","Small Park","Athletic Facilities,Comfort Stations,Playground","Queens Sector 10.12","Districts 10, 12",3.87,3.87,38,67,52,34,797,1365,1054,723,5.6,6.5,6.5,5.7,"Yes","Yes","Yes","Yes",1501,892,1898,1013
"M223","M","Jacob H. Schiff Playground","Small Park","Athletic Facilities,Comfort Stations,Playground","Manhattan Sector 7.9","Districts 7, 9",3.85,3.85,81,77,74,81,1516,1462,1407,1594,6.4,6.6,6.9,6.5,"Yes","Yes","Yes","Yes",1277,463,697,366
"Q373","Q","Helen Marshall Playground","Small Park","Athletic Facilities,Comfort Stations,Playground","Queens Sector 3.4","Districts 3, 4",3.83,3.83,52,46,46,51,1110,955,967,1079,6.5,6.8,6.4,5.9,"Yes","Yes","Yes","Yes",949,668,733,601
"Q391","Q","Joseph Austin Playground","Small Park","Athletic Facilities,Comfort Stations,Playground","Queens Sector 8.9","Districts 8, 9",3.81,3.81,57,38,17,30,1062,737,341,601,6.1,5.7,5.5,5.5,"Yes","Yes","No","Yes",1327,1532,302,1525
"X011","X","Crotona Parkway Malls","Large Park",NA,"Bronx Sector 3.6","Districts 3, 6",3.7722,8.75,46,45,52,75,876,974,1121,1557,5.9,6.2,6.7,6,"No","No","Yes","Yes",301,3829,711,1141
"R075C","R","Ingram Woods","Small Park","Natural Areas","Staten Island Sector 1","District 1",3.77,3.77,7,5,6,6,137,109,116,133,5.1,5.5,5.4,5.1,"No","No","No","No",0,0,0,111
"Q221","Q","Farm Playground","Small Park","Athletic Facilities,Comfort Stations,Playground","Queens Sector 8.9","Districts 8, 9",3.76,3.76,33,20,7,12,634,409,165,256,5.7,5.8,5.6,5.5,"Yes","Yes","No","No",3187,441,324,709
"Q410","Q","Hinton Park","Small Park","Athletic Facilities","Queens Sector 3.4","Districts 3, 4",3.74,3.74,45,42,42,42,956,848,865,857,6.3,6.5,6.6,5.7,"Yes","Yes","Yes","Yes",306,1374,1537,813
"Q369","Q","Louis Pasteur Park","Small Park","Athletic Facilities,Comfort Stations,Playground","Queens Sector 11.13","Districts 11, 13",3.67,3.67,2,5,5,2,44,112,99,56,5.2,5.8,6.3,6.3,"No","No","No","No",524,1302,175,3476
"Q219","Q","Rockaway Freeway","Large Park",NA,"Queens Sector 14","District 14",3.6617,9.4,33,36,16,20,668,755,320,402,6.3,6.6,6.8,6.3,"No","No","No","No",48,127,618,90
"Q215","Q","Whitey Ford Field","Small Park","Athletic Facility","Queens Sector 1.2","Districts 1, 2",3.62,3.62,7,4,4,3,143,86,77,74,6.2,4.4,3.5,4.4,"No","No","No","No",946,788,518,814
"Q329","Q","Pomonok Playground","Small Park","Athletic Facilities,Comfort Stations,Playground","Queens Sector 8.9","Districts 8, 9",3.6,3.6,25,14,11,20,543,307,236,431,6,5.8,5.9,5.6,"Yes","Yes","No","No",765,443,251,587
"R072","R","Clawson Playground","Small Park","Athletic Facilities","Staten Island Sector 3","District 3",3.59,3.59,10,8,9,9,204,189,207,207,6.8,6.9,6.8,6.2,"No","No","No","No",573,103,63,586
"X088B","X","Clason Point Park",NA,"Natural Areas","Bronx Sector 9.10","Districts 9, 10",3.5866,14.87,13,12,11,12,291,272,267,271,5.2,5,5,5.1,"No","No","No","No",NA,NA,NA,NA
"B002","B","Amersfort Park","Small Park",NA,"Brooklyn Sector 17.18","Districts 17, 18",3.56,3.56,20,23,17,24,405,493,364,503,4.6,5.2,5.5,4.2,"No","No","No","Yes",98,421,777,263
"B218","B","Paerdegat Park","Small Park","Athletic Facilities,Comfort Stations","Brooklyn Sector 17.18","Districts 17, 18",3.56,3.56,39,26,24,39,817,554,516,822,6.6,6.2,5.5,6.2,"Yes","Yes","Yes","Yes",911,1378,421,4685
"X152","X","Vinmont Veteran Park","Small Park","Athletic Facility,Comfort Stations,Playground","Bronx Sector 7.8","Districts 7, 8",3.5,3.5,11,7,8,11,218,140,170,215,5,4.5,5.4,4.8,"No","No","No","No",2590,1243,687,1570
"B244","B","McDonald Playground","Small Park","Athletic Facilities,Comfort Stations,Playground","Brooklyn Sector 11.15","Districts 11, 15",3.49,3.49,38,37,26,41,725,717,530,875,6.4,7,7,6.5,"Yes","Yes","No","Yes",2665,941,716,970
"R073","R","Naples Playground","Small Park","Athletic Facilities,Playground","Staten Island Sector 2.2B","Districts 2, 2B",3.47,3.47,7,7,6,9,145,132,124,178,6.6,6.4,6.7,6.4,"No","No","No","No",811,1174,193,894
"Q017","Q","The Olde Towne of Flushing Burial Ground","Small Park","Playground","Queens Sector 7","District 7",3.47,3.47,7,12,8,3,149,277,177,73,5.4,5.8,5.2,5.1,"Yes","Yes","No","No",0,1502,495,1641
"BT14","B","Shore Boulevard Mall","Small Park",NA,"Brooklyn Sector 11.15","Districts 11, 15",3.46,3.46,15,22,17,14,381,471,372,296,6.5,7,7,6.4,"No","No","No","No",240,748,1021,62
"R101","R","Wegener Park","Small Park","Natural Areas","Staten Island Sector 3","District 3",3.46,3.46,1,1,1,1,12,24,25,23,1.9,3.4,2.6,2.8,"No","No","No","No",NA,NA,NA,NA
"B051","B","Kelly Park Playground","Small Park","Athletic Facilities,Comfort Stations,Playground","Brooklyn Sector 11.15","Districts 11, 15",3.45,3.45,10,7,7,15,212,159,163,322,6.8,6.6,6.4,6.4,"No","No","No","No",912,132,0,560
"M108Q1","M","Andrew Haswell Green Park","Small Park",NA,"Manhattan Sector 6.8.15","Districts 6, 8, 15",3.4032,1.98,30,37,31,57,592,781,659,1174,4.9,6.8,7,6.6,"No","No","No","Yes",103,412,917,817
"X251","X","Co-op City Field","Small Park","Athletic Facilities","Bronx Sector 9.10","Districts 9, 10",3.4,3.4,2,3,3,1,47,55,57,31,6.2,4,3.7,3.1,"No","No","No","No",278,447,289,447
"B275","B","Grady Playground","Small Park","Athletic Facilities,Comfort Stations,Playground","Brooklyn Sector 13","District 13",3.4,3.4,12,9,7,9,264,211,160,199,5.4,5.3,4.8,4.9,"No","No","No","No",978,276,1113,471
"Q134","Q","Jack Breininger Park","Small Park","Athletic Facilities,Comfort Stations,Playground","Queens Sector 11.13","Districts 11, 13",3.4,3.4,67,65,65,61,1284,1222,1235,1160,6.6,6.9,6.8,6.6,"Yes","Yes","Yes","Yes",1366,191,309,2293
"B130","B","Greenwood Playground","Small Park","Athletic Facilities,Comfort Stations,Playground","Brooklyn Sector 6.7","Districts 6, 7",3.39,3.39,29,22,19,26,605,452,405,559,6.5,6.6,6.8,6.4,"Yes","Yes","Yes","Yes",1158,251,422,681
"B225","B","St. Andrew's Playground","Small Park","Athletic Facilities,Comfort Stations,Playground","Brooklyn Sector 3.4","Districts 3, 4",3.38,3.38,59,32,27,64,1167,622,585,1290,6.5,6.3,6.5,6.3,"Yes","Yes","No","Yes",1456,1846,1293,1175
"M082","M","Seward Park","Small Park","Athletic Facilities,Comfort Stations,Playground","Manhattan Sector 3","District 3",3.36,3.36,25,25,16,14,559,498,344,300,6.4,6.4,6,5.4,"Yes","Yes","No","No",3758,5372,8007,8908
"X166","X","Behagen Playground","Small Park","Athletic Facilities,Comfort Stations,Playground","Bronx Sector 3.6","Districts 3, 6",3.35,3.35,19,44,21,58,364,876,435,1166,4.7,6.2,5.9,5.9,"No","No","No","No",1907,5040,1168,2891
"X260","X","Julio Carballo Fields","Small Park","Athletic Facilities,Playground","Bronx Sector 1.2","Districts 1, 2",3.35,3.35,11,12,8,18,202,238,171,360,4.2,5.2,5,5.3,"Yes","Yes","No","Yes",1251,407,1335,750
"R026","R","Gerard P. Dugan Playground","Small Park","Athletic Facilities,Comfort Stations,Playground","Staten Island Sector 3","District 3",3.33,3.33,67,66,49,52,1413,1378,1082,1114,6.6,7,6.8,6.5,"Yes","Yes","Yes","Yes",3956,1628,802,1340
"Q302","Q","Evergreen Park","Small Park","Athletic Facilities,Comfort Stations,Playground","Queens Sector 5.6","Districts 5, 6",3.32,3.32,41,41,20,23,793,778,401,445,6.4,6.2,6.7,5.8,"Yes","Yes","No","No",768,1194,503,1428
"M045","M","John Jay Park","Small Park","Athletic Facilities,Comfort Stations,Playground","Manhattan Sector 6.8.15","Districts 6, 8, 15",3.31,3.31,120,106,117,115,2360,1988,2344,2235,6.5,6.6,6.3,5.8,"Yes","Yes","Yes","Yes",6552,1946,2204,30668
"X051","X","University Woods","Small Park",NA,"Bronx Sector 4.5","Districts 4, 5",3.31,3.31,8,9,5,4,169,205,115,97,3.5,2.9,2.2,2.8,"No","No","No","No",100,0,16,0
"X124","X","Watson Gleason Playground","Small Park","Athletic Facilities,Comfort Stations,Playground","Bronx Sector 9.10","Districts 9, 10",3.3,3.3,69,49,51,67,1285,915,1022,1280,4.9,5.2,5.2,5.1,"Yes","Yes","Yes","Yes",1888,1779,468,1418
"R110","R","Tottenville Pool","Small Park","Playground","Staten Island Sector 3","District 3",3.26,3.26,5,8,6,5,100,176,137,115,5.9,6.4,6.4,5.7,"No","No","No","No",10939,147,881,18753
"Q095","Q","Vito Locascio Field","Small Park","Athletic Facilities,Comfort Stations","Queens Sector 10.12","Districts 10, 12",3.26,3.26,3,17,18,18,65,322,328,328,4.4,5.2,5.1,5.3,"No","Yes","Yes","Yes",143,405,57,1351
"B219","B","Callahan-Kelly Playground","Small Park","Athletic Facilities,Playground","Brooklyn Sector 5.16","Districts 5, 16",3.25,3.25,22,34,28,26,457,741,600,558,4.3,4,4.8,4.2,"No","No","No","No",873,1183,68,1334
"Q336","Q","Judge Moses Weinstein Playground","Small Park","Athletic Facilities,Comfort Stations,Playground","Queens Sector 8.9","Districts 8, 9",3.25,3.25,18,10,8,15,378,236,183,305,5.9,5.2,6,5.7,"Yes","No","No","No",159,598,2027,1274
"M015","M","Columbus Park","Small Park","Athletic Facilities,Comfort Stations,Playground","Manhattan Sector 1.2","Districts 1, 2",3.23,3.23,127,110,68,197,2532,2281,1383,4006,6.2,6.4,6.3,6.5,"Yes","Yes","Yes","Yes",2714,2066,3001,1086
"R089","R","Greencroft Playground","Small Park","Athletic Facilities,Comfort Stations,Playground","Staten Island Sector 3","District 3",3.23,3.23,70,74,62,74,1499,1592,1360,1603,6.6,7,6.8,6.4,"Yes","Yes","Yes","Yes",671,1465,2281,935
"B109","B","Bill Brown Playground","Small Park","Athletic Facilities,Comfort Stations,Playground","Brooklyn Sector 11.15","Districts 11, 15",3.21,3.21,103,39,31,82,1937,775,671,1665,6.6,7,6.9,6.6,"Yes","Yes","No","Yes",1560,3603,2839,528
"X123","X","Noble Playground","Small Park","Athletic Facilities,Comfort Stations,Playground","Bronx Sector 9.10","Districts 9, 10",3.21,3.21,57,47,51,54,1072,873,1012,1045,5.1,5.2,5.1,4.9,"Yes","Yes","Yes","Yes",2051,476,70,716
"B106A","B","Police Officer John G. Scarangella Park","Small Park","Athletic Facilities,Playground","Brooklyn Sector 13","District 13",3.21,3.21,17,6,9,12,349,126,204,243,5.8,4.7,4.3,4.5,"No","No","No","No",328,2147,745,797
"B079","B","Saratoga Park","Small Park","Comfort Stations,Playground","Brooklyn Sector 3.4","Districts 3, 4",3.21,3.21,74,71,104,97,1408,1424,2156,2011,6.5,6.5,6.8,6.4,"Yes","Yes","Yes","Yes",737,757,1034,601
"R043","R","Lyons Pool","Small Center",NA,"Staten Island Sector 1","District 1",3.2,3.2,2,1,1,1,46,23,19,16,4.5,3.2,3.7,2.7,"No","No","No","No",19776,4418,7138,60521
"B217","B","Marcy Playground","Small Park","Athletic Facilities,Playground","Brooklyn Sector 3.4","Districts 3, 4",3.2,3.2,49,32,30,46,1003,687,618,930,6.4,6.7,6.9,6.3,"Yes","Yes","Yes","Yes",539,205,552,435
"B432","B","American Veterans Memorial Pier","Small Park",NA,"Brooklyn Sector 10.12","Districts 10, 12",3.17,3.17,10,8,5,6,209,177,106,141,5.9,6.2,6.2,5.4,"No","No","No","No",433,303,436,12
"B536","B","North 5th Street Pier and Park","Small Park",NA,"Brooklyn Sector 1","District 1",3.08,3.08,32,21,205,85,646,420,4107,1700,5.6,6.2,7,6.6,"Yes","Yes","Yes","Yes",62,144,1773,658
"Q026","Q","Park Of The Americas","Small Park","Athletic Facilities,Comfort Stations,Playground","Queens Sector 3.4","Districts 3, 4",3.08,3.08,56,56,35,53,1187,1139,717,1168,6.5,6.8,6.6,6.5,"Yes","Yes","Yes","Yes",2981,3812,1841,1173
"M216","M","Holcombe Rucker Park","Small Park","Athletic Facilities,Comfort Stations,Playground","Manhattan Sector 10.11","Districts 10, 11",3.05,3.05,68,33,27,41,1365,638,543,858,6.3,6.1,6,6,"Yes","Yes","Yes","Yes",3469,754,5956,1038
"Q345","Q","Redfern Playground","Small Park","Athletic Facilities,Comfort Stations,Playground","Queens Sector 14","District 14",3.04,3.04,110,62,67,44,2204,1219,1342,881,4.3,5.5,6.2,5.4,"Yes","Yes","Yes","Yes",1789,1181,2384,303
"B111","B","Washington Park","Small Park","Athletic Facilities,Comfort Stations,Playground","Brooklyn Sector 6.7","Districts 6, 7",3.03,3.03,49,40,33,39,1013,817,730,819,6.6,7,6.9,6.6,"Yes","Yes","Yes","Yes",14149,4770,2183,7099
"B270","B","Brownsville Playground","Small Park","Athletic Facilities,Playground","Brooklyn Sector 5.16","Districts 5, 16",3.02,3.02,17,12,15,16,357,262,320,319,4.9,3.8,4.5,3.8,"No","No","No","Yes",2670,44,435,389
"X020","X","Fort Independence Playground","Small Park","Athletic Facilities,Comfort Stations,Playground","Bronx Sector 7.8","Districts 7, 8",3.02,3.02,14,19,7,13,277,402,141,247,5.3,5,4.7,5.1,"No","Yes","No","No",1610,2877,1938,985
"R011","R","Hero Park","Small Park",NA,"Staten Island Sector 1","District 1",3.02,3.02,6,7,8,9,132,153,173,189,5.1,6,5.8,6,"No","No","No","No",0,155,89,67
"B250","B","Nostrand Playground","Small Park","Athletic Facilities,Comfort Stations,Playground","Brooklyn Sector 17.18","Districts 17, 18",3.02,3.02,67,38,31,53,1368,746,625,1072,6.5,6.1,5.7,5.9,"Yes","Yes","Yes","Yes",1491,1512,418,2109
"Q031","Q","Lawrence Virgilio Playground","Small Park","Athletic Facilities,Comfort Stations,Playground","Queens Sector 1.2","Districts 1, 2",3.01,3.01,44,42,34,10,858,814,673,214,6.1,6.5,6.7,5.7,"Yes","Yes","Yes","No",7365,4086,3244,17741
"R068","R","The Big Park","Small Park","Athletic Facilities,Comfort Stations,Playground","Staten Island Sector 1","District 1",3.01,3.01,14,11,13,16,281,227,266,335,6.1,6.6,6.8,6.4,"No","No","No","No",139,275,1370,1049
"B223NA","B","Classon Playground","Small Park","Athletic Facilities","Brooklyn Sector 1","District 1",2.98,2.98,6,3,2,5,124,60,45,101,6.3,5.8,5.8,6.1,"No","No","No","No",56,22,45,461
"B324","B","Jacob Joffe Fields","Small Park","Athletic Facilities,Playground","Brooklyn Sector 17.18","Districts 17, 18",2.98,2.98,19,22,19,21,399,450,402,442,4.6,5.1,5.5,4.7,"No","No","No","No",315,443,602,407
"Q294","Q","Utopia Playground","Small Park","Athletic Facilities,Playground","Queens Sector 8.9","Districts 8, 9",2.98,2.98,12,13,10,11,267,287,229,247,5.4,5.6,5.8,6.1,"No","No","No","No",320,316,0,64
"B164","B","Bath Beach Park","Small Park","Athletic Facilities,Comfort Stations,Playground","Brooklyn Sector 11.15","Districts 11, 15",2.96,2.96,22,16,16,19,502,361,360,422,6.4,6.9,6.8,6.4,"No","No","No","No",1424,825,0,818
"Q310","Q","Glen Oaks Oval","Small Park","Athletic Facilities,Playground","Queens Sector 11.13","Districts 11, 13",2.95,2.95,8,8,7,6,172,161,159,137,5.1,4.9,5.1,5.5,"No","No","No","No",0,97,0,908
"Q307","Q","Delphin H. Greene Playground","Small Park","Athletic Facilities,Comfort Stations,Playground","Queens Sector 11.13","Districts 11, 13",2.94,2.94,25,8,14,11,483,166,301,225,5.5,4.8,5.4,5.6,"No","No","No","No",1484,52,494,733
"Q096E","Q","Lefferts Playground","Small Park","Athletic Facilities,Playground","Queens Sector 10.12","Districts 10, 12",2.94,2.94,5,7,5,7,104,140,107,147,4.7,4.9,5.2,5.4,"No","No","No","No",184,628,123,866
"B169B","B","Poseidon Playground","Small Park","Athletic Facilities,Playground","Brooklyn Sector 13","District 13",2.94,2.94,20,3,3,22,397,72,61,424,6,5.2,4.3,5.9,"Yes","No","No","Yes",612,11652,79,762
"B380","B","Robert E. Venable Park","Small Park","Athletic Facilities,Comfort Stations,Playground","Brooklyn Sector 5.16","Districts 5, 16",2.94,2.94,32,38,41,38,657,781,822,781,5.4,6.4,6.7,5.8,"Yes","Yes","Yes","Yes",412,1096,1113,2295
"B113E","B","Walt Whitman Park","Small Park",NA,"Brooklyn Sector 2","District 2",2.91,2.91,18,16,14,21,388,337,323,469,6.4,6.9,7,6.5,"No","No","No","No",0,61,415,170
"R029","R","Westerleigh Park","Small Park",NA,"Staten Island Sector 1","District 1",2.89,2.89,8,10,17,9,162,210,359,189,5.6,6.5,6.4,5.8,"No","No","No","No",89,0,1341,1412
"B113D","B","Lot","Small Park",NA,"Brooklyn Sector 2","District 2",2.88,2.88,3,2,2,2,56,49,39,42,5.9,6,6.2,5.8,"No","No","No","No",0,489,0,0
"Q351","Q","Peters Field","Small Park","Athletic Facilities,Comfort Stations,Playground","Queens Sector 10.12","Districts 10, 12",2.87,2.87,8,32,35,32,151,599,665,612,5.1,6.3,6.8,6.1,"No","Yes","Yes","Yes",89,2008,3775,1814
"Q360N","Q","Hoffman Park","Small Park","Athletic Facilities,Comfort Stations,Playground","Queens Sector 3.4","Districts 3, 4",2.86,2.86,34,36,41,37,742,774,878,902,6.5,6.8,6.8,6.4,"Yes","Yes","Yes","Yes",532,585,267,847
"R076","R","Markham Playground","Small Park","Athletic Facilities,Comfort Stations,Playground","Staten Island Sector 1","District 1",2.84,2.84,59,13,13,13,1134,253,266,263,6.5,6.6,6.8,5.3,"Yes","No","No","No",2391,2925,2876,2791
"B163","B","Sperandeo Brothers Playground","Small Park","Athletic Facilities,Comfort Stations,Playground","Brooklyn Sector 5.16","Districts 5, 16",2.8,2.8,68,56,82,81,1268,1104,1608,1612,5.5,5.8,6.7,6.1,"Yes","Yes","Yes","Yes",324,2767,4235,11333
"B017","B","Bushwick Playground","Small Park","Athletic Facilities,Comfort Stations,Playground","Brooklyn Sector 3.4","Districts 3, 4",2.78,2.78,92,79,79,77,1752,1509,1579,1544,6.5,6.8,6.7,6,"Yes","Yes","Yes","Yes",782,1292,1717,3523
"Q085","Q","Gorman Playground","Small Park","Athletic Facilities,Comfort Stations,Playground","Queens Sector 3.4","Districts 3, 4",2.76,2.76,29,30,32,28,627,647,693,607,6.5,7,6.9,6.1,"No","No","No","No",842,679,2212,2053
"B049","B","Irving Square Park","Small Park","Playground","Brooklyn Sector 3.4","Districts 3, 4",2.76,2.76,13,11,13,17,296,244,306,393,6.3,6.6,6.4,6.3,"No","No","No","No",298,100,198,640
"Q333","Q","Ravenswood Playground","Small Park","Athletic Facilities,Playground","Queens Sector 1.2","Districts 1, 2",2.76,2.76,25,54,40,42,520,1186,857,894,5.6,6.2,6.5,5.8,"No","Yes","Yes","Yes",919,358,831,1348
"M076","M","St. Vartan Park","Small Park","Athletic Facilities,Comfort Stations,Playground","Manhattan Sector 6.8.15","Districts 6, 8, 15",2.76,2.76,57,70,47,49,1165,1389,967,1082,6.4,7,6.8,6.3,"No","No","No","No",500,14649,28668,7831
"B395","B","Green Central Knoll","Small Park","Athletic Facility,Comfort Stations,Playground","Brooklyn Sector 3.4","Districts 3, 4",2.74,2.74,31,37,36,44,671,815,800,961,6.1,6.6,6.8,6.2,"Yes","Yes","Yes","Yes",1292,630,289,926
"B078","B","Grace Playground","Small Park","Athletic Facilities,Playground","Brooklyn Sector 5.16","Districts 5, 16",2.73,2.73,15,15,15,25,304,325,319,524,4.6,3.8,4.8,5.4,"No","No","No","No",47,660,326,590
"Q358","Q","Detective William T. Gunn Playground","Small Park","Athletic Facilities,Comfort Stations,Playground","Queens Sector 11.13","Districts 11, 13",2.72,2.72,31,29,7,8,670,560,143,171,5.9,5.8,5,5.6,"No","Yes","No","No",2643,819,160,1764
"Q387A","Q","Bayside Fields","Small Park","Athletic Facility,Comfort Stations","Queens Sector 11.13","Districts 11, 13",2.69,2.69,3,2,3,4,64,58,66,101,5.3,5.9,6.3,4.9,"No","No","No","No",633,348,275,208
"B330","B","Hickman Playground","Small Park","Athletic Facilities,Playground","Brooklyn Sector 17.18","Districts 17, 18",2.66,2.66,14,18,14,15,286,377,295,317,4.6,5.1,5.3,4.8,"No","No","No","No",190,624,0,275
"X193","X","Stars & Stripes Playground","Small Park","Athletic Facilities,Comfort Stations,Natural Areas,Playground,Trails","Bronx Sector 11.12.14","Districts 11, 12, 14",2.65,2.65,17,12,10,18,351,258,224,366,6.2,6.7,6.8,5.9,"No","No","No","No",711,2747,1404,4077
"M399","M","Bella Abzug Park","Small Park","Comfort Stations","Manhattan Sector 4.5","Districts 4, 5",2.63,2.63,NA,1,1,1,NA,31,28,26,NA,1.2,1.5,1.4,NA,"No","No","No",12,0,0,620
"X151","X","P.O. Serrano Playground","Small Park","Athletic Facilities,Comfort Stations,Playground","Bronx Sector 9.10","Districts 9, 10",2.62,2.62,49,36,29,43,916,676,581,845,4.9,5.1,5,5.1,"Yes","Yes","Yes","Yes",1292,844,1752,1178
"M019","M","Coleman Playground","Small Park","Athletic Facilities,Comfort Stations,Playground","Manhattan Sector 3","District 3",2.61,2.61,15,11,10,12,291,215,207,248,6.3,6.6,6,5.4,"Yes","Yes","Yes","Yes",1355,1698,5626,832
"Q022","Q","Margaret I. Carman Green - Weeping Beech","Small Park","Athletic Facilities,Comfort Stations,Playground","Queens Sector 7","District 7",2.6,2.6,11,21,16,14,294,569,442,263,4.9,5.4,5.5,5.1,"No","Yes","No","No",1817,2233,1725,2736
"X186","X","Riverdale Playground","Small Park","Athletic Facilities","Bronx Sector 7.8","Districts 7, 8",2.58,2.58,5,6,7,8,102,138,152,172,5.1,4.8,5,4.1,"No","No","No","No",2547,1498,173,1332
"Q364","Q","Marie Curie Playground","Small Park","Athletic Facilities,Comfort Stations,Playground","Queens Sector 11.13","Districts 11, 13",2.55,2.55,7,2,1,9,142,45,37,216,5.3,6,6.3,5.9,"No","No","No","No",3191,1515,589,9675
"Q082","Q","Wayanda Park","Small Park","Athletic Facilities,Comfort Stations,Playground","Queens Sector 11.13","Districts 11, 13",2.55,2.55,27,25,43,61,535,485,827,1156,5.8,5.3,6.2,6.4,"No","No","Yes","Yes",570,479,2217,2761
"X165","X","Edenwald Playground","Small Park","Athletic Facilities,Comfort Stations,Playground","Bronx Sector 11.12.14","Districts 11, 12, 14",2.54,2.54,18,10,8,17,310,218,183,360,6.2,6.4,6.6,6.2,"No","No","No","No",1047,766,527,7169
"B145","B","Thomas Greene Playground","Small Park","Athletic Facilities,Playground","Brooklyn Sector 6.7","Districts 6, 7",2.53,2.53,18,16,11,13,390,333,240,292,7,7,6.8,6.4,"No","No","No","No",4852,2037,1245,6441
"X187","X","Givan Square","Small Park","Athletic Facilities,Comfort Stations,Playground","Bronx Sector 11.12.14","Districts 11, 12, 14",2.5266,1.82,14,12,15,22,291,264,321,434,6.4,6.6,6.9,6.2,"No","No","No","Yes",1167,724,1405,1526
"Q141","Q","Murray Playground","Small Park","Athletic Facilities,Comfort Stations,Playground","Queens Sector 1.2","Districts 1, 2",2.52,2.52,66,39,39,4,1313,752,752,75,6.6,6.5,6.5,5.8,"Yes","Yes","Yes","No",2768,2326,5211,408
"X252","X","Bathgate Playground","Small Park","Athletic Facility,Playground","Bronx Sector 3.6","Districts 3, 6",2.5,2.5,17,18,15,19,339,384,321,406,5.1,5.8,6.2,5.4,"No","No","No","No",363,327,275,838
"Q205A","Q","Big Bush Playground","Small Park","Athletic Facilities,Comfort Stations,Playground","Queens Sector 1.2","Districts 1, 2",2.5,2.5,22,11,13,3,421,219,257,66,6.4,6.3,6.7,5.8,"Yes","Yes","Yes","No",1429,2019,778,4412
"X015","X","Joseph Rodman Drake Park & Enslaved African Burial Ground","Small Park",NA,"Bronx Sector 1.2","Districts 1, 2",2.49,2.49,4,6,7,7,95,133,169,150,3.8,5.2,5.2,4.1,"No","No","No","No",0,107,0,79
"Q301","Q","Jamaica Playground","Small Park","Athletic Facilities,Playground","Queens Sector 10.12","Districts 10, 12",2.46,2.46,15,11,10,15,308,237,222,298,5.3,6.2,6.4,5.9,"No","No","No","No",225,378,43,12
"M164","M","Asser Levy Playground","Small Park","Athletic Facilities,Playground","Manhattan Sector 6.8.15","Districts 6, 8, 15",2.44,2.44,16,22,18,18,319,433,364,386,6.1,6.9,6.5,6.2,"No","No","No","No",14091,2118,2475,7810
"M231","M","Damrosch Park","Small Park","Comfort Stations","Manhattan Sector 7.9","Districts 7, 9",2.44,2.44,NA,NA,NA,NA,NA,NA,NA,NA,NA,NA,NA,NA,NA,NA,NA,NA,NA,NA,NA,NA
"B285","B","Harry Maze Playground","Small Park","Athletic Facilities,Comfort Stations,Playground","Brooklyn Sector 17.18","Districts 17, 18",2.43,2.43,35,34,19,47,669,655,417,962,6.6,5.7,5.5,5.9,"Yes","Yes","No","Yes",115,765,292,1066
"Q401","Q","Lost Battalion Hall Recreation Center","Small Park","Playground","Queens Sector 5.6","Districts 5, 6",2.41,2.41,5,6,3,8,117,128,73,156,3.3,2.5,1.8,1.7,"No","No","No","No",0,76,423,763
"Q218","Q","Dutch Kills Playground","Small Park","Athletic Facilities,Comfort Stations,Playground","Queens Sector 1.2","Districts 1, 2",2.4,2.4,58,40,60,49,1161,758,1225,959,6.3,5.8,6.2,5.9,"Yes","Yes","Yes","Yes",2567,1479,947,869
"B252","B","West Playground","Small Park","Athletic Facilities,Playground","Brooklyn Sector 13","District 13",2.39,2.39,21,15,11,13,436,331,248,285,5.4,4.9,4.5,4.7,"No","No","No","No",557,1213,622,352
"B166B","B","Homecrest Playground","Small Park","Athletic Facilities,Playground","Brooklyn Sector 11.15","Districts 11, 15",2.37,2.37,21,16,14,22,455,337,302,469,6.4,7,6.9,6.6,"No","No","No","No",82,601,1198,339
"X155","X","Patterson Playground","Small Park","Athletic Facilities,Playground","Bronx Sector 1.2","Districts 1, 2",2.37,2.37,15,20,11,21,311,413,241,427,5.2,5.6,5,5.6,"Yes","No","No","No",615,395,286,1327
"R035","R","De Matti Park","Small Park","Athletic Facilities,Comfort Stations,Playground","Staten Island Sector 1","District 1",2.34,2.34,12,11,11,16,248,231,239,341,6.5,6.9,6.9,6.5,"No","No","No","No",477,1007,512,590
"B269","B","Jesse Owens Playground","Small Park","Athletic Facilities,Comfort Stations,Playground","Brooklyn Sector 3.4","Districts 3, 4",2.33,2.33,29,26,22,32,551,547,469,646,6.4,5.8,6.4,6.1,"Yes","Yes","Yes","Yes",2614,1385,811,8605
"Q299","Q","Overlook Park","Small Park","Natural Areas","Queens Sector 3.4","Districts 3, 4",2.33,2.33,9,12,12,11,188,260,265,229,5.4,5.5,6.2,5.8,"No","No","No","No",111,0,0,143
"X040","X","Poe Park","Small Park","Comfort Stations,Playground","Bronx Sector 7.8","Districts 7, 8",2.33,2.33,66,60,82,54,1262,1150,1608,1083,5,4.8,5.2,4.7,"Yes","Yes","Yes","Yes",2695,4327,1162,4154
"M165","M","Baruch Playground","Small Park","Athletic Facilities,Comfort Stations,Playground","Manhattan Sector 3","District 3",2.32,2.32,24,12,8,15,505,235,164,293,6.5,5.8,5.7,5.5,"Yes","Yes","No","Yes",1458,1053,641,1493
"B377","B","Floyd Patterson Ballfields","Small Park","Athletic Facilities","Brooklyn Sector 5.16","Districts 5, 16",2.3,2.3,20,20,40,52,382,396,817,1071,5.4,5.5,6.2,5.6,"Yes","Yes","Yes","Yes",567,132,191,444
"B291","B","Power Playground","Small Park","Athletic Facilities,Playground","Brooklyn Sector 17.18","Districts 17, 18",2.3,2.3,21,23,16,15,428,479,349,321,4.9,5.2,5.7,4.1,"No","No","No","Yes",1747,389,21,182
"B271","B","Railroad Playground","Small Park","Athletic Facilities,Comfort Stations,Playground","Brooklyn Sector 17.18","Districts 17, 18",2.3,2.3,63,36,31,55,1277,671,630,1129,6.6,6.3,5.5,5.5,"Yes","Yes","Yes","Yes",368,436,800,3288
"M108F","M","Triboro Plaza","Small Park",NA,"Manhattan Sector 10.11","Districts 10, 11",2.3,2.3,29,5,6,6,603,105,130,116,6.4,4.5,4.6,4.6,"No","No","No","No",248,266,116,121
"R053","R","Harris Brothers Park","Small Park","Athletic Facilities,Playground","Staten Island Sector 3","District 3",2.29,2.29,6,7,7,6,126,159,181,141,6.1,6.8,6.7,6.1,"No","No","No","No",0,0,0,204
"B056","B","Martin Luther King Jr. Playground","Small Park","Athletic Facilities,Comfort Stations,Playground","Brooklyn Sector 5.16","Districts 5, 16",2.29,2.29,37,53,45,47,699,979,866,935,5.8,5.2,5.8,5.6,"Yes","Yes","Yes","Yes",524,1042,1201,635
"B147","B","Monsignor Crawford Field","Small Park","Athletic Facilities","Brooklyn Sector 17.18","Districts 17, 18",2.29,2.29,9,14,11,11,191,292,247,236,4,4.8,4.8,2.6,"No","No","No","Yes",0,386,263,0
"B224","B","P.O. Reinaldo Salgado Playground","Small Park","Athletic Facilities,Comfort Stations,Playground","Brooklyn Sector 3.4","Districts 3, 4",2.29,2.29,53,40,43,49,1097,814,920,1053,6.3,6.1,6.3,6.4,"Yes","Yes","Yes","Yes",822,1307,1800,1959
"B337","B","Century Playground","Small Park","Athletic Facilities,Comfort Stations,Playground","Brooklyn Sector 13","District 13",2.28,2.28,69,42,38,42,1378,873,825,899,6.5,5.2,5.5,6,"Yes","Yes","Yes","Yes",79,713,573,478
"B248","B","Fox Playground","Small Park","Athletic Facilities,Comfort Stations,Playground","Brooklyn Sector 17.18","Districts 17, 18",2.27,2.27,33,40,36,45,688,825,733,931,6.6,6.1,6,5.6,"Yes","Yes","Yes","Yes",6621,3650,199,11404
"B153","B","South Pacific Playground","Small Park","Athletic Facilities,Playground","Brooklyn Sector 5.16","Districts 5, 16",2.26,2.26,21,15,18,19,437,330,390,406,3.9,3.5,4.8,3.7,"No","No","No","No",159,329,69,392
"Q320","Q","Vleigh Playground","Small Park","Athletic Facilities,Comfort Stations,Playground","Queens Sector 8.9","Districts 8, 9",2.24,2.24,41,21,7,17,778,413,165,350,6.1,5.7,5.7,5.4,"Yes","No","No","No",770,931,222,325
"Q119","Q","Frederick B. Judge Playground","Small Park","Athletic Facilities,Comfort Stations,Playground","Queens Sector 10.12","Districts 10, 12",2.22,2.22,11,11,8,30,236,219,182,555,5.2,5.2,5.5,5.6,"No","No","No","Yes",860,1226,824,1041
"R161","R","Laredo Avenue Parcel","Small Park","Natural Areas","Staten Island Sector 3","District 3",2.22,2.22,2,3,2,2,43,63,54,51,2.2,3.2,2.7,2.2,"No","No","No","No",NA,NA,NA,NA
"X108","X","Belmont Playground","Small Park","Athletic Facilities,Comfort Stations,Playground","Bronx Sector 3.6","Districts 3, 6",2.21,2.21,15,13,15,21,298,267,297,421,5.1,5.3,6,5.4,"No","No","No","Yes",5447,1794,287,1597
"R025","R","Mahoney Playground","Small Park","Athletic Facilities,Comfort Stations,Playground","Staten Island Sector 1","District 1",2.21,2.21,44,12,13,9,871,246,274,190,6.6,6.7,6.8,5.5,"Yes","No","No","No",1471,2523,2330,5302
"M095","M","Broadway Malls","Small Park",NA,"Manhattan Sector 7.9","Districts 7, 9",2.2041,2.2,56,61,53,53,1186,1294,1137,1120,6.1,6.9,6.9,6.4,"No","No","No","No",7,72,0,99
"B223I","B","Anchorage Plaza","Small Park",NA,"Brooklyn Sector 2","District 2",2.2,2.2,4,2,2,2,84,48,50,44,5.6,5.9,6.1,5.9,"No","No","No","No",NA,NA,NA,NA
"Q014","Q","Astoria Heights Playground","Small Park","Athletic Facilities,Comfort Stations,Playground","Queens Sector 1.2","Districts 1, 2",2.2,2.2,56,43,36,47,1153,926,746,913,6.5,6.2,6.1,5.8,"Yes","Yes","Yes","Yes",1145,805,1428,2123
"Q066F","Q","Hoyt Playground","Small Park","Athletic Facilities,Playground","Queens Sector 1.2","Districts 1, 2",2.2,2.2,13,15,14,13,270,324,305,296,6.1,6.8,6.9,6.1,"No","No","No","No",140,1567,663,1110
"X163","X","Loreto Playground","Small Park","Athletic Facilities,Comfort Stations,Playground","Bronx Sector 11.12.14","Districts 11, 12, 14",2.18,2.18,19,12,12,20,403,252,254,398,6.4,7,6.6,5.8,"No","No","No","No",3011,1661,1761,2122
"X262","X","Harding Park","Small Park","Athletic Facility,Playground","Bronx Sector 9.10","Districts 9, 10",2.16,2.16,13,12,11,12,291,271,267,267,5.1,5.1,5,5,"No","No","No","No",166,938,708,997
"M308","M","Washington Market Park","Small Park","Athletic Facilities,Comfort Stations,Playground","Manhattan Sector 1.2","Districts 1, 2",2.15,2.15,54,48,36,64,1102,1023,819,1408,6.6,6.7,6.9,6.4,"Yes","Yes","Yes","Yes",23672,14950,2868,1355
"X266","X","Vidalia Park","Small Park","Athletic Facilities,Comfort Stations,Playground","Bronx Sector 3.6","Districts 3, 6",2.14,2.14,31,9,14,15,518,184,277,303,4.8,5.1,5.5,5.6,"Yes","Yes","Yes","Yes",2139,1177,1125,808
"B193","B","Hamilton Metz Field","Small Park","Athletic Facilities,Comfort Stations,Playground","Brooklyn Sector 8.9","Districts 8, 9",2.11,2.11,29,16,23,17,568,339,483,361,5.9,5.3,6,5.6,"No","No","No","No",56,1667,534,824
"Q382","Q","Cardozo Playground","Small Park","Athletic Facilities,Playground","Queens Sector 14","District 14",2.1,2.1,20,18,9,14,397,388,191,283,4.6,5.7,5.8,5.2,"No","No","No","No",43,369,49,148
"Q386","Q","Centreville Playground","Small Park","Athletic Facilities,Playground","Queens Sector 10.12","Districts 10, 12",2.1,2.1,11,8,4,6,245,161,89,131,5.4,5.4,5.6,5.5,"No","No","No","No",313,470,364,324
"B239","B","Sheepshead Playground","Small Park","Athletic Facilities,Playground","Brooklyn Sector 11.15","Districts 11, 15",2.09,2.09,15,16,14,25,319,334,301,536,6.4,6.9,6.6,6.5,"No","No","No","No",530,1947,400,946
"X204","X","Story Playground","Small Park","Athletic Facilities,Comfort Stations,Playground","Bronx Sector 9.10","Districts 9, 10",2.08,2.08,49,35,30,42,907,646,593,829,4.9,5.1,5,5.1,"Yes","Yes","Yes","Yes",1882,430,920,1110
"Q388","Q","Linnaeus Park","Small Park","Athletic Facility","Queens Sector 11.13","Districts 11, 13",2.07,2.07,3,3,2,4,73,82,49,92,4.1,3.8,4.1,3,"No","No","No","No",410,208,0,494
"M087","M","Sakura Park","Small Park","Athletic Facility,Playground","Manhattan Sector 14","District 14",2.07,2.07,71,52,51,49,1263,976,955,844,5,5,5,4.7,"Yes","Yes","Yes","Yes",280,318,646,4439
"Q027","Q","Laurelton Parkway","Other","Athletic Facility,Comfort Stations,Playground","Queens Sector 11.13","Districts 11, 13",2.0644,59.61,27,10,12,13,533,218,261,276,5.5,4.8,5.7,5.5,"No","No","No","No",1431,221,145,2119
"Q327","Q","Castlewood Playground","Small Park","Athletic Facilities,Comfort Stations,Playground","Queens Sector 11.13","Districts 11, 13",2.06,2.06,81,64,66,60,1602,1205,1240,1124,6,6.8,6.9,6.4,"Yes","Yes","Yes","Yes",2113,520,461,13081
"R070","R","Clove's Tail","Small Park",NA,"Staten Island Sector 1","District 1",2.06,2.06,8,15,25,13,166,324,543,282,5.5,5.2,5.9,6.3,"No","No","No","No",NA,NA,NA,NA
"R123","R","Skyline Playground","Small Park","Athletic Facilities,Natural Areas,Playground","Staten Island Sector 1","District 1",2.06,2.06,19,12,11,16,385,246,247,333,6.5,6.8,6.5,6.2,"No","No","No","No",581,507,238,1415
"Q346","Q","Challenge Playground","Small Park","Athletic Facilities,Comfort Stations,Playground","Queens Sector 11.13","Districts 11, 13",2.04,2.04,2,2,1,3,49,45,33,76,5.2,5.7,6.2,6.4,"No","No","No","No",858,958,2124,1539
"Q106","Q","Daniel M. O'Connell Playground","Small Park","Athletic Facilities,Comfort Stations,Playground","Queens Sector 10.12","Districts 10, 12",2.04,2.04,44,35,28,28,826,652,544,526,6.1,6.5,6.8,5.7,"Yes","Yes","No","Yes",5113,1108,1901,2255
"Q340","Q","Torsney Playground","Small Park","Athletic Facilities,Comfort Stations,Playground","Queens Sector 1.2","Districts 1, 2",2.03,2.03,48,33,48,3,908,617,909,71,6.8,6.5,6.5,5.7,"Yes","Yes","Yes","No",2840,340,724,776
"Q330","Q","Locust Manor Playground","Small Park","Athletic Facilities,Comfort Stations,Playground","Queens Sector 10.12","Districts 10, 12",2,2,11,39,41,29,219,730,830,571,5.4,6.6,6.9,4.6,"No","Yes","Yes","Yes",598,1366,232,1650
"B038","B","Fulton Park","Small Park","Comfort Stations","Brooklyn Sector 3.4","Districts 3, 4",1.99,1.99,42,41,42,50,810,828,880,1016,6.6,6.5,6.3,6.1,"Yes","Yes","Yes","Yes",509,1213,589,533
"Q393H","Q","LaGuardia Landing Lights","Small Park",NA,"Queens Sector 3.4","Districts 3, 4",1.99,1.99,3,3,4,3,74,59,74,65,4.2,3.5,4.9,4.3,"No","No","No","No",0,22,0,0
"B061","B","McLaughlin Park","Small Park","Athletic Facilities,Comfort Stations,Playground","Brooklyn Sector 2","District 2",1.98,1.98,41,30,34,29,834,579,651,571,6.1,6.2,6.7,6.4,"Yes","Yes","Yes","Yes",2745,2336,4510,1821
"Q361","Q","Moore Homestead Playground","Small Park","Athletic Facilities,Comfort Stations,Playground","Queens Sector 3.4","Districts 3, 4",1.98,1.98,61,53,68,47,1330,1198,1459,1024,6.6,6.8,6.7,6.5,"Yes","Yes","Yes","Yes",2195,1586,755,1216
"B128","B","Colonel David Marcus Playground","Small Park","Athletic Facilities,Comfort Stations,Playground","Brooklyn Sector 10.12","Districts 10, 12",1.97,1.97,32,34,32,31,648,665,653,639,6.4,6.1,6.4,6.2,"Yes","Yes","Yes","Yes",835,708,181,79
"Q398","Q","Rosemary's Playground","Small Park","Athletic Facilities,Comfort Stations,Playground","Queens Sector 5.6","Districts 5, 6",1.97,1.97,29,29,31,22,572,556,584,434,6.2,6,6.8,5.5,"Yes","Yes","Yes","No",615,434,596,2038
"B263","B","Sumner Playground","Small Park","Athletic Facilities,Comfort Stations,Playground","Brooklyn Sector 3.4","Districts 3, 4",1.97,1.97,22,22,23,21,470,474,509,457,6.1,6.1,6.7,6.1,"Yes","Yes","Yes","Yes",1021,302,393,1198
"Q293","Q","Saul Weprin Playground","Small Park","Athletic Facilities,Comfort Stations,Playground","Queens Sector 11.13","Districts 11, 13",1.96,1.96,3,3,2,4,81,89,58,103,5.3,6,6.2,5.2,"No","No","No","No",1380,1234,374,11093
"M220","M","Frederick Douglass Playground","Small Park","Athletic Facilities,Comfort Stations,Playground","Manhattan Sector 7.9","Districts 7, 9",1.95,1.95,60,37,27,45,1112,719,557,871,6.5,6.7,7,6.5,"Yes","Yes","Yes","Yes",5023,2589,2188,3348
"X138","X","Playground One Thirty Four CXXXIV","Small Park","Athletic Facilities","Bronx Sector 1.2","Districts 1, 2",1.95,1.95,13,16,9,16,264,309,194,319,4.7,4.7,4.1,4,"No","No","No","No",28,90,49,417
"Q133A","Q","Hempstead Ballfield","Small Park","Athletic Facility","Queens Sector 11.13","Districts 11, 13",1.94,1.94,3,4,4,4,75,81,86,84,4.5,3.3,3.5,3.4,"No","No","No","No",0,0,42,0
"B223JC","B","Bridge Park 3","Small Park","Athletic Facilities","Brooklyn Sector 2","District 2",1.93,1.93,4,11,14,18,82,216,260,334,5.6,6.5,6.6,6.5,"No","No","Yes","Yes",0,111,93,0
"B382A","B","Roberto Clemente Ballfield","Small Park","Athletic Facility","Brooklyn Sector 1","District 1",1.93,1.93,6,6,5,9,131,129,108,187,6.4,6.2,6.3,6.4,"No","No","No","No",233,119,0,103
"R069","R","Terrace Playground","Small Park","Athletic Facilities,Comfort Stations,Playground","Staten Island Sector 1","District 1",1.92,1.92,83,23,10,13,1688,485,217,286,6.4,6.4,6.5,6.4,"Yes","No","No","No",780,730,227,360
"Q303","Q","Travers Park","Small Park","Athletic Facilities,Comfort Stations,Playground","Queens Sector 3.4","Districts 3, 4",1.92,1.92,46,38,41,43,976,738,835,870,6.4,6.5,6.2,6.1,"Yes","Yes","Yes","Yes",2529,1150,427,1291
"X121","X","Bufano Park","Small Park","Athletic Facilities,Comfort Stations,Playground","Bronx Sector 9.10","Districts 9, 10",1.9,1.9,50,39,29,32,923,787,634,617,5.9,6.1,6.1,5.4,"Yes","Yes","Yes","Yes",2624,3046,3097,1340
"B343","B","Osborn Playground","Small Park","Athletic Facilities,Comfort Stations,Playground","Brooklyn Sector 5.16","Districts 5, 16",1.9,1.9,18,15,23,11,370,334,523,240,4.4,3.8,4.9,3.2,"No","No","No","No",6,259,354,1000
"M031","M","Amelia Gorman Park","Small Park",NA,"Manhattan Sector 12.12A","Districts 12, 12A",1.89,1.89,27,17,11,12,559,375,240,246,6.5,6.6,6.5,6,"No","No","No","No",103,0,0,599
"Q394","Q","Conch Playground","Small Park","Athletic Facilities,Playground","Queens Sector 14","District 14",1.89,1.89,18,18,9,14,371,384,191,277,4.5,5.7,6,5,"No","No","No","No",108,363,0,519
"B235","B","Herman Dolgon Playground","Small Park","Athletic Facilities,Comfort Stations,Playground","Brooklyn Sector 11.15","Districts 11, 15",1.89,1.89,41,32,12,43,789,631,261,924,6.6,6.9,7,6.6,"Yes","No","No","Yes",245,741,1061,760
"X261","X","Kwame Ture Recreation Center","Small Park","Athletic Facilities","Bronx Sector 4.5","Districts 4, 5",1.88,1.88,3,2,6,7,82,51,136,155,2.3,2,4.3,3.8,"No","No","No","No",1647,427,408,1010
"B223JB","B","Susan Smith McKinney Steward Park","Small Park","Athletic Facility,Comfort Stations,Playground","Brooklyn Sector 2","District 2",1.88,1.88,36,28,14,21,687,544,276,405,6.1,6.5,6.8,6.6,"Yes","Yes","Yes","Yes",758,928,900,2239
"M030","M","Thomas Paine Park","Small Park",NA,"Manhattan Sector 1.2","Districts 1, 2",1.88,1.88,127,109,67,197,2550,2258,1363,4024,6.2,6.4,6.2,6.5,"Yes","Yes","Yes","Yes",231,23,4363,0
"X217","X","Willis Playground","Small Park","Athletic Facilities,Comfort Stations,Playground","Bronx Sector 1.2","Districts 1, 2",1.88,1.88,8,16,15,17,166,323,318,336,5.4,5.4,5.9,5.4,"No","No","No","No",126,608,1090,959
"B019","B","Carroll Park","Small Park","Athletic Facilities,Comfort Stations,Playground","Brooklyn Sector 6.7","Districts 6, 7",1.87,1.87,85,65,60,62,1707,1300,1255,1332,6.6,6.8,6.9,6.5,"Yes","Yes","Yes","Yes",99,3552,3885,1334
"X195A","X","Colgate Close","Small Park","Athletic Facilities,Playground","Bronx Sector 9.10","Districts 9, 10",1.87,1.87,11,8,10,11,219,171,226,218,5.1,5.2,5.3,5.1,"No","No","No","No",380,834,283,840
"X289","X","Mapes Park","Small Park","Athletic Facility","Bronx Sector 3.6","Districts 3, 6",1.87,1.87,21,11,15,14,343,229,304,280,5.1,5.5,5.7,5.1,"Yes","No","Yes","Yes",330,805,135,851
"Q128","Q","London Planetree Playground","Small Park","Athletic Facilities,Comfort Stations,Playground","Queens Sector 8.9","Districts 8, 9",1.84,1.84,36,22,16,11,712,432,316,217,5.5,7,6.9,5.1,"No","Yes","Yes","No",68,649,194,1644
"B419","B","Sutter Ballfields","Small Park","Athletic Facilities","Brooklyn Sector 5.16","Districts 5, 16",1.84,1.84,8,6,12,8,160,124,248,177,3.3,2.9,3.9,3.6,"No","No","No","No",52,88,0,79
"X153","X","Merriam Playground","Small Park","Athletic Facilities,Playgrounds","Bronx Sector 4.5","Districts 4, 5",1.8372,2.94,29,21,18,22,613,457,403,470,5.7,6,5.9,5.5,"No","No","No","No",2420,1498,1598,973
"B210H","B","Harold Ickes Playground","Small Park","Athletic Facilities","Brooklyn Sector 6.7","Districts 6, 7",1.82,1.82,9,6,7,8,191,133,155,172,6.2,5.5,6.2,6,"No","No","No","No",310,66,0,717
"X116","X","Rev J Polite Playground","Small Park","Athletic Facilities,Comfort Stations,Playground","Bronx Sector 1.2","Districts 1, 2",1.82,1.82,19,27,14,19,374,527,295,401,4.8,5.8,5.4,5.1,"Yes","Yes","No","Yes",1266,953,1139,1771
"B105","B","Taaffe Playground","Small Park","Athletic Facilities,Playground","Brooklyn Sector 3.4","Districts 3, 4",1.82,1.82,13,10,14,19,292,232,331,445,6.4,6.2,6.6,6.3,"No","No","No","No",738,291,5448,274
"B381","B","Thomas Boyland Park","Small Park","Athletic Facilities","Brooklyn Sector 3.4","Districts 3, 4",1.82,1.82,35,15,11,16,683,330,271,343,6.4,6.4,6.6,6.3,"Yes","No","No","No",0,375,78,158
"M009","M","Bennett Park","Small Park","Comfort Stations,Playground","Manhattan Sector 12.12A","Districts 12, 12A",1.8,1.8,45,18,40,38,879,359,790,744,6.2,6,5.2,5,"Yes","No","Yes","Yes",702,515,273,390
"X111","X","Cedar Playground","Small Park","Athletic Facilities,Comfort Stations,Playground","Bronx Sector 4.5","Districts 4, 5",1.8,1.8,9,8,12,17,187,179,262,339,5.2,3.5,4.5,4.6,"No","No","No","No",916,3110,172,814
"Q030","Q","Midland Malls","Small Park",NA,"Queens Sector 8.9","Districts 8, 9",1.8,1.8,3,5,4,4,53,115,90,80,3.7,3.4,3.5,3.4,"No","Yes","No","No",0,1106,24,12
"B216","B","Raymond Bush Playground","Small Park","Athletic Facilities,Comfort Stations,Playground","Brooklyn Sector 3.4","Districts 3, 4",1.8,1.8,70,43,42,62,1322,839,844,1204,6.4,6.1,6.5,6.3,"Yes","Yes","Yes","Yes",1071,2123,593,661
"X179","X","Al Quiñones Playground","Small Park","Athletic Facilities,Comfort Stations,Playground","Bronx Sector 1.2","Districts 1, 2",1.79,1.79,44,25,16,30,428,482,342,586,5.5,5.8,5.5,5.5,"Yes","Yes","No","Yes",2228,1973,535,5480
"X055","X","Brust Park","Small Park","Playground","Bronx Sector 7.8","Districts 7, 8",1.79,1.79,5,4,3,6,104,93,67,114,4.9,4.2,3.5,3.6,"No","No","No","No",1611,994,1786,1224
"B228","B","Dr. Green Playground","Small Park","Athletic Facilities,Comfort Stations,Playground","Brooklyn Sector 5.16","Districts 5, 16",1.79,1.79,35,46,83,75,712,934,1709,1536,6.1,5.8,6.5,5.4,"Yes","Yes","Yes","Yes",1182,44,2022,2414
"Q108","Q","Laurelton Playground","Small Park","Athletic Facilities,Playground","Queens Sector 11.13","Districts 11, 13",1.79,1.79,9,9,10,10,200,183,205,212,5.3,5.2,5.3,5.6,"No","No","No","No",680,198,250,369
"Q474","Q","Simeone Park","Small Park",NA,"Queens Sector 3.4","Districts 3, 4",1.78,1.78,13,12,13,13,282,253,274,296,6.4,6.4,6.4,6.1,"Yes","Yes","Yes","Yes",219,432,275,388
"R028","R","Tappen Park","Small Park",NA,"Staten Island Sector 1","District 1",1.78,1.78,14,12,8,9,300,246,164,186,6.5,6.8,6.8,6.5,"No","No","No","No",0,312,1070,2428
"B296","B","Luna Playground","Small Park","Athletic Facilities,Comfort Stations,Playground","Brooklyn Sector 13","District 13",1.76,1.76,9,6,3,6,200,133,65,120,5.6,5.2,4.7,5,"No","No","No","No",0,301,0,0
"B369","B","Steeplechase Park","Large Park",NA,"Brooklyn Sector 13","District 13",1.7584,10.01,7,3,2,6,146,57,49,131,6.2,5.5,5.6,6.1,"No","No","No","No",0,100,193,600
"M194","M","Alfred E. Smith Playground","Small Park","Athletic Facilities,Comfort Stations,Playground","Manhattan Sector 3","District 3",1.75,1.75,11,12,10,11,225,235,192,221,6.1,6.6,5.9,5.4,"Yes","Yes","Yes","Yes",1485,5731,47092,1736
"Q342","Q","Electric Playground","Small Park","Athletic Facilities,Comfort Stations,Playground","Queens Sector 8.9","Districts 8, 9",1.75,1.75,46,17,7,12,866,337,152,234,6.6,5.7,6.2,5.6,"Yes","No","No","No",374,75,305,145
"Q393C","Q","LaGuardia Landing Lights","Small Park",NA,"Queens Sector 3.4","Districts 3, 4",1.75,1.75,3,3,3,3,63,59,72,75,4.6,4.2,5.3,5.2,"No","No","No","No",0,197,0,0
"Q425","Q","Yellowstone Park","Small Park","Athletic Facility,Comfort Stations,Playground","Queens Sector 5.6","Districts 5, 6",1.75,1.75,56,55,81,64,1088,1078,1573,1302,5.9,6.5,6.7,6.1,"Yes","Yes","Yes","Yes",2664,3199,1273,210
"M289","M","East River Esplanade","Small Park",NA,"Manhattan Sector 6.8.15","Districts 6, 8, 15",1.74,1.74,26,34,21,42,511,714,451,866,4.9,6.8,7,6.6,"No","No","No","No",181,123,233,121
"Q450","Q","Corona Golf Playground","Small Park","Athletic Facilities,Comfort Stations,Playground","Queens Sector 3.4","Districts 3, 4",1.72,1.72,16,17,14,15,412,366,316,351,6.4,6.8,6.5,6.4,"Yes","Yes","Yes","Yes",610,677,989,639
"Q363","Q","Northern Playground","Small Park","Athletic Facilities,Comfort Stations,Playground","Queens Sector 3.4","Districts 3, 4",1.72,1.72,52,56,52,49,1098,1123,1067,1002,6.3,6.3,6.2,5.9,"Yes","Yes","Yes","Yes",1396,491,1497,3211
"B279","B","Wilson Playground","Small Park","Athletic Facilities,Playground","Brooklyn Sector 17.18","Districts 17, 18",1.72,1.72,13,16,14,12,274,320,292,256,4.8,5.6,5.2,4,"No","No","No","Yes",444,229,996,21
"B003","B","Bartel-Pritchard Square","Small Park","Trails","Brooklyn Sector 14.19","Districts 14, 19",1.71,1.71,38,32,33,43,727,634,673,855,6.5,6.8,7,6.6,"Yes","Yes","Yes","Yes",0,21,75,456
"X239","X","Castle Hill Little League Field","Small Park","Athletic Facilities","Bronx Sector 9.10","Districts 9, 10",1.71,1.71,11,10,7,6,218,199,152,130,4.9,5.1,4.8,4.6,"No","No","No","No",0,97,0,0
"Q031A","Q","Doughboy Park","Small Park",NA,"Queens Sector 1.2","Districts 1, 2",1.71,1.71,43,26,15,10,816,498,299,198,5.9,6.2,6.2,5.5,"Yes","Yes","No","No",358,979,780,451
"M004","M","Allen Street Malls","Small Park",NA,"Manhattan Sector 3","District 3",1.7,1.7,24,17,8,10,479,338,166,212,5,5.5,5.5,4.4,"Yes","Yes","Yes","Yes",165,539,170,440
"B401","B","Grand Ferry Park","Small Park",NA,"Brooklyn Sector 1","District 1",1.7,1.7,17,12,32,20,321,236,637,395,6.1,6.3,6.2,6.5,"Yes","Yes","Yes","Yes",0,103,0,264
"M229","M","Happy Warrior Playground","Small Park","Athletic Facilities,Comfort Stations,Playground","Manhattan Sector 7.9","Districts 7, 9",1.7,1.7,28,33,47,89,579,705,993,1897,7,6.4,7,6.6,"No","Yes","Yes","Yes",1117,1111,1926,870
"Q306","Q","The Painter's Playground","Small Park","Athletic Facilities,Comfort Stations,Playground","Queens Sector 5.6","Districts 5, 6",1.7,1.7,23,31,36,33,456,608,706,687,5.4,6,5.5,5.3,"Yes","Yes","Yes","Yes",2483,585,622,204
"M205","M","Playground One Twenty Five CXXV","Small Park","Athletic Facilities,Playground","Manhattan Sector 7.9","Districts 7, 9",1.69,1.69,20,20,17,18,409,422,350,386,5.4,6.5,6.5,6.4,"No","No","No","No",174,365,242,604
"B266","B","Star Spangled Playground","Small Park","Athletic Facilities,Comfort Stations,Playground","Brooklyn Sector 3.4","Districts 3, 4",1.69,1.69,11,8,10,17,244,173,248,371,6.4,6.2,6.6,6.2,"No","No","No","No",94,549,2579,1365
"R038","R","Midland Playground","Small Park","Athletic Facilities,Comfort Stations","Staten Island Sector 2.2B","Districts 2, 2B",1.68,1.68,42,21,24,34,820,418,481,684,6.4,5.2,5.5,5.9,"Yes","Yes","Yes","Yes",2070,272,4192,1397
"X081","X","Mount Eden Malls","Small Park",NA,"Bronx Sector 4.5","Districts 4, 5",1.68,1.68,12,12,12,11,257,266,270,243,3.3,3.5,3.3,3.2,"No","No","No","No",90,157,978,224
"B140","B","Banneker Playground","Small Park","Athletic Facilities,Comfort Stations,Playground","Brooklyn Sector 3.4","Districts 3, 4",1.67,1.67,55,48,48,54,1066,952,1008,1078,6.4,6.2,6.5,6.3,"Yes","Yes","Yes","Yes",804,884,694,549
"M038","M","James J Walker Park","Small Park","Athletic Facilities,Playground","Manhattan Sector 1.2","Districts 1, 2",1.67,1.67,22,13,7,35,437,278,144,716,5,5,5.3,5.8,"Yes","Yes","No","Yes",367,275,214,9779
"Q268","Q","Bell Malls","Small Park",NA,"Queens Sector 11.13","Districts 11, 13",1.65,1.65,3,1,1,2,73,30,32,63,3.8,3.2,3,2.9,"No","No","No","No",0,98,114,38
"X202","X","Marble Hill Playground","Small Park","Athletic Facilities,Comfort Stations,Playground","Bronx Sector 7.8","Districts 7, 8",1.65,1.65,24,11,7,16,455,223,163,328,5.4,5,4.5,5,"No","No","No","No",1677,800,1079,1192
"B396","B","Nehemiah Park","Small Park","Athletic Facilities,Playground","Brooklyn Sector 5.16","Districts 5, 16",1.65,1.65,24,27,33,53,458,541,676,1109,5.4,5.4,6.2,5.6,"Yes","Yes","Yes","Yes",423,399,42,223
"B146","B","Quaker Parrot Park at the Dust Bowl","Small Park","Athletic Facilities","Brooklyn Sector 10.12","Districts 10, 12",1.65,1.65,23,14,6,11,465,277,131,229,6.1,6.4,6.5,5.6,"No","No","No","No",38,561,2,1127
"Q343","Q","Whitestone Playground","Small Park","Athletic Facilities,Comfort Stations,Playground","Queens Sector 7","District 7",1.65,1.65,8,12,4,18,160,231,80,343,5.9,5.9,5.9,5.1,"No","No","No","No",337,678,277,2010
"Q360J","Q","Crowley Playground","Small Park","Athletic Facilities,Comfort Stations,Playground","Queens Sector 3.4","Districts 3, 4",1.63,1.63,24,18,20,22,598,390,431,468,6.5,6.8,6.8,6.4,"Yes","Yes","Yes","Yes",1020,2827,2065,1220
"B342","B","100% Playground","Small Park","Athletic Facilities,Comfort Stations,Playground","Brooklyn Sector 17.18","Districts 17, 18",1.62,1.62,42,34,27,62,791,653,539,1237,6.4,6.1,5.8,5.8,"Yes","Yes","Yes","Yes",282,129,1358,196
"X232","X","Burns Playground","Small Park","Athletic Facilities,Comfort Stations,Playground","Bronx Sector 11.12.14","Districts 11, 12, 14",1.62,1.62,12,6,5,10,234,120,118,192,6.4,7,6.5,5.4,"No","No","No","No",1135,1204,1225,1330
"B294","B","Jackie Robinson Park Playground","Small Park","Athletic Facilities,Comfort Stations,Playground","Brooklyn Sector 3.4","Districts 3, 4",1.61,1.61,39,64,56,67,790,1234,1118,1320,5.7,6.8,6.3,6.5,"Yes","Yes","Yes","Yes",1085,890,800,1665
"Q393D","Q","LaGuardia Landing Lights","Small Park",NA,"Queens Sector 3.4","Districts 3, 4",1.61,1.61,3,3,3,3,69,58,68,74,4.6,4.2,5,5.2,"No","No","No","No",NA,NA,NA,NA
"X172","X","Allerton Playground","Small Park","Athletic Facilities,Comfort Stations,Playground","Bronx Sector 11.12.14","Districts 11, 12, 14",1.6,1.6,8,4,6,15,166,97,135,301,6.5,7,6.5,6.2,"No","No","No","No",1488,190,1087,2096
"R097","R","Ida Court","Small Park","Playground","Staten Island Sector 3","District 3",1.6,1.6,6,7,7,6,122,155,169,145,6.3,6.9,6.6,5.9,"No","No","No","No",116,0,15,125
"R114","R","Jennifer's Playground","Small Park","Athletic Facility,Comfort Stations,Playground","Staten Island Sector 1","District 1",1.6,1.6,12,10,11,13,246,204,217,278,6.2,6.6,6.8,6.2,"No","No","No","No",485,1256,2700,1615
"B144","B","Ocean Hill Playground","Small Park","Athletic Facilities,Comfort Stations,Playground","Brooklyn Sector 5.16","Districts 5, 16",1.6,1.6,16,13,10,16,349,260,199,329,4.5,3.2,4.2,3.8,"Yes","Yes","No","No",286,83,42,383
"Q357B","Q","Real Good Playground","Small Park","Athletic Facilities,Comfort Stations,Playground","Queens Sector 5.6","Districts 5, 6",1.6,1.6,21,17,19,22,405,342,381,457,6.1,6,6.2,5.9,"Yes","Yes","Yes","Yes",1859,775,447,255
"M263","M","Bellevue South Park","Small Park","Athletic Facilities,Playground","Manhattan Sector 6.8.15","Districts 6, 8, 15",1.59,1.59,22,34,28,28,442,687,583,611,5.9,6.8,6.5,6.4,"No","No","No","No",783,331,349,1496
"M203C","M","Dag Hammarskjold Plaza","Small Park",NA,"Manhattan Sector 6.8.15","Districts 6, 8, 15",1.59,1.59,15,17,8,10,294,341,169,221,5.7,6.4,5.7,5.9,"Yes","No","No","No",129,1486,297,366
"X157","X","Mazzei Playground","Small Park","Athletic Facilities,Comfort Stations,Playground","Bronx Sector 11.12.14","Districts 11, 12, 14",1.59,1.59,12,6,8,12,238,126,173,234,6.3,7,6.8,5.7,"No","No","No","No",2711,1062,1903,2048
"B150","B","Kolbert Playground","Small Park","Athletic Facilities,Comfort Stations,Playground","Brooklyn Sector 14.19","Districts 14, 19",1.58,1.58,123,72,59,87,2346,1345,1169,1681,6.5,6.8,6.5,6.4,"Yes","Yes","Yes","Yes",1283,2008,717,46069
"M230","M","Poor Richard's Playground","Small Park","Athletic Facilities,Comfort Stations,Playground","Manhattan Sector 10.11","Districts 10, 11",1.58,1.58,65,53,46,58,1307,1037,930,1175,6.3,6.4,6.5,6,"Yes","Yes","Yes","Yes",2176,3104,104,2097
"X176","X","Taylor Playground","Small Park","Athletic Facilities,Comfort Stations,Playground","Bronx Sector 9.10","Districts 9, 10",1.58,1.58,66,47,48,48,1233,877,966,947,5.1,5.2,5.1,5,"Yes","Yes","Yes","Yes",1223,1678,423,616
"M283A","M","Battery Park City","Small Park",NA,"Manhattan Sector 1.2","Districts 1, 2",1.56,1.56,NA,NA,NA,NA,NA,NA,NA,NA,NA,NA,NA,NA,NA,NA,NA,NA,NA,NA,NA,NA
"B403","B","Harmony Park","Small Park",NA,"Brooklyn Sector 3.4","Districts 3, 4",1.56,1.56,20,20,21,23,384,412,440,466,5.6,6.1,5.9,5.9,"Yes","Yes","Yes","Yes",0,70,1322,19
"Q460","Q","Broad Channel Park","Small Park","Athletic Facilities,Playground","Queens Sector 14","District 14",1.55,1.55,14,19,8,9,285,402,158,177,4.7,6.2,6.5,5.4,"No","No","No","No",135,485,0,166
"Q390","Q","Clintonville Playground","Small Park","Athletic Facilities,Comfort Stations,Playground","Queens Sector 7","District 7",1.55,1.55,12,6,2,17,263,129,55,343,5.6,6,5.7,5.3,"No","No","No","No",537,2331,2060,608
"B178","B","Flatbush Malls","Small Park",NA,"Brooklyn Sector 14.19","Districts 14, 19",1.55,1.55,5,6,3,5,109,130,59,116,3.1,4.4,3.1,4.3,"No","No","No","No",NA,NA,NA,NA
"B237","B","John Hancock Playground","Small Park","Athletic Facilities,Playground","Brooklyn Sector 3.4","Districts 3, 4",1.55,1.55,11,10,11,16,242,220,265,371,6.4,6.1,6.5,6.2,"No","No","No","No",4610,88,945,237
"B111A","B","Washington Skate Park","Small Park","Athletic Facilities","Brooklyn Sector 6.7","Districts 6, 7",1.55,1.55,48,37,32,38,992,765,716,810,6.6,7,6.8,6.6,"Yes","Yes","Yes","Yes",160,469,0,432
"Q098","Q","Frank D. O'Connor Playground","Small Park","Athletic Facilities,Comfort Stations,Playground","Queens Sector 3.4","Districts 3, 4",1.54,1.54,31,34,25,26,649,711,542,560,6.6,6.9,6.7,6.5,"Yes","Yes","Yes","Yes",1336,1041,1289,381
"R063","R","Old Town Playground","Small Park","Comfort Stations,Playground","Staten Island Sector 2.2B","Districts 2, 2B",1.53,1.53,29,41,53,47,630,866,1128,992,6.6,6.4,6.7,6,"Yes","Yes","Yes","Yes",10108,3525,2261,5423
"Q423","Q","Reiff Playground","Small Park","Athletic Facilities,Comfort Stations,Playground","Queens Sector 5.6","Districts 5, 6",1.53,1.53,22,20,4,14,451,387,93,288,5.8,6.4,6.1,5.7,"Yes","No","No","No",990,394,612,954
"Q335","Q","Russell Sage Playground","Small Park","Athletic Facilities,Comfort Stations,Playground","Queens Sector 5.6","Districts 5, 6",1.53,1.53,32,30,52,47,621,591,1013,976,5.6,6.2,6.5,5.6,"Yes","Yes","Yes","Yes",771,707,488,852
"M226","M","Augustus St. Gaudens Playground","Small Park","Athletic Facilities,Comfort Stations,Playground","Manhattan Sector 6.8.15","Districts 6, 8, 15",1.52,1.52,80,68,77,103,1668,1357,1564,2092,6.4,6.9,6.9,6.3,"Yes","Yes","Yes","Yes",12088,2949,1738,2578
"R066","R","North Shore Esplanade","Small Park",NA,"Staten Island Sector 1","District 1",1.52,1.52,6,5,6,8,120,95,122,174,3.8,4.5,6.5,5.9,"No","No","No","No",63,333,0,135
"B210A","B","John Allen Payne Playground","Small Park","Athletic Facilities,Comfort Stations,Playground","Brooklyn Sector 6.7","Districts 6, 7",1.51,1.51,46,42,27,40,890,821,619,858,6.5,6.9,6.9,6.5,"Yes","Yes","No","Yes",598,410,4016,1391
"X171","X","Spuyten Duyvil Playground","Small Park","Athletic Facilities,Comfort Stations,Playground","Bronx Sector 7.8","Districts 7, 8",1.51,1.51,6,8,4,12,130,177,101,247,5.2,5.4,5,4.6,"No","No","No","No",1147,2104,1042,1481
"B215","B","Decatur Playground","Small Park","Athletic Facilities,Playground","Brooklyn Sector 3.4","Districts 3, 4",1.5,1.5,43,20,22,26,800,406,439,519,6.4,5.6,5.9,5.3,"Yes","Yes","Yes","Yes",99,241,43,166
"M270","M","Dry Dock Playground","Small Park","Athletic Facilities,Playground","Manhattan Sector 3","District 3",1.5,1.5,9,10,9,15,184,207,189,314,4.7,6.5,6.8,6.1,"No","Yes","No","No",5188,11719,7317,8264
"B243","B","Golconda Playground","Small Park","Athletic Facilities,Comfort Stations,Playground","Brooklyn Sector 2","District 2",1.5,1.5,40,27,17,23,758,515,330,447,6.2,6.7,6.8,6.4,"Yes","Yes","Yes","Yes",618,429,617,1060
"Q366","Q","Louis C. Moser Playground","Small Park","Athletic Facilities,Playground","Queens Sector 3.4","Districts 3, 4",1.5,1.5,6,5,6,6,132,111,126,121,4,3.7,4.2,4.2,"No","No","No","No",346,627,85,171
"Q220F","Q","Maple Grove Park","Small Park",NA,"Queens Sector 8.9","Districts 8, 9",1.5,1.5,4,4,3,4,81,83,66,83,3.8,4.8,4.2,4.4,"No","No","No","No",5,0,0,0
"B258","B","Brevoort Playground","Small Park","Athletic Facilities,Comfort Stations,Playground","Brooklyn Sector 3.4","Districts 3, 4",1.49,1.49,18,20,20,21,349,394,396,415,6.1,6.6,6.4,6.2,"Yes","Yes","Yes","Yes",3958,868,803,483
"B595","B","Greenpoint Landing","Small Park",NA,"Brooklyn Sector 1","District 1",1.49,1.49,0,NA,0,1,1,NA,2,25,1.3,NA,1,1,"No",NA,"No","No",237,79,0,44
"M187","M","Marx Brothers Playground","Small Park","Athletic Facilities","Manhattan Sector 10.11","Districts 10, 11",1.48,1.48,56,9,9,7,1140,186,193,142,6.4,5.2,5.5,5.3,"Yes","No","No","No",130,75,233,480
"Q377","Q","Playground Sixty Two LXII","Small Park","Athletic Facilities,Comfort Stations,Playground","Queens Sector 5.6","Districts 5, 6",1.48,1.48,15,15,22,23,290,287,438,493,5.5,6.1,6.5,5.9,"Yes","Yes","Yes","Yes",1464,1241,332,221
"Q317","Q","Tall Oak Playground","Small Park","Athletic Facilities,Comfort Stations,Playground","Queens Sector 11.13","Districts 11, 13",1.48,1.48,2,2,2,2,43,42,44,56,5.1,5.6,6.3,6.3,"No","No","No","No",264,200,545,1263
"Q347","Q","Colden Playground","Small Park","Athletic Facilities,Comfort Stations,Playground","Queens Sector 7","District 7",1.47,1.47,10,5,2,5,207,119,59,108,5,5.5,5.4,5.2,"No","No","No","No",588,480,99,3096
"Q360M","Q","Frontera Park","Small Park","Athletic Facilities,Comfort Stations,Playground","Queens Sector 5.6","Districts 5, 6",1.47,1.47,18,23,9,20,349,442,186,396,5.8,6.4,6.2,5.8,"No","No","No","No",584,375,152,667
"Q393A","Q","LaGuardia Landing Lights","Small Park","Athletic Facility","Queens Sector 3.4","Districts 3, 4",1.47,1.47,3,3,4,3,64,70,81,75,4.5,4.8,5.4,5.4,"No","No","No","No",112,213,34,103
"B157","B","Kelly Park Playground","Small Park","Athletic Facilities,Playground","Brooklyn Sector 11.15","Districts 11, 15",1.45,1.45,8,8,7,15,181,178,157,331,6.7,6.7,6.3,6.4,"No","No","No","No",0,215,0,577
"M065","M","Luther Gulick Park","Small Park","Athletic Facilities,Comfort Stations,Playground","Manhattan Sector 3","District 3",1.45,1.45,16,14,7,13,360,272,136,257,6.1,6.3,5.7,5.2,"Yes","No","No","Yes",1259,625,848,1538
"X041","X","Pulaski Park","Small Park","Athletic Facilities,Playground","Bronx Sector 1.2","Districts 1, 2",1.45,1.45,16,14,10,20,335,278,216,401,5.1,5.1,4.9,4.5,"No","No","No","No",94,465,94,443
"M108T","M","East River Walk","Small Park",NA,"Manhattan Sector 6.8.15","Districts 6, 8, 15",1.4442,3.09,26,30,18,40,512,613,374,829,4.8,6.8,7,6.6,"Yes","No","No","No",1470,378,354,325
"M200","M","Booker T. Washington Playground","Small Park","Athletic Facilities","Manhattan Sector 7.9","Districts 7, 9",1.44,1.44,30,26,20,21,628,559,426,457,6.4,6.8,6.9,6.3,"Yes","Yes","Yes","No",812,650,80,744
"X185","X","Dunbar Playground","Small Park","Athletic Facilities","Bronx Sector 3.6","Districts 3, 6",1.44,1.44,7,13,16,18,133,242,300,351,4.4,5.5,5.9,5.5,"No","Yes","Yes","Yes",30,191,202,1123
"Q334","Q","Playground Twenty One","Small Park","Athletic Facilities,Playground","Queens Sector 7","District 7",1.44,1.44,2,3,2,3,60,70,53,74,5.1,5.5,5.7,5.1,"No","No","No","No",23,526,0,831
"X148H1","X","Prospect Playground","Small Park","Athletic Facilities","Bronx Sector 3.6","Districts 3, 6",1.44,1.44,15,13,11,11,320,273,245,236,5.1,5.3,6.2,5.2,"No","No","No","No",112,178,56,833
"B364","B","Woods Playground","Small Park","Athletic Facilities,Comfort Stations,Playground","Brooklyn Sector 8.9","Districts 8, 9",1.44,1.44,51,35,64,27,955,654,1241,535,5.8,5.8,6.3,6.2,"Yes","Yes","Yes","No",767,353,745,551
"Q443","Q","Almeda Playground","Small Park","Athletic Facilities,Playground","Queens Sector 14","District 14",1.43,1.43,19,18,9,13,379,371,188,270,4.5,5.7,5.8,4.9,"No","No","No","No",129,0,38,198
"R126","R","Gaeta Park","Small Park",NA,"Staten Island Sector 1","District 1",1.43,1.43,5,6,6,5,109,112,113,107,4.6,5.9,5.3,4.7,"No","No","No","No",290,0,0,0
"B236","B","Glenwood Playground","Small Park","Athletic Facilities,Comfort Stations,Playground","Brooklyn Sector 17.18","Districts 17, 18",1.43,1.43,47,43,35,56,908,824,701,1137,6.5,6.3,5.3,5.5,"Yes","Yes","Yes","Yes",9385,2764,275,1757
"Q178","Q","Mall Forty Two XLII","Small Park",NA,"Queens Sector 11.13","Districts 11, 13",1.43,1.43,2,1,1,3,54,30,25,69,3.5,2.9,3,2.8,"No","No","No","No",152,109,0,274
"Q220B","Q","Norelli-Hargreaves Playground","Small Park","Athletic Facilities,Playground","Queens Sector 10.12","Districts 10, 12",1.43,1.43,12,13,9,11,245,253,182,222,5.4,6.2,5.8,5.1,"No","No","No","No",87,346,187,1210
"M190","M","Sheltering Arms Playground","Small Park","Athletic Facilities,Comfort Stations,Playground","Manhattan Sector 7.9","Districts 7, 9",1.43,1.43,12,20,18,16,247,426,389,343,5.3,6.4,6.5,6.4,"No","No","No","No",11034,1043,98050,81996
"B335","B","Bildersee Playground","Small Park","Athletic Facilities,Comfort Stations","Brooklyn Sector 17.18","Districts 17, 18",1.42,1.42,22,22,20,55,444,431,420,1115,4.7,5.4,5.2,6,"No","No","No","Yes",66,664,1151,2405
"Q207","Q","MacDonald Park","Small Park",NA,"Queens Sector 5.6","Districts 5, 6",1.42,1.42,31,24,15,28,629,490,316,599,5.9,5.7,5.2,5.1,"Yes","No","No","Yes",409,270,1174,95
"B322","B","Pulaski Playground","Small Park","Athletic Facilities,Playground","Brooklyn Sector 3.4","Districts 3, 4",1.42,1.42,37,33,42,39,691,643,848,780,6.5,6.3,6.5,6,"Yes","Yes","Yes","Yes",485,229,384,282
"X016","X","Owen F. Dolen Park","Small Park",NA,"Bronx Sector 9.10","Districts 9, 10",1.4,1.4,4,5,6,3,74,106,128,61,6.1,6,6,5.4,"No","No","No","No",8075,2448,4864,848
"B249","B","Van Dyke Playground","Small Park","Athletic Facilities,Playground","Brooklyn Sector 5.16","Districts 5, 16",1.4,1.4,35,13,16,19,733,288,345,408,4.9,3.8,4.7,3.1,"No","No","No","No",44730,457,897,480
"X095","X","Williamsbridge Square","Small Park",NA,"Bronx Sector 11.12.14","Districts 11, 12, 14",1.4,1.4,20,17,19,13,481,384,441,287,6.6,7,7,6.6,"No","No","No","No",3202,633,2153,2528
"B151","B","Dome Playground","Small Park","Athletic Facilities,Playground","Brooklyn Sector 10.12","Districts 10, 12",1.39,1.39,11,9,7,10,238,207,172,231,5.4,5.5,6,5.7,"No","No","No","No",615,126,369,126
"X103","X","People's Park","Small Park","Athletic Facilities,Comfort Stations,Playground","Bronx Sector 1.2","Districts 1, 2",1.39,1.39,8,12,13,12,171,235,273,230,5.1,5.2,4.7,4.7,"No","No","No","No",667,581,56,1329
"X219","X","Arcilla Playground","Small Park","Athletic Facilities,Comfort Stations,Playground","Bronx Sector 4.5","Districts 4, 5",1.38,1.38,18,12,12,13,380,254,256,280,5.7,5.5,5.2,4.4,"No","No","No","No",702,1024,815,1638
"B223A","B","Dimattina Playground","Small Park","Athletic Facility","Brooklyn Sector 6.7","Districts 6, 7",1.38,1.38,18,15,18,21,355,298,365,418,6.4,6,6.9,6.6,"Yes","Yes","Yes","Yes",0,461,567,817
"X233","X","Fountain Of Youth Playground","Small Park","Athletic Facilities,Playground","Bronx Sector 1.2","Districts 1, 2",1.38,1.38,10,15,12,15,196,298,257,295,5,4.8,5.3,4.5,"No","No","No","No",245,291,22,894
"Q105","Q","Howard Von Dohlen Playground","Small Park","Athletic Facilities,Comfort Stations,Playground","Queens Sector 10.12","Districts 10, 12",1.38,1.38,13,23,9,29,257,446,190,542,5.4,6,6.2,5.9,"No","No","No","Yes",1577,948,1949,939
"R090","R","Lieutenant John H. Martinson Playground","Small Park","Athletic Facilities,Comfort Stations,Playground","Staten Island Sector 3","District 3",1.38,1.38,10,9,33,78,211,204,731,1669,6.4,7,6.5,6.6,"No","No","No","Yes",438,552,2895,1178
"B268","B","Nautilus Playground","Small Park","Athletic Facilities,Comfort Stations,Playground","Brooklyn Sector 13","District 13",1.38,1.38,26,5,5,31,526,115,118,575,6.4,5,4.2,5.8,"Yes","No","No","Yes",475,1036,2133,332
"M079","M","St. Catherine's Park","Small Park","Athletic Facilities,Comfort Stations,Playground","Manhattan Sector 6.8.15","Districts 6, 8, 15",1.38,1.38,99,86,106,114,1930,1696,2117,2286,6.2,6.6,6.4,5.9,"Yes","Yes","Yes","Yes",1760,2264,599,1407
"X177","X","Castle Hill Playground","Small Park","Athletic Facilities,Comfort Stations,Playground","Bronx Sector 9.10","Districts 9, 10",1.37,1.37,57,39,37,46,1066,724,751,884,4.9,5.1,5.3,5.1,"Yes","Yes","Yes","Yes",10444,1604,2044,629
"M208E","M","Crack Is Wack Playground","Small Park","Athletic Facilities","Manhattan Sector 10.11","Districts 10, 11",1.37,1.37,53,28,22,23,1084,563,447,477,6.4,6.6,6.5,6.2,"Yes","Yes","Yes","Yes",442,330,426,233
"B223G","B","Hillside Dog Park","Small Park",NA,"Brooklyn Sector 2","District 2",1.37,1.37,5,4,5,5,106,84,103,122,5.7,6.5,6.6,6.4,"No","No","No","No",0,661,0,198
"R111","R","Lt. Lia Playground","Small Park","Playground","Staten Island Sector 1","District 1",1.37,1.37,9,8,9,10,180,175,189,215,6.4,6.8,6.6,6.4,"No","No","No","No",1930,266,3221,375
"B127","B","Martinez Playground","Small Park","Athletic Facilities","Brooklyn Sector 1","District 1",1.37,1.37,14,8,8,11,306,195,185,223,6.5,6.5,6.8,6.5,"No","No","No","No",0,1156,167,126
"Q220E","Q","Playground One Forty","Small Park","Playground","Queens Sector 10.12","Districts 10, 12",1.37,1.37,16,15,8,12,310,307,161,234,5.7,6.4,6.2,5.4,"No","No","No","No",205,661,446,816
"B192","B","Russell Pedersen Playground","Small Park","Athletic Facilities,Comfort Stations,Playground","Brooklyn Sector 10.12","Districts 10, 12",1.37,1.37,19,22,21,13,411,472,454,277,5.5,5.5,6.2,5.4,"Yes","Yes","Yes","No",2478,1574,235,1358
"B223DA","B","Adam Yauch Park","Small Park","Athletic Facilities,Playground","Brooklyn Sector 2","District 2",1.36,1.36,8,6,6,7,158,116,137,162,6.1,6.5,6.6,6.3,"No","No","No","No",88,202,0,410
"X148H","X","Admiral Farragut Playground","Small Park","Athletic Facility,Playground","Bronx Sector 3.6","Districts 3, 6",1.36,1.36,13,14,10,11,277,286,228,231,5.2,5.5,6.2,5.5,"No","No","No","No",189,274,414,171
"B044","B","Dr. Ronald McNair Park","Small Park",NA,"Brooklyn Sector 8.9","Districts 8, 9",1.36,1.36,8,9,15,14,168,186,318,315,5.9,5.8,6.5,6.5,"No","No","No","No",0,125,29,117
"B429","B","Hope Ballfield","Small Park","Athletic Facility","Brooklyn Sector 3.4","Districts 3, 4",1.36,1.36,33,21,23,20,680,432,493,449,6.1,6.5,6.3,5.9,"Yes","Yes","Yes","Yes",282,195,445,205
"R034","R","Austin J. McDonald Playground","Small Park","Athletic Facilities,Comfort Stations,Playground","Staten Island Sector 1","District 1",1.35,1.35,64,46,40,21,1643,1221,1028,415,6.6,6.7,6.6,6.1,"Yes","Yes","Yes","No",606,1663,1334,1490
"Q314","Q","Fresh Meadows Playground","Small Park","Athletic Facilities,Comfort Stations,Playground","Queens Sector 8.9","Districts 8, 9",1.35,1.35,44,24,8,6,824,472,187,133,6.2,5.6,6.2,5.7,"Yes","Yes","No","No",886,802,75,231
"Q318","Q","Playground Eighty LXXX","Small Park","Athletic Facilities,Comfort Stations,Playground","Queens Sector 11.13","Districts 11, 13",1.35,1.35,9,27,11,7,187,514,237,141,5.5,5.2,5.2,5.7,"No","Yes","No","No",468,31,61,4931
"B293","B","Classon Playground","Small Park","Athletic Facilities,Playground","Brooklyn Sector 2","District 2",1.34,1.34,13,10,10,14,267,215,226,313,5.6,6.3,6.7,6.5,"No","No","No","No",84,198,127,239
"X284","X","Printers Park","Small Park","Playground","Bronx Sector 1.2","Districts 1, 2",1.34,1.34,19,17,11,17,356,336,252,354,4.4,5.3,5.5,5.2,"Yes","Yes","No","Yes",279,1848,392,1280
"M245","M","Renaissance Playground","Small Park","Athletic Facilities,Comfort Stations,Playground","Manhattan Sector 10.11","Districts 10, 11",1.34,1.34,64,63,75,110,1294,1252,1506,2234,6.3,6.2,6.1,5.9,"Yes","Yes","Yes","Yes",412,934,1473,1587
"B284","B","Marc And Jason's Playground","Small Park","Athletic Facilities,Comfort Stations,Playground","Brooklyn Sector 8.9","Districts 8, 9",1.33,1.33,24,17,24,18,448,327,466,378,5.8,5.3,6.2,5.8,"No","No","No","No",44,255,257,257
"B360","B","Remsen Playground","Small Park","Athletic Facilities,Playground","Brooklyn Sector 17.18","Districts 17, 18",1.33,1.33,13,11,10,14,273,232,212,284,4.9,5.8,5.4,4.1,"No","No","No","Yes",496,79,42,126
"M095A","M","Broadway Malls","Small Park",NA,"Manhattan Sector 12.12A","Districts 12, 12A",1.3248,1.14,24,25,20,25,480,492,409,515,5.3,5.9,5.5,5.9,"No","No","No","No",85,0,203,5
"X169","X","Agnes Haywood Playground","Small Park","Athletic Facilities,Comfort Stations,Playground","Bronx Sector 11.12.14","Districts 11, 12, 14",1.32,1.32,22,17,11,16,447,348,243,330,6.4,6.9,6.8,6.1,"No","No","No","No",2982,1111,813,1723
"Q378","Q","Ampere Playground","Small Park","Athletic Facility,Comfort Stations,Playground","Queens Sector 8.9","Districts 8, 9",1.32,1.32,14,13,13,5,287,272,250,112,5.5,7,6.9,5.1,"No","Yes","Yes","No",520,580,60,713
"X029","X","Lyons Square Playground","Small Park","Athletic Facilities,Comfort Stations,Playground","Bronx Sector 1.2","Districts 1, 2",1.32,1.32,22,21,14,30,408,399,297,613,4.4,5.2,5.2,4.9,"Yes","Yes","No","Yes",1702,1166,810,405
"B110","B","Marion Hopkinson Playground","Small Park","Athletic Facility,Comfort Stations,Playground","Brooklyn Sector 5.16","Districts 5, 16",1.32,1.32,37,66,114,89,732,1365,2513,1993,5.6,6.5,6.9,6.1,"Yes","Yes","Yes","Yes",355,2755,753,737
"B262","B","Potomac Playground","Small Park","Athletic Facilities,Comfort Stations,Playground","Brooklyn Sector 3.4","Districts 3, 4",1.32,1.32,34,9,28,41,731,212,624,896,6.4,6.2,6.2,5.9,"Yes","No","No","Yes",602,4911,1574,1565
"R019","R","Veterans Park","Small Park",NA,"Staten Island Sector 1","District 1",1.32,1.32,15,9,10,14,301,192,224,284,5.6,5.4,6,5.6,"No","No","No","No",616,0,0,111
"M094A","M","Broadway Malls","Small Park",NA,"Manhattan Sector 7.9","Districts 7, 9",1.3125,1.3,28,27,25,24,587,576,537,518,4.9,6.2,5.8,5.8,"No","No","No","No",0,0,5,2
"B255F","B","Detective Joseph Mayrose Park","Small Park",NA,"Brooklyn Sector 6.7","Districts 6, 7",1.31,1.31,14,14,15,16,274,270,316,325,6.2,6.3,6.7,6.1,"Yes","Yes","Yes","Yes",0,1125,0,387
"Q053","Q","Equity Playground","Small Park","Athletic Facilities,Comfort Stations,Playground","Queens Sector 8.9","Districts 8, 9",1.31,1.31,29,25,30,9,581,529,612,188,5.5,7,6.9,5.1,"No","Yes","Yes","No",846,1051,5470,468
"Q298","Q","Paul Raimonda Playground","Small Park","Athletic Facilities,Playground","Queens Sector 1.2","Districts 1, 2",1.31,1.31,7,9,11,8,149,184,228,167,6.1,5.9,6.5,5.7,"No","No","No","No",677,1305,415,633
"R105","R","Prall Playground","Small Park","Athletic Facilities","Staten Island Sector 1","District 1",1.31,1.31,20,14,14,15,413,293,294,322,6.1,6.5,6.7,6.2,"No","No","No","No",2214,4190,516,551
"Q379","Q","Briarwood Playground","Small Park","Athletic Facilities,Playground","Queens Sector 8.9","Districts 8, 9",1.3,1.3,7,10,9,7,154,219,199,165,4.9,5.1,5.7,5.1,"No","No","No","No",637,986,93,167
"B232","B","Dean Playground","Small Park","Athletic Facilities,Comfort Stations,Playground","Brooklyn Sector 8.9","Districts 8, 9",1.3,1.3,32,22,32,14,680,480,689,309,5.9,5.5,6.5,6.5,"Yes","No","Yes","No",433,568,127,1252
"Q428","Q","Horace Harding Playground","Small Park","Athletic Facilities,Comfort Stations,Playground","Queens Sector 5.6","Districts 5, 6",1.3,1.3,31,27,19,24,605,522,384,491,6.2,5.8,5.8,5.8,"Yes","Yes","Yes","Yes",3358,1274,1510,434
"Q021C","Q","Seven Gables Playground","Small Park","Athletic Facilities,Playground","Queens Sector 11.13","Districts 11, 13",1.3,1.3,1,1,2,3,28,34,43,63,5.2,5.5,6.2,6.3,"No","No","No","No",543,1039,309,368
"Q066B","Q","Triborough Bridge Playground B","Small Park","Athletic Facilities,Comfort Stations,Playground","Queens Sector 1.2","Districts 1, 2",1.3,1.3,14,9,12,11,285,165,237,224,6.3,6.2,6.2,5.4,"Yes","Yes","Yes","Yes",1642,11301,745,2189
"B310","B","Bushwick Playground","Small Park","Athletic Facilities,Comfort Stations,Playground","Brooklyn Sector 1","District 1",1.29,1.29,77,6,7,10,1431,136,152,206,5.8,6.6,6.7,5.9,"Yes","No","No","No",7021,5562,5743,11773
"R087","R","Dongan Playground","Small Park","Athletic Facilities,Comfort Stations,Playground","Staten Island Sector 2.2B","Districts 2, 2B",1.29,1.29,26,39,28,5,566,840,598,103,6.5,6.5,6.7,5.9,"No","Yes","No","No",1215,2447,800,45
"M258","M","East River Playground","Small Park","Athletic Facilities,Comfort Stations,Playground","Manhattan Sector 6.8.15","Districts 6, 8, 15",1.29,1.29,29,28,25,29,555,585,540,608,6.6,6.9,7,6.6,"Yes","Yes","Yes","Yes",472,853,1824,1992
"M132","M","Little Flower Playground","Small Park","Athletic Facilities,Comfort Stations,Playground","Manhattan Sector 3","District 3",1.29,1.29,17,20,18,14,325,388,378,292,6.3,6.3,5.9,5.4,"Yes","Yes","No","Yes",296,260,152,1262
"X101A","X","Samuel H. Young Park","Small Park","Athletic Facilities","Bronx Sector 11.12.14","Districts 11, 12, 14",1.29,1.29,2,1,2,2,43,30,34,47,3,1.8,3.2,3.5,"No","No","No","No",23,0,0,122
"X150J","X","Bailey Playground","Small Park","Athletic Facilities,Comfort Stations,Playground","Bronx Sector 7.8","Districts 7, 8",1.2822,3.53,14,14,9,12,291,279,191,248,5.6,5,4.9,5.8,"No","No","No","No",5878,1142,1754,1417
"Q308","Q","Bowne Playground","Small Park","Athletic Facilities,Comfort Stations,Playground","Queens Sector 7","District 7",1.28,1.28,12,20,10,12,224,412,217,229,5.2,5.5,5.4,5,"No","Yes","No","No",1177,832,2708,1696
"M059","M","Murphy Brothers Playground","Small Park","Athletic Facilities,Playground","Manhattan Sector 6.8.15","Districts 6, 8, 15",1.28,1.28,5,3,3,3,103,51,63,76,5.9,6.2,6.2,6,"No","No","No","No",0,26,0,52
"B131","B","Rudd Playground","Small Park","Athletic Facilities,Comfort Stations,Playground","Brooklyn Sector 3.4","Districts 3, 4",1.28,1.28,35,14,8,16,679,315,183,344,6.4,6.2,6.5,6.4,"Yes","No","No","No",248,2595,672,443
"X221","X","Space Time Playground","Small Park","Athletic Facilities,Comfort Stations,Playground","Bronx Sector 9.10","Districts 9, 10",1.28,1.28,50,35,30,42,928,646,593,815,4.9,5.1,5,5.1,"Yes","Yes","Yes","Yes",1463,2636,2471,603
"Q348","Q","Willow Lake Playground","Small Park","Athletic Facility,Comfort Stations,Playground","Queens Sector 5.6","Districts 5, 6",1.28,1.28,31,31,44,35,607,595,865,715,5.5,5.5,6.3,5.4,"Yes","Yes","Yes","Yes",724,466,615,83
"X150I","X","Cooney Grauer Field","Small Park","Athletic Facilities","Bronx Sector 7.8","Districts 7, 8",1.27,1.27,5,3,4,4,101,74,75,82,4.9,2.5,3.4,4.6,"No","No","No","No",1439,465,42,509
"Q344","Q","Emerald Playground","Small Park","Athletic Facilities,Comfort Stations,Playground","Queens Sector 8.9","Districts 8, 9",1.27,1.27,38,14,8,13,737,282,182,247,6.1,5.7,5.8,5.8,"Yes","No","No","No",659,631,164,984
"M225","M","Wagner Playground","Small Park","Athletic Facilities","Manhattan Sector 10.11","Districts 10, 11",1.27,1.27,57,10,12,9,1152,197,237,184,6.4,5.7,5.5,5.2,"Yes","No","No","No",835,726,219,1098
"B302","B","Charlie's Place","Small Park","Athletic Facilities,Playground","Brooklyn Sector 3.4","Districts 3, 4",1.26,1.26,22,22,23,22,480,477,506,468,6.2,6.3,6.8,6.4,"Yes","Yes","Yes","Yes",469,253,319,176
"B301","B","Greene Playground","Small Park","Athletic Facilities,Comfort Stations,Playground","Brooklyn Sector 2","District 2",1.26,1.26,36,33,34,18,678,632,651,365,5.8,5.5,6.5,5.6,"Yes","Yes","Yes","No",712,456,1503,143
"X168","X","Nelson Playground","Small Park","Athletic Facilities,Comfort Stations,Playground","Bronx Sector 4.5","Districts 4, 5",1.26,1.26,10,15,6,11,211,318,126,229,5,5.2,3.3,4.4,"No","No","No","No",1036,2750,959,1243
"X256","X","Pelham Bay Little League","Small Park","Athletic Facility","Bronx Sector 11.12.14","Districts 11, 12, 14",1.26,1.26,2,2,1,2,41,38,26,53,2.9,2,2.7,3.5,"No","No","No","No",74,37,0,149
"B253","B","Albert J. Parham Playground","Small Park","Athletic Facilities,Comfort Stations,Playground","Brooklyn Sector 2","District 2",1.25,1.25,40,21,23,26,750,429,443,499,5.8,6.2,6.2,6.1,"Yes","Yes","Yes","Yes",2766,5270,1603,24872
"Q362","Q","Playground Ninety","Small Park","Athletic Facilities,Comfort Stations,Playground","Queens Sector 3.4","Districts 3, 4",1.25,1.25,24,18,35,49,513,378,706,999,6.3,6.7,6.3,6.1,"Yes","No","Yes","Yes",327,622,210,2416
"M206","M","Tanahey Playground","Small Park","Athletic Facilities,Playground","Manhattan Sector 3","District 3",1.25,1.25,12,11,10,11,240,219,190,215,6.1,6.5,6.1,5.3,"Yes","Yes","Yes","Yes",236,276,233,608
"B267","B","Winthrop Playground","Small Park","Athletic Facilities,Comfort Stations,Playground","Brooklyn Sector 8.9","Districts 8, 9",1.25,1.25,37,14,26,20,714,298,535,416,5.9,5.3,6.2,5.8,"Yes","No","No","No",939,855,3134,1166
"M003","M","Annunciation Playground","Small Park","Athletic Facilities,Playground","Manhattan Sector 7.9","Districts 7, 9",1.24,1.24,14,24,23,20,289,502,479,416,5.3,6.4,6.5,6.2,"No","No","No","No",68,25,585,1171
"B210I","B","Gonzalo Plasencia Playground","Small Park","Athletic Facilities,Playground","Brooklyn Sector 6.7","Districts 6, 7",1.24,1.24,34,27,23,24,637,521,479,510,6.4,6.7,6.8,6.4,"Yes","Yes","Yes","Yes",84,77,35,117
"Q353","Q","Grassmere Playground","Small Park","Athletic Facilities,Playground","Queens Sector 14","District 14",1.24,1.24,17,20,9,16,346,419,186,318,4.5,5.8,5.5,5.1,"No","No","No","No",0,148,176,0
"B139","B","Heckscher Playground","Small Park","Athletic Facilities,Comfort Stations,Playground","Brooklyn Sector 3.4","Districts 3, 4",1.24,1.24,36,21,23,26,757,428,487,568,6.6,6.5,5.8,5.8,"Yes","Yes","Yes","Yes",1057,600,3016,9951
"B331","B","Neptune Playground","Small Park","Athletic Facilities,Playground","Brooklyn Sector 13","District 13",1.24,1.24,9,4,3,6,198,83,73,117,6.1,5.2,4.8,4.9,"No","No","No","No",27,144,322,167
"M070","M","Queensboro Oval","Small Park","Athletic Facilities","Manhattan Sector 6.8.15","Districts 6, 8, 15",1.24,1.24,10,8,23,17,203,157,438,362,2.8,2,4.5,3.3,"Yes","Yes","Yes","Yes",0,52,0,52
"B169A","B","Brighton Playground","Small Park","Athletic Facilities,Playground","Brooklyn Sector 13","District 13",1.23,1.23,13,14,5,4,267,292,120,92,5.6,5.5,4.6,3.9,"No","No","No","No",816,660,44,634
"Q066H","Q","Chappetto Square","Small Park","Athletic Facilities","Queens Sector 1.2","Districts 1, 2",1.23,1.23,12,8,11,9,235,152,222,179,5.9,5.5,5.9,4.9,"Yes","Yes","Yes","Yes",38,280,90,155
"Q223","Q","Fresh Meadows Park","Small Park",NA,"Queens Sector 8.9","Districts 8, 9",1.23,1.23,1,2,1,0,23,38,21,4,1.8,1.4,1.6,1.6,"No","Yes","No","No",29,186,141,44
"M217","M","Howard Bennett Playground","Small Park","Athletic Facilities,Comfort Stations,Playground","Manhattan Sector 10.11","Districts 10, 11",1.23,1.23,56,69,77,112,1134,1414,1556,2281,6.3,6,6.1,6.1,"Yes","Yes","Yes","Yes",1598,882,371,250
"B282","B","Patrick O'Rourke Playground","Small Park","Athletic Facilities,Playground","Brooklyn Sector 10.12","Districts 10, 12",1.23,1.23,9,8,5,7,188,164,111,149,6.1,6.1,6.2,5.5,"No","No","No","No",183,88,167,154
"X141","X","Rienzi Playground","Small Park","Athletic Facilities,Comfort Stations,Playground","Bronx Sector 11.12.14","Districts 11, 12, 14",1.23,1.23,24,16,12,16,489,329,261,333,6.6,6.8,6.7,6.3,"No","No","No","No",1957,1132,2317,2159
"B264","B","Roebling Playground","Small Park","Athletic Facilities,Comfort Stations,Playground","Brooklyn Sector 1","District 1",1.23,1.23,10,9,36,21,192,186,721,410,4.4,5.4,5.7,6.5,"Yes","Yes","Yes","Yes",586,52,852,663
"M192","M","Stanley Isaacs Playground","Small Park","Athletic Facilities,Comfort Stations,Playground","Manhattan Sector 6.8.15","Districts 6, 8, 15",1.23,1.23,53,41,16,19,1076,837,338,394,6.3,6.5,6.2,5.9,"Yes","Yes","No","No",14008,1593,2137,4671
"Q389","Q","Bayside Playground","Small Park","Athletic Facilities,Comfort Stations,Playground","Queens Sector 14","District 14",1.21,1.21,13,19,6,37,268,396,124,770,4.7,6.3,6.4,5.8,"No","No","No","No",179,0,61,4
"B274","B","Bayview Playground","Small Park","Athletic Facilities,Comfort Stations,Playground","Brooklyn Sector 17.18","Districts 17, 18",1.21,1.21,33,17,16,23,629,319,320,473,6.4,6.1,5.7,5.7,"Yes","Yes","Yes","Yes",444,544,708,872
"B359","B","Eleanor Roosevelt Playground","Small Park","Athletic Facilities,Comfort Stations,Playground","Brooklyn Sector 3.4","Districts 3, 4",1.21,1.21,21,22,22,20,460,476,488,446,5.9,6.1,6.6,5.9,"Yes","Yes","Yes","Yes",1608,815,505,201
"Q381","Q","Francis Lewis Playground","Small Park","Athletic Facilities,Playground","Queens Sector 11.13","Districts 11, 13",1.21,1.21,4,4,2,6,108,96,53,145,5.4,5.2,5.8,5.5,"No","No","No","No",338,632,356,184
"X214","X","Magenta Playground","Small Park","Athletic Facilities,Comfort Stations,Playground","Bronx Sector 11.12.14","Districts 11, 12, 14",1.21,1.21,21,17,9,11,437,333,190,227,6.4,6.7,6.5,6.4,"No","No","No","No",1047,645,104,1187
"Q437","Q","Murray Hill Playground","Small Park","Athletic Facilities,Playground","Queens Sector 7","District 7",1.21,1.21,3,6,3,3,73,132,74,81,4.9,5.4,5.2,4.9,"No","No","No","No",603,56,193,162
"X147B","X","Daniel Boone Playground","Small Park","Playground","Bronx Sector 3.6","Districts 3, 6",1.2,1.2,11,12,14,14,227,258,286,296,5.8,6.6,6.8,5.9,"No","No","No","No",778,517,1379,1085
"B323","B","Hattie Carthan Playground","Small Park","Athletic Facilities,Comfort Stations,Playground","Brooklyn Sector 3.4","Districts 3, 4",1.2,1.2,39,42,38,48,843,909,831,1015,6.2,5.8,6.2,5.9,"Yes","Yes","Yes","Yes",671,603,893,602
"Q440","Q","Hilton Holiday Gardens","Small Park",NA,"Queens Sector 10.12","Districts 10, 12",1.2,1.2,5,7,6,7,90,135,116,142,3.4,5,5.7,4.2,"No","No","No","No",14,0,477,0
"B113B","B","Korean War Veterans Plaza","Small Park",NA,"Brooklyn Sector 2","District 2",1.2,1.2,19,15,15,21,413,335,326,462,6.4,6.9,7,6.5,"No","No","No","No",0,162,104,150
"Q337","Q","Maurice A FitzGerald Playground","Small Park","Athletic Facilities,Comfort Stations,Playground","Queens Sector 8.9","Districts 8, 9",1.2,1.2,21,24,26,10,393,478,496,208,5.4,7,6.9,5.1,"No","Yes","Yes","No",211,1161,905,2076
"X235","X","Grove Hill Playground","Small Park","Athletic Facilities,Comfort Stations,Playground","Bronx Sector 1.2","Districts 1, 2",1.19,1.19,8,16,8,14,152,316,163,277,4.8,5.2,5.7,5,"No","No","No","Yes",0,449,172,295
"B106B","B","Lafayette Playground","Small Park","Athletic Facilities","Brooklyn Sector 13","District 13",1.19,1.19,13,6,6,7,274,135,124,142,6.2,4.5,4.2,4,"No","No","No","No",246,452,117,251
"B407","B","South Oxford Park","Small Park","Athletic Facilities,Playground","Brooklyn Sector 2","District 2",1.19,1.19,12,13,6,8,240,266,142,185,5.5,5.9,6.2,6.3,"No","No","No","No",22,140,127,339
"B350","B","Stroud Playground","Small Park","Athletic Facilities,Comfort Stations,Playground","Brooklyn Sector 8.9","Districts 8, 9",1.19,1.19,28,20,40,11,550,439,866,219,5.8,5.8,6.5,5.8,"Yes","Yes","Yes","No",918,246,464,659
"B234","B","Tilden Playground","Small Park","Athletic Facilities,Comfort Stations,Playground","Brooklyn Sector 17.18","Districts 17, 18",1.19,1.19,53,38,32,47,990,720,650,971,6.6,5.8,5.5,5.5,"Yes","Yes","Yes","Yes",28,1033,712,633
"B259","B","Underwood Park","Small Park","Comfort Stations,Playground","Brooklyn Sector 2","District 2",1.19,1.19,41,37,33,33,779,706,623,634,5.6,5.8,6.2,6.2,"Yes","Yes","Yes","Yes",468,4756,354,1368
"Q400","Q","Oakland Gardens","Small Park","Athletic Facilities,Natural Areas,Playground","Queens Sector 7A","District 7A",1.17,1.17,14,13,12,10,349,284,255,207,5.2,5.1,5.2,5.3,"Yes","Yes","Yes","Yes",4,319,313,1413
"B221","B","Steuben Playground","Small Park","Athletic Facilities","Brooklyn Sector 2","District 2",1.17,1.17,9,9,8,13,189,192,184,288,6.1,6.8,6.9,6.2,"No","No","No","No",0,148,12,241
"B124","B","William Sheridan Playground","Small Park","Athletic Facilities,Comfort Stations,Playground","Brooklyn Sector 1","District 1",1.17,1.17,17,12,36,20,316,245,713,405,5.9,6.3,6.4,6.6,"Yes","Yes","Yes","Yes",1131,291,2708,430
"B349","B","Bath Playground","Small Park","Athletic Facilities,Playground","Brooklyn Sector 11.15","Districts 11, 15",1.16,1.16,15,14,13,15,346,320,304,346,6.1,6.9,6.7,6,"No","No","No","No",1282,83,213,252
"B026","B","Cuyler Gore Park","Small Park","Playground","Brooklyn Sector 2","District 2",1.16,1.16,11,10,9,14,232,222,199,315,5.6,6.2,6.5,6.4,"No","No","No","No",36,134,19,347
"Q304","Q","Ehrenreich-Austin Playground","Small Park","Athletic Facilities,Comfort Stations,Playground","Queens Sector 5.6","Districts 5, 6",1.16,1.16,32,36,49,40,625,700,960,819,5.9,6,6,5.2,"Yes","Yes","Yes","Yes",988,849,927,1171
"Q352","Q","Hillside Playground","Small Park","Athletic Facilities,Playground","Queens Sector 11.13","Districts 11, 13",1.16,1.16,9,7,6,6,203,147,142,137,5.4,4.6,4.9,5.6,"No","No","No","No",799,185,1207,83
"Q066G","Q","Sitting Area","Small Park",NA,"Queens Sector 1.2","Districts 1, 2",1.16,1.16,14,7,11,8,272,127,219,166,6,4.6,5.3,4.4,"Yes","Yes","Yes","Yes",57,46,0,0
"B378","B","University Place","Small Park",NA,"Brooklyn Sector 2","District 2",1.16,1.16,2,2,1,0,38,35,14,12,1.4,1.8,1,1.2,"Yes","No","No","No",0,1058,531,713
"Q290","Q","""Uncle"" Vito F. Maranzano Glendale Playground","Small Park","Athletic Facilities,Playground","Queens Sector 5.6","Districts 5, 6",1.15,1.15,3,3,2,4,77,71,50,85,5.5,5.6,5.7,5.4,"No","No","No","No",326,346,954,799
"R064","R","Christopher J. Igneri Playground","Small Park","Athletic Facilities,Comfort Stations,Playground","Staten Island Sector 2.2B","Districts 2, 2B",1.15,1.15,27,44,55,54,588,943,1173,1114,6.6,6.5,6.8,6.3,"No","Yes","Yes","Yes",2450,2507,2896,492
"Q404","Q","East Springfield Playground","Small Park","Athletic Facilities,Comfort Stations,Playground","Queens Sector 11.13","Districts 11, 13",1.15,1.15,28,41,52,66,550,784,989,1244,5.7,6.1,6.3,6.5,"No","Yes","Yes","Yes",1814,994,3749,2690
"Q118","Q","Police Officer Nicholas Demutiis Park","Small Park","Athletic Facilities,Comfort Stations,Playground","Queens Sector 10.12","Districts 10, 12",1.15,1.15,9,40,39,30,176,748,732,564,4.4,5.3,5.2,5.5,"No","Yes","Yes","Yes",675,896,256,1705
"B152","B","Rappaport Playground","Small Park","Athletic Facilities,Comfort Stations,Playground","Brooklyn Sector 10.12","Districts 10, 12",1.15,1.15,35,40,37,34,742,860,810,735,6.1,6,6.4,6.3,"Yes","Yes","Yes","Yes",857,1286,916,767
"Q375","Q","Willets Point Playground","Small Park","Athletic Facilities,Playground","Queens Sector 7","District 7",1.15,1.15,3,4,2,4,73,88,43,74,5.5,5.6,5.5,5.1,"No","No","No","No",39,1396,160,1618
"M237","M","Corporal John A. Seravalli Playground","Small Park","Athletic Facilities,Comfort Stations,Playground","Manhattan Sector 1.2","Districts 1, 2",1.14,1.14,22,12,9,35,437,246,193,725,5,5.1,5.2,5.7,"Yes","Yes","Yes","Yes",547,812,1849,835
"Q011","Q","Poppenhusen Playground","Small Park","Athletic Facility,Comfort Stations,Playground","Queens Sector 7","District 7",1.14,1.14,8,6,4,11,163,132,94,219,5.5,5.9,6,5.3,"No","No","No","No",370,1417,703,1071
"Q422","Q","Seaside Playground","Small Park","Athletic Facilities,Comfort Stations,Playground","Queens Sector 14","District 14",1.14,1.14,49,28,87,57,951,573,1725,1141,5,6.2,7,5.8,"Yes","No","Yes","Yes",286,1146,872,373
"R144","R","Sobel Court Park","Small Park","Playground","Staten Island Sector 1","District 1",1.14,1.14,10,9,7,9,196,194,149,195,6.2,6.5,6.5,6.4,"No","No","No","No",0,96,0,0
"X190","X","Tiffany Playground","Small Park","Athletic Facilities,Comfort Stations,Playground","Bronx Sector 1.2","Districts 1, 2",1.14,1.14,18,18,13,12,332,366,276,271,4.9,5.9,5.2,4.9,"Yes","Yes","No","No",1426,1490,1009,2018
"M273","M","Wagner Houses Pool","Other","Athletic Facilities,Playground","Manhattan Sector 10.11","Districts 10, 11",1.1315,1.64,63,9,12,12,1280,177,241,240,6.4,5.6,5.7,5.1,"Yes","No","No","No",2597,539,123,12258
"B210B","B","D'Emic Playground","Small Park","Athletic Facilities,Playground","Brooklyn Sector 6.7","Districts 6, 7",1.13,1.13,18,11,9,14,402,268,226,311,6.6,6.5,6.8,6.5,"No","No","No","No",502,188,57,128
"B376","B","Fidler-Wyckoff House Park","Small Park",NA,"Brooklyn Sector 17.18","Districts 17, 18",1.13,1.13,23,8,5,4,443,159,109,79,5.6,3.6,4.2,2.5,"Yes","No","No","No",219,687,669,970
"Q266","Q","Westbourne Playground","Small Park","Athletic Facilities,Comfort Stations,Playground","Queens Sector 14","District 14",1.13,1.13,78,58,30,40,1549,1163,598,807,4.2,4.6,6.9,4.9,"Yes","Yes","Yes","Yes",354,136,623,1590
"R085","R","E.M.T. Christopher J. Prescott Playground","Small Park","Athletic Facilities,Comfort Stations,Playground","Staten Island Sector 3","District 3",1.12,1.12,43,14,27,39,879,322,629,1091,6,6.8,6.3,5.5,"Yes","Yes","Yes","Yes",1046,558,2755,1291
"R125","R","Lopez Playground","Small Park","Athletic Facilities,Playground","Staten Island Sector 1","District 1",1.12,1.12,12,11,9,13,235,229,184,273,6.4,6.9,6.8,6.4,"No","No","No","No",473,566,659,1764
"X025","X","Hugh J. Grant Circle","Small Park",NA,"Bronx Sector 9.10","Districts 9, 10",1.11,1.11,15,20,23,27,345,448,509,561,5,5.1,5.3,5.3,"Yes","Yes","Yes","Yes",387,469,15,99
"B358","B","De Hostos Playground","Small Park","Athletic Facilities,Comfort Stations,Playground","Brooklyn Sector 1","District 1",1.1,1.1,8,10,42,19,165,203,895,400,4.4,5.5,6.2,6.3,"Yes","Yes","Yes","Yes",2797,406,0,172
"B387","B","Hilltop Playground","Small Park","Athletic Facilities","Brooklyn Sector 5.16","Districts 5, 16",1.1,1.1,26,15,18,16,500,329,360,361,4.6,3.4,4.4,3.1,"No","No","No","No",386,277,42,386
"B022","B","Sarah J.S. Tompkins Garnet Playground","Small Park","Athletic Facilities,Playground","Brooklyn Sector 1","District 1",1.1,1.1,11,9,7,12,237,195,157,253,6.1,6.2,6.5,6.5,"No","No","No","No",49,269,619,370
"X188","X","Wakefield Playground","Small Park","Athletic Facility,Comfort Stations,Playground","Bronx Sector 11.12.14","Districts 11, 12, 14",1.1,1.1,19,14,7,15,393,278,156,300,6.2,6.7,6.8,5.9,"No","No","No","No",854,468,230,1260
"B223DK","B","Brooklyn Heights Promenade","Large Park",NA,"Brooklyn Sector 2","District 2",1.09,1.39,3,13,49,47,66,238,911,930,5.9,6.4,6.8,6.5,"No","No","Yes","Yes",0,20,109,19
"B382B","B","Jacob's Ladder Playground","Small Park","Playground","Brooklyn Sector 1","District 1",1.09,1.09,6,6,5,9,131,117,100,168,6.3,6.2,6.3,6.2,"No","No","No","No",223,268,0,0
"Q415","Q","Louis Armstrong Playground","Small Park","Comfort Stations,Playground","Queens Sector 3.4","Districts 3, 4",1.09,1.09,45,40,43,44,956,809,882,905,6.4,6.6,6.7,6,"Yes","Yes","Yes","Yes",605,875,560,682
"M158","M","Robert Moses Playground","Small Park","Athletic Facilities,Comfort Stations","Manhattan Sector 6.8.15","Districts 6, 8, 15",1.09,1.09,23,21,18,17,507,447,387,364,6.3,6.8,6.8,6.2,"Yes","No","No","No",1351,879,1444,4815
"B298","B","Stockton Playground","Small Park","Athletic Facilities,Comfort Stations,Playground","Brooklyn Sector 3.4","Districts 3, 4",1.09,1.09,34,24,25,41,678,519,515,816,6.4,6.3,6.6,6.5,"Yes","Yes","Yes","Yes",560,1788,1432,1473
"Q100","Q","Flushing Greens","Small Park",NA,"Queens Sector 7","District 7",1.08,1.08,4,3,2,3,93,74,48,60,3.8,3.8,3.8,3.2,"No","No","No","No",67,707,475,136
"Q402","Q","Latimer Playground","Small Park","Athletic Facilities,Playground","Queens Sector 10.12","Districts 10, 12",1.08,1.08,10,14,8,11,190,286,169,230,5.3,6.4,6.5,5.7,"No","No","No","No",13,211,401,406
"X353","X","Yolanda García Park","Small Park","Comfort Stations","Bronx Sector 3.6","Districts 3, 6",1.08,1.08,42,31,30,16,833,597,569,319,5.4,5.8,5.8,5.5,"No","Yes","Yes","Yes",1753,1010,577,146
"R071","R","Great Kills Veterans Playground","Small Park","Athletic Facilities,Playground","Staten Island Sector 3","District 3",1.07,1.07,7,8,8,9,150,182,191,188,6.4,7,6.7,5.9,"No","No","No","No",56,193,0,70
"B272","B","Marlboro Playground","Small Park","Athletic Facilities,Comfort Stations,Playground","Brooklyn Sector 13","District 13",1.07,1.07,7,4,6,7,150,91,139,142,5.5,4.5,4.2,4.1,"No","No","No","No",42,555,23,0
"Q426","Q","North Rochdale Playground","Small Park","Athletic Facilities,Comfort Stations,Playground","Queens Sector 10.12","Districts 10, 12",1.07,1.07,18,15,8,31,350,280,172,604,5.1,5.8,6.3,4.6,"No","No","No","Yes",485,1010,725,1747
"B346","B","Ericsson Playground","Small Park","Athletic Facilities","Brooklyn Sector 1","District 1",1.06,1.06,13,12,352,135,261,263,7616,2924,5.9,6.9,7,6.6,"Yes","Yes","Yes","Yes",222,3525,187,65
"B334","B","Fermi Playground","Small Park","Athletic Facilities,Comfort Stations,Playground","Brooklyn Sector 3.4","Districts 3, 4",1.06,1.06,42,45,40,41,906,966,884,899,6.4,6.4,6.4,5.9,"Yes","Yes","Yes","Yes",456,1353,1330,354
"B197","B","Mellett Playground","Small Park","Athletic Facilities,Comfort Stations,Playground","Brooklyn Sector 11.15","Districts 11, 15",1.06,1.06,41,33,14,39,789,649,304,845,6.6,7,7,6.6,"Yes","No","No","Yes",889,497,511,748
"Q349","Q","Telephone Playground","Small Park","Athletic Facilities,Comfort Stations,Playground","Queens Sector 11.13","Districts 11, 13",1.06,1.06,2,2,2,1,39,40,38,30,5.2,5.6,6.3,6.3,"No","No","No","No",1064,752,235,265
"Q403","Q","Beach Channel Playground","Small Park","Athletic Facilities,Playground","Queens Sector 14","District 14",1.05,1.05,20,20,9,14,405,431,183,290,4.5,5.8,6.2,5.1,"No","No","No","No",1381,0,864,52
"X183","X","Bruckner Playground","Small Park","Athletic Facilities,Playground","Bronx Sector 9.10","Districts 9, 10",1.05,1.05,4,7,7,5,81,153,150,121,6.1,5.8,5.5,5.3,"No","No","No","No",629,447,519,965
"M111","M","James Weldon Johnson Playground","Small Park","Athletic Facilities,Playground","Manhattan Sector 10.11","Districts 10, 11",1.05,1.05,57,12,8,9,1147,256,170,186,6.5,5.8,5.8,5.4,"Yes","No","No","No",323,454,32,622
"Q044","Q","L/CPL Thomas P. Noonan Jr. Playground","Small Park","Athletic Facilities,Comfort Stations,Playground","Queens Sector 1.2","Districts 1, 2",1.05,1.05,38,43,37,2,716,840,724,48,6.5,6.4,6.6,5.5,"Yes","Yes","Yes","No",462,1106,918,2494
"X131","X","Lozada Playground","Small Park","Athletic Facilities,Comfort Stations,Playground","Bronx Sector 1.2","Districts 1, 2",1.05,1.05,10,11,8,12,206,227,184,234,5,4.8,5.1,5,"No","No","No","No",331,773,1298,846
"X182","X","Millbrook Playground","Small Park","Athletic Facilities,Comfort Stations,Playground","Bronx Sector 1.2","Districts 1, 2",1.05,1.05,10,13,8,13,201,272,188,253,5,5.2,5.4,5.2,"No","No","No","No",429,758,471,1673
"M108G","M","Playground 103 CIII","Small Park","Athletic Facilities,Playground","Manhattan Sector 6.8.15","Districts 6, 8, 15",1.05,1.05,35,35,25,30,656,686,518,607,6.6,6.9,7,6.6,"Yes","Yes","Yes","Yes",329,545,83,638
"Q414","Q","Rocket Playground","Small Park","Athletic Facilities,Playground","Queens Sector 10.12","Districts 10, 12",1.05,1.05,2,18,18,17,46,329,339,323,3.6,5.2,5.2,5.2,"No","Yes","Yes","Yes",40,217,343,1070
"X158","X","Sedgwick Playground","Small Park","Athletic Facilities,Playground","Bronx Sector 4.5","Districts 4, 5",1.05,1.05,8,6,7,8,158,135,158,173,4.9,4.4,4.9,4.9,"No","No","No","No",647,513,128,1012
"Q406","Q","Springfield Park North","Small Park","Athletic Facilities,Comfort Stations","Queens Sector 11.13","Districts 11, 13",1.05,1.05,81,61,64,64,1598,1142,1211,1209,6.5,6.8,6.9,6.5,"Yes","Yes","Yes","Yes",630,165,674,352
"B325","B","Fish Playground","Small Park","Athletic Facilities,Playground","Brooklyn Sector 5.16","Districts 5, 16",1.04,1.04,23,43,57,63,442,895,1255,1401,5.4,6.6,6.9,6.3,"Yes","Yes","Yes","Yes",2077,83,0,284
"B230","B","Nicholas Naquan Heyward Jr. Park","Small Park","Athletic Facilities,Comfort Stations,Playground","Brooklyn Sector 6.7","Districts 6, 7",1.04,1.04,55,61,54,55,1154,1166,1057,1097,6.7,6.9,6.5,6.4,"Yes","Yes","Yes","Yes",336,2549,1020,1774
"Q393I","Q","Planeview Park","Small Park",NA,"Queens Sector 3.4","Districts 3, 4",1.04,1.04,5,4,3,6,102,87,72,125,4.5,4.4,4,5.2,"No","No","No","No",323,38,29,0
"B286","B","Bartlett Playground","Small Park","Athletic Facilities,Comfort Stations,Playground","Brooklyn Sector 1","District 1",1.03,1.03,10,12,41,20,201,244,897,423,4.9,5.6,6.3,6.4,"Yes","Yes","Yes","Yes",227,128,139,1248
"X156","X","Eastchester Playground","Small Park","Athletic Facilities,Comfort Stations,Playground","Bronx Sector 11.12.14","Districts 11, 12, 14",1.03,1.03,10,11,5,12,199,233,108,239,6.2,6.9,6.3,5.9,"No","No","No","No",1454,1479,970,637
"B132","B","Gilbert Ramirez Park","Small Park","Athletic Facilities,Playground","Brooklyn Sector 1","District 1",1.03,1.03,9,6,6,10,193,131,147,198,6.5,6.7,6.8,6.4,"No","No","No","No",28,131,58,226
"Q367","Q","Hammel Playground","Small Park","Athletic Facilities,Comfort Stations,Playground","Queens Sector 14","District 14",1.03,1.03,26,17,7,27,524,352,141,544,4.9,5.5,5.6,5.6,"Yes","No","No","Yes",2189,1459,923,319
"B295","B","Oxport Playground","Small Park","Athletic Facilities,Playground","Brooklyn Sector 2","District 2",1.03,1.03,11,9,7,9,224,182,147,210,5.9,6.1,6.5,6.3,"No","No","No","No",49,411,0,132
"Q430","Q","Sunrise Playground","Small Park","Athletic Facilities,Playground","Queens Sector 11.13","Districts 11, 13",1.03,1.03,8,7,7,8,177,149,145,168,5.3,5.2,5.2,5.6,"No","No","No","No",502,0,0,201
"Q321","Q","Van Alst Playground","Small Park","Athletic Facilities,Playground","Queens Sector 1.2","Districts 1, 2",1.03,1.03,8,10,10,9,167,212,225,195,6.1,6.2,6.7,5.9,"No","No","No","No",402,116,88,370
"Q332","Q","Woodtree Playground","Small Park","Athletic Facilities,Comfort Stations,Playground","Queens Sector 1.2","Districts 1, 2",1.03,1.03,14,20,25,20,274,387,504,407,6.4,5.9,6.5,5.9,"No","Yes","Yes","Yes",623,570,3366,344
"M007","M","Bowling Green","Small Park",NA,"Manhattan Sector 1.2","Districts 1, 2",1.02,1.02,139,106,80,117,270,196,28,64,6.5,6.7,6.9,6.5,"Yes","Yes","Yes","Yes",120,98,4,155
"R042","R","Kaltenmeier Playground","Small Park","Athletic Facility,Playground","Staten Island Sector 1","District 1",1.02,1.02,10,10,7,10,196,208,143,217,6.5,6.8,6.8,6.4,"No","No","No","No",563,362,111,186
"X178","X","Matthews Muliner Playground","Small Park","Athletic Facilities,Comfort Stations,Playground","Bronx Sector 11.12.14","Districts 11, 12, 14",1.02,1.02,13,9,9,16,277,191,203,317,6.3,7,6.2,5.7,"No","No","No","No",3489,745,279,848
"Q289","Q","Pinocchio Playground","Small Park","Athletic Facilities,Playground","Queens Sector 5.6","Districts 5, 6",1.02,1.02,3,3,2,3,77,67,50,76,5.2,5.7,5.5,4.6,"No","No","No","No",1879,211,118,164
"B156","B","Powell Playground","Small Park","Athletic Facilities,Playground","Brooklyn Sector 5.16","Districts 5, 16",1.02,1.02,12,13,19,14,249,277,399,301,4.9,3.9,4.2,3.4,"No","No","No","No",29,66,56,186
"X288","X","West Farms Rapids","Small Park",NA,"Bronx Sector 11.12.14","Districts 11, 12, 14",1.02,1.02,8,21,18,20,187,426,364,406,5.4,5.9,5.7,5.6,"Yes","Yes","Yes","Yes",0,77,0,243
"Q319","Q","Annadale Playground","Small Park","Athletic Facilities,Comfort Stations,Playground","Queens Sector 5.6","Districts 5, 6",1.01,1.01,31,30,14,25,618,586,295,524,5.8,5.5,5.5,5.6,"Yes","Yes","Yes","Yes",3606,963,863,9
"B142","B","Bedford Playground","Small Park","Athletic Facilities,Comfort Stations,Playground","Brooklyn Sector 1","District 1",1,1,11,6,27,11,216,125,550,217,4.9,5.4,5.3,5.3,"Yes","No","No","No",101,852,777,1761
"Q328","Q","Bellerose Playground","Small Park","Athletic Facilities,Comfort Stations,Playground","Queens Sector 11.13","Districts 11, 13",1,1,10,41,62,60,212,774,1181,1131,5.4,5.8,6.8,6.5,"No","Yes","Yes","Yes",254,260,320,598
"M214","M","Blake Hobbs Playground","Small Park","Athletic Facilities,Playground","Manhattan Sector 10.11","Districts 10, 11",1,1,54,8,7,8,1097,163,144,156,6.5,5.5,5.5,5.5,"Yes","No","No","No",27062,340,140,341
"X159","X","Captain William Harry Thompson Playground","Small Park","Athletic Facilities,Comfort Stations,Playground","Bronx Sector 9.10","Districts 9, 10",1,1,70,48,48,58,1296,897,974,1121,5.2,5.2,5.2,5,"Yes","Yes","Yes","Yes",6096,478,8912,13126
"X160","X","Caserta Playground","Small Park","Athletic Facilities,Comfort Stations,Playground","Bronx Sector 9.10","Districts 9, 10",1,1,57,40,37,45,1064,742,751,874,4.9,5.1,5.3,5.2,"Yes","Yes","Yes","Yes",661,639,1893,439
"B362","B","Chester Playground","Small Park","Athletic Facilities,Comfort Stations,Playground","Brooklyn Sector 5.16","Districts 5, 16",1,1,30,33,61,42,584,638,1204,825,5.3,5.5,6.3,5.1,"Yes","Yes","Yes","Yes",2522,153,62,228
"B352","B","Curtis Playground","Small Park","Comfort Stations,Playground","Brooklyn Sector 17.18","Districts 17, 18",1,1,17,16,17,24,362,343,360,514,6.4,6.1,5.1,5.2,"Yes","Yes","Yes","Yes",379,215,0,140
"X110A","X","Hackett Park","Small Park",NA,"Bronx Sector 7.8","Districts 7, 8",1,1,7,3,3,5,146,74,64,105,4.7,3.5,3.8,3.6,"No","No","No","No",336,239,1119,268
"B260","B","Howard Playground","Small Park","Athletic Facilities,Playground","Brooklyn Sector 5.16","Districts 5, 16",1,1,16,13,12,17,323,277,225,374,4.5,3.5,4.5,3,"No","No","No","No",14988,3908,3551,4148
"B357","B","Jackie Robinson Playground","Small Park","Athletic Facilities,Comfort Stations,Playground","Brooklyn Sector 8.9","Districts 8, 9",1,1,21,13,19,18,401,258,393,360,5.6,5.3,6.1,6.1,"No","No","No","No",355,1057,3,650
"M198","M","Martin Luther King, Jr. Playground","Small Park","Comfort Stations,Playground","Manhattan Sector 10.11","Districts 10, 11",1,1,58,62,62,62,1191,1262,1244,1249,6.4,5.9,6.1,6,"Yes","Yes","Yes","Yes",396,581,2967,311
"X154","X","Melrose Playground","Small Park","Athletic Facilities,Playground","Bronx Sector 1.2","Districts 1, 2",1,1,12,16,13,15,235,322,274,306,4.9,5,4.5,5.2,"Yes","No","No","Yes",1469,246,21,562
"M199","M","Monsignor Kett Playground","Small Park","Athletic Facilities,Comfort Stations,Playground","Manhattan Sector 12.12A","Districts 12, 12A",1,1,14,21,15,17,292,424,307,354,5.8,5.9,6.1,5.6,"No","No","No","No",846,122,0,225
"B309","B","Pink Playground","Small Park","Athletic Facilities,Comfort Stations,Playground","Brooklyn Sector 5.16","Districts 5, 16",1,1,30,33,30,34,613,615,569,673,5.7,5.3,5.5,6,"Yes","Yes","Yes","Yes",1624,60,0,93
"X148A2","X","Plimpton Playground","Small Park","Playground","Bronx Sector 4.5","Districts 4, 5",1,1,16,12,9,12,338,257,205,268,4.6,5.2,5,5.1,"No","No","No","No",310,263,729,183
"X203","X","Randall Playground","Small Park","Athletic Facilities,Comfort Stations,Playground","Bronx Sector 9.10","Districts 9, 10",1,1,49,34,29,31,916,632,581,621,4.9,5.2,5,5,"Yes","Yes","Yes","Yes",2112,1800,336,362
"M294","M","Ruppert Park","Small Park","Playground","Manhattan Sector 6.8.15","Districts 6, 8, 15",1,1,32,42,28,22,666,897,600,502,6.5,6.2,6.4,5.9,"No","No","No","No",2278,951,144,582
"B311","B","Ten Eyck Playground","Small Park","Athletic Facilities,Comfort Stations,Playground","Brooklyn Sector 1","District 1",1,1,13,8,56,68,277,193,1460,1437,6.5,6.3,7,6.8,"No","No","Yes","Yes",202,2109,2130,959
"M193","M","Abraham Lincoln Playground","Small Park","Athletic Facility,Comfort Stations,Playground","Manhattan Sector 10.11","Districts 10, 11",0.99,0.99,62,44,45,54,1255,853,898,1098,6.4,6.5,6.3,5.9,"Yes","Yes","Yes","Yes",7356,1162,9130,8554
"Q313","Q","Arverne Playground","Small Park","Athletic Facilities,Playground","Queens Sector 14","District 14",0.99,0.99,20,20,9,13,397,422,181,271,4.6,6,6,5.4,"No","No","No","No",328,14,0,1371
"X194","X","Captain Rivera Playground","Small Park","Athletic Facilities,Comfort Stations,Playground","Bronx Sector 1.2","Districts 1, 2",0.99,0.99,12,17,10,14,230,345,202,279,5.1,5.5,5.8,5.4,"No","No","No","Yes",501,500,293,331
"M242","M","Collect Pond Park","Small Park",NA,"Manhattan Sector 1.2","Districts 1, 2",0.99,0.99,113,91,66,197,2252,1883,1327,4024,5.8,5.3,6.2,6.5,"Yes","Yes","Yes","Yes",762,182,14,1730
"X222","X","Gouverneur Playground","Small Park","Athletic Facilities,Comfort Stations,Playground","Bronx Sector 3.6","Districts 3, 6",0.98,0.98,8,31,29,24,149,606,584,483,4.6,5.9,6.2,5.6,"No","No","No","Yes",921,1125,2325,910
"Q405","Q","Hollis Playground","Small Park","Athletic Facilities,Comfort Stations,Playground","Queens Sector 10.12","Districts 10, 12",0.98,0.98,34,31,43,32,645,585,840,640,6.1,6.2,6.9,5.9,"Yes","Yes","Yes","Yes",510,3081,0,1917
"Q211","Q","Maple Playground","Small Park","Athletic Facilities,Comfort Stations,Playground","Queens Sector 7","District 7",0.98,0.98,2,25,17,16,45,545,357,301,4.8,5.6,5.5,5.1,"No","Yes","Yes","No",28,512,48,156
"X115","X","Mott Playground","Small Park","Athletic Facilities,Comfort Stations,Playground","Bronx Sector 4.5","Districts 4, 5",0.98,0.98,22,13,10,16,485,281,228,328,5.8,6,4.7,4.8,"No","No","No","No",2032,2024,1234,1646
"X273","X","Rock Garden Park","Small Park","Athletic Facility,Playground","Bronx Sector 3.6","Districts 3, 6",0.98,0.98,13,15,17,19,259,317,368,401,5.5,6.5,6.7,5.8,"No","No","No","No",702,681,281,1449
"BT10","B","Holocaust Memorial Park","Small Park",NA,"Brooklyn Sector 11.15","Districts 11, 15",0.97,0.97,13,9,10,13,327,209,215,281,6.4,7,7,6.5,"No","No","No","No",0,132,0,99
"Q407","Q","Lanett Playground","Small Park","Athletic Facilities,Comfort Stations,Playground","Queens Sector 14","District 14",0.97,0.97,71,61,83,100,1426,1231,1638,2057,4.4,5.5,6.8,5.2,"Yes","Yes","Yes","Yes",440,412,238,69
"M213","M","Mae Grant Playground","Small Park","Athletic Facilities,Playground","Manhattan Sector 10.11","Districts 10, 11",0.97,0.97,55,11,8,7,1119,222,169,145,6.5,5.3,5.5,5.3,"Yes","No","No","No",233,466,56,311
"X272","X","Ranaqua Playground","Small Park","Athletic Facility,Playground","Bronx Sector 1.2","Districts 1, 2",0.97,0.97,15,16,7,11,307,307,154,222,5.1,4.8,5.2,4.7,"No","No","No","No",923,816,224,446
"X087","X","Zimmerman Playground","Small Park","Athletic Facilities,Comfort Stations,Playground","Bronx Sector 11.12.14","Districts 11, 12, 14",0.97,0.97,13,7,7,13,270,143,150,257,6.4,6.9,6.4,5.8,"No","No","No","No",1181,621,642,2324
"B287","B","Andries Playground","Small Park","Athletic Facilities","Brooklyn Sector 14.19","Districts 14, 19",0.96,0.96,8,10,6,8,178,225,143,174,4.4,6,6.2,5.6,"No","No","No","No",0,77,0,99
"B541","B","Berriman Playground","Small Park","Comfort Stations","Brooklyn Sector 5.16","Districts 5, 16",0.96,0.96,32,37,23,31,605,720,493,684,4.9,5.3,5.2,5.8,"Yes","Yes","Yes","Yes",673,1170,21,888
"B347","B","Carver Playground","Small Park","Athletic Facilities,Comfort Stations,Playground","Brooklyn Sector 3.4","Districts 3, 4",0.96,0.96,18,20,20,20,343,399,398,395,6.1,6.6,6.4,6.1,"Yes","Yes","Yes","Yes",807,682,526,834
"B320","B","Park Slope Playground","Small Park","Athletic Facilities,Comfort Stations,Playground","Brooklyn Sector 6.7","Districts 6, 7",0.96,0.96,66,64,54,59,1256,1295,1148,1223,6.6,7,6.8,6.6,"Yes","Yes","Yes","Yes",2387,602,2300,1439
"M215","M","Cherry Tree Park","Small Park","Athletic Facilities,Comfort Stations,Playground","Manhattan Sector 10.11","Districts 10, 11",0.95,0.95,67,45,43,58,1341,894,853,1182,6.6,6.5,6.3,6.1,"Yes","Yes","Yes","Yes",901,2372,1275,482
"B223IA","B","Clumber Corner","Small Park",NA,"Brooklyn Sector 2","District 2",0.95,0.95,2,2,2,3,45,43,53,57,5.7,6,6.5,5.9,"No","No","No","No",0,5,8,0
"R086","R","Davis Playground","Small Park","Athletic Facilities,Playground","Staten Island Sector 1","District 1",0.95,0.95,11,8,9,4,233,178,197,96,6.1,6,6,4.4,"No","No","No","No",404,269,502,245
"M233","M","Matthew P. Sapolin Playground","Small Park","Athletic Facilities,Comfort Stations,Playground","Manhattan Sector 7.9","Districts 7, 9",0.95,0.95,34,17,7,8,681,354,154,172,6.5,6.4,6.5,5.9,"Yes","No","No","No",3987,599,109,217
"X021","X","Drew Playground","Small Park","Athletic Facilities,Comfort Stations,Playground","Bronx Sector 3.6","Districts 3, 6",0.94,0.94,8,22,15,28,155,411,306,566,4.4,5.5,6.1,5.7,"No","Yes","Yes","No",266,1503,160,428
"X247","X","Fox Park","Small Park","Athletic Facilities,Comfort Stations,Playground","Bronx Sector 1.2","Districts 1, 2",0.94,0.94,42,20,13,26,396,392,260,510,4.9,5.6,4.8,5.4,"Yes","Yes","No","Yes",1072,707,560,1540
"M183","M","Peter Minuit Playground","Small Park","Athletic Facilities,Playground","Manhattan Sector 10.11","Districts 10, 11",0.94,0.94,56,9,8,8,1139,181,161,162,6.6,5.6,5.5,5.4,"Yes","No","No","No",125,1114,479,97
"Q427","Q","South Rochdale Playground","Small Park","Athletic Facilities,Playground","Queens Sector 10.12","Districts 10, 12",0.94,0.94,9,10,5,30,189,204,106,601,5.2,5.9,6.5,5,"No","No","No","Yes",28,26,0,556
"Q421","Q","Walter Ward Playground","Small Park","Athletic Facilities,Playground","Queens Sector 10.12","Districts 10, 12",0.94,0.94,9,6,4,6,185,115,89,134,5.4,5.5,5.8,5.6,"No","No","No","No",271,642,97,238
"Q436","Q","Athens Square","Small Park","Athletic Facility,Comfort Stations,Playground","Queens Sector 1.2","Districts 1, 2",0.93,0.93,82,53,62,46,1645,1069,1316,941,6.2,5.8,5.8,5.9,"Yes","Yes","Yes","Yes",606,1019,2526,2436
"B277","B","Benson Playground","Small Park","Athletic Facilities,Comfort Stations,Playground","Brooklyn Sector 11.15","Districts 11, 15",0.93,0.93,41,30,21,46,787,589,447,942,6.3,7,6.8,6.6,"Yes","Yes","No","Yes",1305,1873,1057,1005
"B353","B","Bergen Beach Playground","Small Park","Athletic Facilities,Playground","Brooklyn Sector 17.18","Districts 17, 18",0.93,0.93,11,16,11,11,219,329,240,231,4.6,5.1,5.5,4.4,"No","No","No","No",104,318,201,503
"B102","B","Crispus Attucks Playground","Small Park","Athletic Facilities,Comfort Stations,Playground","Brooklyn Sector 2","District 2",0.93,0.93,38,35,25,19,714,654,470,389,5.7,5.8,5.8,5.9,"Yes","Yes","Yes","Yes",386,1467,1100,1538
"RT04","R","Korean War Veterans Memorial Park","Small Park",NA,"Staten Island Sector 2.2B","Districts 2, 2B",0.93,0.93,3,4,1,NA,70,88,21,NA,6.5,6,2,NA,"No","No","No",NA,0,0,0,400
"B255K","B","Sitting Area","Small Park",NA,"Brooklyn Sector 6.7","Districts 6, 7",0.93,0.93,5,4,3,3,123,87,78,76,5.8,5.9,5.5,5.1,"No","No","No","No",67,0,100,111
"B315","B","Surf Playground","Small Park","Athletic Facilities,Comfort Stations,Playground","Brooklyn Sector 13","District 13",0.93,0.93,28,4,4,25,550,100,100,465,6.4,5.2,4.5,6,"Yes","No","No","Yes",1127,1498,83,715
"B307","B","Tiger Playground","Small Park","Athletic Facilities,Comfort Stations,Playground","Brooklyn Sector 3.4","Districts 3, 4",0.93,0.93,30,8,10,11,638,171,237,259,6.4,6.7,6.8,6.5,"Yes","No","No","No",693,231,95,165
"R009","R","Amundsen Circle","Small Park",NA,"Staten Island Sector 3","District 3",0.92,0.92,5,7,8,10,113,160,183,218,5,6.6,6.8,6.4,"No","No","No","No",827,333,290,0
"B361","B","Boerum Park","Small Park","Athletic Facility,Playground","Brooklyn Sector 6.7","Districts 6, 7",0.92,0.92,21,20,16,19,459,429,351,421,6.8,6.9,6.8,6.4,"No","No","No","No",135,289,219,229
"B397","B","Carter G. Woodson Children's Park","Small Park","Athletic Facility,Playground","Brooklyn Sector 5.16","Districts 5, 16",0.92,0.92,30,26,46,63,607,535,946,1295,6.1,5.2,6.5,5.7,"Yes","Yes","Yes","Yes",205,86,300,827
"Q385","Q","Ditmars Playground","Small Park","Athletic Facilities,Comfort Stations,Playground","Queens Sector 1.2","Districts 1, 2",0.92,0.92,51,35,39,37,1039,650,762,736,6.5,6.2,6.5,5.9,"Yes","Yes","Yes","Yes",646,1284,5779,1358
"B321","B","Edmonds Playground","Small Park","Athletic Facilities,Comfort Stations,Playground","Brooklyn Sector 2","District 2",0.92,0.92,37,28,24,23,691,528,451,456,5.4,5.7,6,6,"Yes","Yes","Yes","No",999,254,1111,1047
"X243","X","Estella Diggs Park","Small Park",NA,"Bronx Sector 3.6","Districts 3, 6",0.92,0.92,9,15,14,17,185,317,304,364,4.7,6.5,6.5,5.9,"No","No","No","No",2,182,0,431
"B223E","B","Fruit Street Sitting Area","Small Park",NA,"Brooklyn Sector 2","District 2",0.92,0.92,2,5,12,12,36,94,228,240,5.8,6.4,6.9,6.6,"No","No","Yes","Yes",0,507,95,0
"B340","B","Garden Playground","Small Park","Athletic Facilities,Playground","Brooklyn Sector 3.4","Districts 3, 4",0.92,0.92,10,7,9,10,215,160,222,238,6.4,6.5,6.6,6.1,"No","No","No","No",216,130,0,3279
"B363","B","Houston Playground","Small Park","Playground","Brooklyn Sector 5.16","Districts 5, 16",0.92,0.92,11,11,12,15,238,242,271,326,5.1,3.8,4.2,3.3,"No","No","No","No",675,485,132,474
"R012","R","John E. White Park","Small Park","Playground","Staten Island Sector 1","District 1",0.92,0.92,9,7,5,9,176,139,109,176,6.4,6.7,6.8,6.9,"No","No","No","No",110,938,100,224
"B367","B","Livonia Park","Small Park",NA,"Brooklyn Sector 5.16","Districts 5, 16",0.92,0.92,10,13,8,10,202,287,181,217,4.1,3.1,3.6,3.3,"No","No","No","No",1158,88,194,1400
"B339","B","Newport Playground","Small Park","Athletic Facilities,Comfort Stations,Playground","Brooklyn Sector 5.16","Districts 5, 16",0.92,0.92,33,64,76,80,620,1290,1565,1653,6.1,6.2,6.7,6.1,"Yes","Yes","Yes","Yes",582,802,91,452
"B292","B","Pratt Playground","Small Park","Athletic Facilities,Comfort Stations,Playground","Brooklyn Sector 2","District 2",0.92,0.92,38,24,23,29,718,453,438,569,5.6,6.1,6.4,5.9,"Yes","No","No","Yes",1092,434,2675,3621
"X238","X","Saw Mill Playground","Small Park","Athletic Facilities,Comfort Stations,Playground","Bronx Sector 1.2","Districts 1, 2",0.92,0.92,8,10,18,19,163,214,383,370,5,4.5,5.7,5.4,"No","No","No","No",123,476,304,770
"X148L1","X","Virginia Park","Small Park",NA,"Bronx Sector 9.10","Districts 9, 10",0.92,0.92,15,21,23,26,359,466,519,541,5,5.1,5.2,5.1,"Yes","Yes","Yes","Yes",125,153,156,174
"R027A","R","Aesop Park","Small Park","Playground","Staten Island Sector 3","District 3",0.91,0.91,6,8,7,7,134,179,172,156,6.3,6.9,6.6,6,"No","No","No","No",239,560,181,585
"Q399","Q","Bay Terrace Playground","Small Park","Athletic Facilities,Comfort Stations,Playground","Queens Sector 7","District 7",0.91,0.91,4,7,6,5,95,149,124,103,5.9,5.8,6.3,5.2,"No","No","No","No",915,1280,171,1523
"B098","B","Martin Luther Playground","Small Park","Athletic Facilities,Playground","Brooklyn Sector 6.7","Districts 6, 7",0.91,0.91,16,14,11,11,349,320,272,259,6.4,6.6,6.8,6.4,"No","No","No","No",28,408,5039,214
"X207","X","Pontiac Playground","Small Park","Athletic Facilities,Playground","Bronx Sector 1.2","Districts 1, 2",0.91,0.91,10,16,7,20,207,312,157,396,5,4.8,4.8,4.1,"No","No","No","No",1063,499,30,56
"X085","X","Slattery Playground","Small Park","Athletic Facilities,Comfort Stations,Playground","Bronx Sector 4.5","Districts 4, 5",0.91,0.91,9,11,9,23,184,241,199,476,5.4,6.5,5.8,6.2,"No","No","No","No",3487,1379,736,886
"B348","B","Willoughby Playground","Small Park","Athletic Facilities,Comfort Stations,Playground","Brooklyn Sector 3.4","Districts 3, 4",0.91,0.91,37,33,42,38,682,635,840,772,6.5,6.4,6.5,6.3,"Yes","Yes","Yes","Yes",234,382,823,865
"B001","B","American Playground","Small Park","Athletic Facilities,Comfort Stations,Playground","Brooklyn Sector 1","District 1",0.9,0.9,10,14,10,16,217,286,202,316,6.5,6.6,6.5,6.2,"No","No","No","No",615,1893,1406,795
"Q506","Q","Gateway Park","Small Park",NA,"Queens Sector 10.12","Districts 10, 12",0.9,0.9,6,9,8,10,122,190,176,200,4.4,5.7,6.3,5.5,"No","No","No","No",337,312,288,864
"Q067A","Q","General Hart Playground","Small Park","Athletic Facility,Comfort Stations,Playground","Queens Sector 1.2","Districts 1, 2",0.9,0.9,20,14,4,2,386,269,86,39,6,5.6,5.8,5.9,"Yes","No","No","No",485,2191,694,3316
"Q025","Q","Major Mark Park","Small Park",NA,"Queens Sector 10.12","Districts 10, 12",0.9,0.9,10,14,9,9,198,284,200,186,5.1,6.5,6.5,5,"No","No","No","No",105,0,133,0
"Q291","Q","Starr Playground","Small Park","Athletic Facilities,Playground","Queens Sector 5.6","Districts 5, 6",0.9,0.9,6,6,6,5,129,132,139,122,5.8,5.2,6.2,4.7,"No","No","No","No",207,374,37,272
"B220","B","Washington Hall Park","Small Park","Athletic Facilities,Comfort Stations,Playground","Brooklyn Sector 2","District 2",0.9,0.9,42,35,43,35,805,686,820,689,5.9,6.6,6.2,6.1,"Yes","Yes","Yes","Yes",296,219,111,456
"R062","R","Arrochar Playground","Small Park","Athletic Facilities,Comfort Stations,Playground","Staten Island Sector 2.2B","Districts 2, 2B",0.89,0.89,31,46,48,52,620,922,973,1045,6.4,6.6,6.8,6.1,"Yes","Yes","Yes","Yes",3457,736,3074,544
"B313","B","El Shabazz Playground","Small Park","Athletic Facilities,Comfort Stations,Playground","Brooklyn Sector 3.4","Districts 3, 4",0.89,0.89,44,22,22,26,819,455,446,515,6.4,5.8,5.8,5.4,"Yes","Yes","Yes","Yes",203,393,347,813
"M235","M","Sol Lain Plgd","Small Park","Athletic Facilities,Comfort Stations,Playground","Manhattan Sector 3","District 3",0.89,0.89,13,18,11,13,265,358,240,257,6.6,6.3,5.9,5.2,"Yes","Yes","No","Yes",123,476,356,1249
"M208A","M","Alice Kornegay Triangle","Small Park","Comfort Stations,Playground","Manhattan Sector 10.11","Districts 10, 11",0.88,0.88,58,27,20,26,1180,549,408,527,6.4,6.5,6.6,6.4,"Yes","Yes","Yes","Yes",684,2979,1588,1521
"M035","M","Brigadier General Charles Young Triangle","Small Park",NA,"Manhattan Sector 10.11","Districts 10, 11",0.88,0.88,46,8,5,6,932,156,111,127,6.1,4.2,4.4,4.7,"Yes","No","No","No",252,214,236,244
"Q408","Q","Harold Schneiderman Playground","Small Park","Athletic Facilities,Comfort Stations,Playground","Queens Sector 10.12","Districts 10, 12",0.88,0.88,5,5,4,6,107,105,80,123,4.8,5.3,5.7,5.6,"No","No","No","No",76,715,56,13
"Q212","Q","Queens Valley Playground","Small Park","Athletic Facilities,Comfort Stations,Playground","Queens Sector 8.9","Districts 8, 9",0.88,0.88,17,11,8,23,364,254,192,505,6.4,5.6,5.4,5.6,"Yes","Yes","No","Yes",837,2541,126,170
"Q357B01","Q","Barrier Playground","Small Park","Athletic Facilities","Queens Sector 5.6","Districts 5, 6",0.87,0.87,28,26,33,36,537,496,668,756,5.8,5.4,6.4,5.8,"Yes","Yes","Yes","Yes",61,0,476,87
"B332","B","Evergreen Playground","Small Park","Athletic Facilities,Playground","Brooklyn Sector 3.4","Districts 3, 4",0.87,0.87,30,8,8,11,643,171,205,262,6.4,6.8,6.7,6.5,"Yes","No","No","No",0,0,42,97
"B107","B","Lion's Pride Playground","Small Park","Playground","Brooklyn Sector 5.16","Districts 5, 16",0.87,0.87,14,13,10,15,272,285,209,335,4.7,4.9,4.8,4.9,"No","No","No","No",320,617,1310,618
"B099","B","Lt. Joseph Petrosino Park","Small Park","Athletic Facilities,Playground","Brooklyn Sector 11.15","Districts 11, 15",0.87,0.87,20,17,20,18,463,375,442,407,6.4,6.9,7,6.2,"No","No","No","No",574,412,219,1047
"B306","B","Playground 286","Small Park","Athletic Facilities,Comfort Stations,Playground","Brooklyn Sector 11.15","Districts 11, 15",0.87,0.87,37,17,7,20,694,346,156,410,6.6,7,7,6.6,"Yes","No","No","Yes",1229,570,1430,310
"R127","R","Joseph Manna Park","Small Park",NA,"Staten Island Sector 1","District 1",0.85,0.85,5,5,3,5,92,94,69,95,5,6,5.7,5.4,"No","No","No","No",0,241,0,30
"M241","M","Nathan Straus Playground","Small Park","Athletic Facilities,Playground","Manhattan Sector 3","District 3",0.85,0.85,16,14,9,16,369,289,178,316,6.2,6,5.6,5.3,"Yes","No","No","Yes",206,135,75,212
"B261","B","Sankofa Park","Small Park","Athletic Facilities,Comfort Stations,Playground","Brooklyn Sector 5.16","Districts 5, 16",0.85,0.85,19,17,10,8,380,366,213,163,4.5,3.8,4.2,3.9,"No","No","No","No",361,88,56,2
"X208","X","Haviland Playground","Small Park","Athletic Facilities","Bronx Sector 9.10","Districts 9, 10",0.84,0.84,11,10,7,8,222,203,163,155,5.1,5.1,5.2,5.1,"No","No","No","No",21,19,0,0
"Q357I","Q","Nassau Mall","Small Park",NA,"Queens Sector 11.13","Districts 11, 13",0.84,0.84,2,2,2,2,44,38,43,53,3.5,3.7,3.9,3.7,"No","No","No","No",95,0,0,0
"M244","M","Sol Bloom Playground","Small Park","Athletic Facilities,Comfort Stations,Playground","Manhattan Sector 7.9","Districts 7, 9",0.84,0.84,63,33,20,32,1213,645,404,614,6.2,6.4,6.7,6.1,"Yes","Yes","No","Yes",637,360,161,1565
"B316","B","DiGilio Playground","Small Park","Comfort Stations,Playground","Brooklyn Sector 14.19","Districts 14, 19",0.83,0.83,54,49,53,68,1153,1023,1114,1376,6,6.5,6.8,6.1,"Yes","Yes","Yes","Yes",342,416,157,738
"M321","M","Lower East Side Playground","Small Park","Athletic Facilities,Playground","Manhattan Sector 3","District 3",0.83,0.83,8,11,8,6,162,216,174,126,5.1,6.2,6.8,6.1,"Yes","Yes","No","No",73,30,41,22
"Q357J","Q","Nassau Mall South","Small Park",NA,"Queens Sector 11.13","Districts 11, 13",0.83,0.83,1,1,1,2,30,33,35,45,3.4,3.8,3.8,3.9,"No","No","No","No",14,0,0,0
"M239","M","P.S. 155 Playground","Small Park","Athletic Facilities,Comfort Stations,Playground","Manhattan Sector 10.11","Districts 10, 11",0.83,0.83,55,8,29,90,1113,159,579,1820,6.4,5.3,5.5,5.8,"Yes","No","Yes","Yes",100,148,1342,613
"X211","X","Stebbins Playground","Small Park","Athletic Facilities","Bronx Sector 1.2","Districts 1, 2",0.83,0.83,10,11,8,13,188,212,166,272,4.1,5.2,5.1,4.8,"Yes","Yes","No","Yes",425,65,162,256
"Q028A","Q","Tribute Park","Small Park",NA,"Queens Sector 14","District 14",0.83,0.83,7,10,6,6,133,208,116,127,3.3,6,6.5,4.5,"No","No","No","No",1340,56,230,107
"X146","X","Flynn Playground","Small Park","Athletic Facilities,Comfort Stations,Playground","Bronx Sector 1.2","Districts 1, 2",0.82,0.82,9,14,10,14,170,290,216,274,5.2,5,5.6,5.3,"No","No","No","No",6146,1048,1049,866
"Q419","Q","Hart Playground","Small Park","Athletic Facilities,Playground","Queens Sector 7","District 7",0.82,0.82,5,11,7,5,113,220,141,109,5.1,5.2,5.7,5.3,"No","Yes","No","No",172,117,0,183
"X120","X","Highbridge Park","Small Park","Trails","Bronx Sector 4.5","Districts 4, 5",0.82,0.82,15,7,11,11,318,144,230,245,5.9,4.5,5.9,5.6,"No","No","No","No",548,411,121,675
"X162","X","Parkside Playground","Small Park","Athletic Facilities,Comfort Stations,Playground","Bronx Sector 11.12.14","Districts 11, 12, 14",0.82,0.82,11,8,6,10,215,165,135,192,6.4,6.9,6.4,5.8,"No","No","No","No",2429,1284,376,568
"M041","M","Alexander Hamilton Playground","Small Park","Athletic Facilities,Comfort Stations,Playground","Manhattan Sector 7.9","Districts 7, 9",0.81,0.81,55,61,42,39,1092,1240,907,830,6.3,6.6,6.8,6.4,"Yes","Yes","Yes","Yes",1684,589,674,1115
"Q322","Q","Bellaire Playground","Small Park","Athletic Facilities,Comfort Stations,Playground","Queens Sector 11.13","Districts 11, 13",0.81,0.81,57,62,65,61,1111,1172,1228,1163,6.6,6.8,6.9,6.5,"Yes","Yes","Yes","Yes",271,107,0,4293
"Q395","Q","Steinway Playground","Small Park","Athletic Facilities","Queens Sector 1.2","Districts 1, 2",0.81,0.81,11,17,25,22,211,334,494,434,5.9,5.5,6.4,5.5,"No","Yes","Yes","Yes",960,1589,52,43
"B345","B","Ethan Allen Playground","Small Park","Athletic Facilities,Comfort Stations,Playground","Brooklyn Sector 5.16","Districts 5, 16",0.8,0.8,18,36,38,30,358,722,756,606,4.5,5.4,6.2,5.2,"No","Yes","Yes","Yes",177,158,111,368
"M243","M","Eugene McCabe Field","Small Park","Athletic Facilities","Manhattan Sector 10.11","Districts 10, 11",0.79,0.79,62,6,3,6,1254,119,68,122,6.2,4.5,4.8,4.6,"Yes","No","No","No",917,409,207,681
"B304","B","Kennedy King Playground","Small Park","Athletic Facilities,Comfort Stations,Playground","Brooklyn Sector 17.18","Districts 17, 18",0.79,0.79,30,24,22,34,621,514,467,709,6.5,6.4,5.5,5.2,"Yes","Yes","Yes","Yes",272,203,587,629
"R107","R","New Dorp Park","Small Park",NA,"Staten Island Sector 2.2B","Districts 2, 2B",0.79,0.79,3,4,3,4,72,80,68,73,6.4,6.2,6.2,5.7,"No","No","No","No",357,0,129,139
"M236","M","Samuel Seabury Playground","Small Park","Athletic Facilities,Comfort Stations,Playground","Manhattan Sector 6.8.15","Districts 6, 8, 15",0.79,0.79,89,77,17,49,1708,1490,367,953,6.3,6.5,5.8,5.9,"Yes","Yes","No","Yes",1484,369,151,2883
"Q429","Q","Spirit Playground","Small Park","Athletic Facilities,Comfort Stations,Playground","Queens Sector 1.2","Districts 1, 2",0.79,0.79,35,22,13,30,677,411,277,580,5.9,5.7,6.2,5.7,"Yes","No","No","Yes",2103,500,213,703
"M182","M","Vladeck Park","Small Park",NA,"Manhattan Sector 3","District 3",0.79,0.79,2,4,0,5,30,86,10,95,1,1.2,1,2,"No","Yes","No","No",139,2,0,38
"X206","X","Morgan Playground","Small Park","Athletic Facilities,Playground","Bronx Sector 3.6","Districts 3, 6",0.78,0.78,8,20,17,21,154,395,341,413,4.6,5.8,6.1,5.5,"No","No","No","Yes",528,461,109,670
"B167A","B","La Guardia Playground","Small Park","Athletic Facilities","Brooklyn Sector 1","District 1",0.77,0.77,11,6,7,20,209,112,148,420,4.9,5.7,5,6.6,"Yes","No","No","Yes",54,101,103,88
"R032","R","Maple Woods","Small Park",NA,"Staten Island Sector 1","District 1",0.77,0.77,7,6,4,7,142,119,90,135,5.2,4.3,5.9,5.6,"No","No","No","No",NA,NA,NA,NA
"M054","M","Mitchel Square","Small Park",NA,"Manhattan Sector 12.12A","Districts 12, 12A",0.77,0.77,33,15,14,17,667,301,283,345,5.8,5.8,6,6.1,"Yes","No","No","No",0,0,29,113
"M204","M","Moore Playground","Small Park","Athletic Facilities,Playground","Manhattan Sector 10.11","Districts 10, 11",0.77,0.77,65,42,48,55,1311,818,952,1107,6.4,6.2,6.4,5.9,"Yes","Yes","Yes","Yes",159,510,164,516
"Q338","Q","Admiral Playground","Small Park","Athletic Facilities,Comfort Stations,Playground","Queens Sector 11.13","Districts 11, 13",0.76,0.76,2,2,2,4,43,48,47,95,5.2,5.8,6.3,6.1,"No","No","No","No",858,386,469,160
"M124","M","First Park","Small Park","Athletic Facilities,Playground","Manhattan Sector 3","District 3",0.76,0.76,8,16,12,13,153,343,259,283,5.2,6.5,6.7,6.1,"No","No","No","No",165,745,101,192
"X105","X","Jerome Slope","Small Park",NA,"Bronx Sector 4.5","Districts 4, 5",0.76,0.76,20,5,9,7,218,107,194,137,4.1,1.9,3.4,2.2,"Yes","No","No","Yes",152,391,60,512
"Q037","Q","Neponsit Mall","Small Park",NA,"Queens Sector 14","District 14",0.76,0.76,3,3,4,5,56,62,75,94,4.1,4.5,4.8,4.2,"No","No","No","No",NA,NA,NA,NA
"X348","X","River Avenue Parks","Small Park","Playground","Bronx Sector 4.5","Districts 4, 5",0.756,0.67,29,13,16,12,531,278,339,233,5.8,5.6,5.6,4.9,"No","No","No","No",896,965,245,509
"B223R","B","Jaime Campiz Playground","Small Park","Athletic Facilities,Comfort Stations,Playground","Brooklyn Sector 1","District 1",0.75,0.75,10,7,6,22,213,140,128,460,5.4,6.2,5.5,6.6,"Yes","No","No","Yes",337,721,755,3489
"Q354","Q","Playground Seventy Five","Small Park","Athletic Facilities,Comfort Stations,Playground","Queens Sector 8.9","Districts 8, 9",0.75,0.75,42,21,8,11,796,412,183,226,6.4,5.8,6.1,5.8,"Yes","Yes","No","No",964,10,434,214
"X042","X","Rose Hill Park","Small Park","Comfort Stations","Bronx Sector 3.6","Districts 3, 6",0.75,0.75,20,18,19,30,387,372,396,627,6.2,6.5,6.5,5.9,"No","No","No","No",1628,1232,600,1104
"M184","M","Samuel N. Bennerson 2nd Playground","Small Park","Playground","Manhattan Sector 7.9","Districts 7, 9",0.75,0.75,20,14,8,12,398,294,176,263,6.8,6.6,6.5,6.2,"No","No","No","No",1532,15781,251,1254
"X164","X","Dawson Playground","Small Park","Athletic Facilities,Playground","Bronx Sector 1.2","Districts 1, 2",0.74,1.09,53,20,15,17,1097,445,347,391,5.8,6.8,6.3,5.9,"Yes","No","No","No",543,482,907,658
"B257","B","Frost Playground","Small Park","Athletic Facilities,Playground","Brooklyn Sector 1","District 1",0.74,0.74,10,7,4,15,220,155,82,306,5.3,6.2,4.8,6.5,"No","No","No","No",50,66,118,83
"B255E","B","Park","Small Park",NA,"Brooklyn Sector 6.7","Districts 6, 7",0.74,0.74,13,13,15,16,250,244,293,314,5.9,6.1,6.6,5.9,"Yes","Yes","Yes","Yes",NA,NA,NA,NA
"R095","R","Park","Small Park",NA,"Staten Island Sector 3","District 3",0.74,0.74,1,1,1,1,25,28,25,23,3.7,4,3.4,3.5,"No","No","No","No",NA,NA,NA,NA
"B210J","B","Pena Herrera Playground","Small Park","Athletic Facilities,Comfort Stations,Playground","Brooklyn Sector 6.7","Districts 6, 7",0.74,0.74,36,27,22,26,682,510,464,540,6.5,6.5,6.8,6.3,"Yes","Yes","Yes","Yes",2126,1318,215,241
"X059","X","Sergeant Johnson Triangle","Small Park",NA,"Bronx Sector 3.6","Districts 3, 6",0.74,0.74,8,9,6,3,170,182,133,69,4.5,5.2,4.5,3.5,"No","No","No","No",356,219,130,318
"M219","M","Tecumseh Playground","Small Park","Athletic Facilities,Comfort Stations,Playground","Manhattan Sector 7.9","Districts 7, 9",0.74,0.74,68,42,28,40,1290,806,569,813,6.4,6.7,6.4,6.2,"Yes","Yes","Yes","Yes",605,306,1380,1137
"X082","X","University Malls","Small Park",NA,"Bronx Sector 4.5","Districts 4, 5",0.74,0.74,7,7,8,9,146,151,190,200,3.9,3.8,4.7,5.5,"No","No","No","No",0,169,0,0
"X174","X","Webster Playground","Small Park","Athletic Facilities,Comfort Stations,Playground","Bronx Sector 3.6","Districts 3, 6",0.74,0.74,16,17,36,15,344,339,728,305,5.5,5.6,6.6,5.8,"No","No","No","Yes",1103,1400,986,828
"Q205B","Q","Nathan Weidenbaum Playground","Small Park","Athletic Facility,Playground","Queens Sector 1.2","Districts 1, 2",0.73,0.73,21,10,11,2,387,195,202,39,6.4,6,5.8,5.5,"Yes","Yes","Yes","No",230,273,28,391
"R083","R","North Shore Esplanade","Small Park",NA,"Staten Island Sector 1","District 1",0.73,0.73,5,4,5,6,107,79,105,126,3.4,4.2,6.4,5.5,"No","No","No","No",0,359,223,0
"X032","X","Railroad Park","Small Park","Playground","Bronx Sector 3.6","Districts 3, 6",0.73,0.73,15,20,24,17,296,391,466,337,5.9,5.8,5.8,5.6,"No","No","Yes","Yes",110,240,299,951
"M046","M","Vietnam Veterans Plaza","Small Park",NA,"Manhattan Sector 1.2","Districts 1, 2",0.73,0.73,9,20,13,22,232,477,372,567,1.1,1.5,1.2,1.3,"Yes","Yes","Yes","Yes",NA,NA,NA,NA
"M238","M","Bloomingdale Playground","Small Park","Athletic Facilities,Comfort Stations,Playground","Manhattan Sector 7.9","Districts 7, 9",0.72,0.72,47,36,22,33,880,678,453,618,6.4,6.6,6.9,6.3,"Yes","Yes","Yes","Yes",617,587,1708,659
"R165","R","Blueberry Park","Small Park",NA,"Staten Island Sector 3","District 3",0.72,0.72,0,0,0,0,1,1,2,3,1,1,1,1,"No","No","No","No",NA,NA,NA,NA
"X200","X","Clark Playground","Small Park","Athletic Facilities,Comfort Stations,Playground","Bronx Sector 1.2","Districts 1, 2",0.72,0.72,7,24,12,20,136,500,255,404,5.4,5.5,5,5.7,"No","No","No","Yes",1031,411,1457,2486
"X161","X","Gun Hill Playground","Small Park","Athletic Facilities,Comfort Stations,Playground","Bronx Sector 11.12.14","Districts 11, 12, 14",0.72,0.72,24,20,8,13,491,404,182,278,6.5,6.7,6.5,6.2,"No","No","No","No",1441,714,1300,1006
"X113","X","Hunts Point Playground","Small Park","Athletic Facilities,Comfort Stations,Playground","Bronx Sector 1.2","Districts 1, 2",0.72,0.72,18,17,15,25,335,321,307,503,4.5,5.4,4.9,5.4,"Yes","Yes","No","Yes",966,1689,1031,1463
"X265","X","Galileo Playground","Small Park","Playground","Bronx Sector 4.5","Districts 4, 5",0.71,0.71,9,6,6,6,184,136,128,141,4.9,5.4,5,4.4,"No","No","No","No",1098,492,853,877
"X228","X","I-Am-Park","Small Park","Athletic Facilities","Bronx Sector 1.2","Districts 1, 2",0.71,0.71,15,16,8,14,298,316,169,264,4.6,5.2,4.8,4.7,"Yes","Yes","No","Yes",0,28,0,0
"B317","B","Lafayette Gardens Playground","Small Park","Athletic Facilities,Playground","Brooklyn Sector 3.4","Districts 3, 4",0.71,0.71,21,16,15,17,453,350,360,380,6.6,6.7,6.8,6.4,"No","No","No","No",525,200,207,695
"B149B","B","Linwood Playground","Small Park","Athletic Facilities,Playground","Brooklyn Sector 5.16","Districts 5, 16",0.71,0.71,8,7,11,11,168,149,199,243,4.4,3.9,4.1,4.5,"No","No","No","No",19,265,482,110
"B255C","B","Purple Playground","Small Park","Playground","Brooklyn Sector 6.7","Districts 6, 7",0.71,0.71,13,13,15,16,248,255,299,312,6,6.2,6.5,6,"Yes","Yes","Yes","Yes",0,0,28,9
"X106","X","Evelina Antonetty Playground","Small Park","Athletic Facilities,Playground","Bronx Sector 1.2","Districts 1, 2",0.7,0.7,20,17,12,13,404,334,254,263,4.6,5,5.3,4.6,"No","Yes","No","No",103,321,152,721
"X257","X","Mount Hope Playground","Small Park","Athletic Facilities,Playground","Bronx Sector 4.5","Districts 4, 5",0.7,0.7,10,7,6,8,218,159,145,182,5.2,4.5,4.5,4.2,"No","No","No","No",1158,153,583,678
"Q041","Q","Newtown Playground","Small Park","Comfort Stations,Playground","Queens Sector 3.4","Districts 3, 4",0.7,0.7,21,9,9,19,430,198,193,384,6.5,6.2,6.2,6.4,"Yes","No","No","Yes",1243,715,4481,584
"B300","B","Oracle Playground","Small Park","Athletic Facilities,Comfort Stations,Playground","Brooklyn Sector 2","District 2",0.7,0.7,32,21,9,33,618,405,200,639,5.8,6.1,6.7,6,"Yes","No","No","Yes",1162,1504,0,1220
"Q416","Q","Park","Small Park",NA,"Queens Sector 14","District 14",0.7,0.7,3,5,3,7,71,93,57,148,3.5,4,3.3,4.1,"No","No","No","No",500,105,140,0
"QT04","Q","Queens Gate","Small Park",NA,"Queens Sector 8.9","Districts 8, 9",0.7,0.7,3,3,0,NA,62,65,7,NA,1,2,1,NA,"No","No","No",NA,151,0,0,0
"Q397","Q","Auburndale Playground","Small Park","Athletic Facilities,Comfort Stations,Playground","Queens Sector 7","District 7",0.69,0.69,2,5,2,2,44,125,52,48,5,5.4,5.4,5,"No","No","No","No",187,183,306,1331
"M160","M","Fred Samuel Playground","Small Park","Athletic Facility,Comfort Stations,Playground","Manhattan Sector 10.11","Districts 10, 11",0.69,0.69,68,72,60,67,1386,1416,1206,1371,6.3,5.9,5.8,6.1,"Yes","Yes","Yes","Yes",178,732,1214,1394
"M063","M","Gertrude Ederle Recreation Center","Small Park","Comfort Stations","Manhattan Sector 7.9","Districts 7, 9",0.69,0.69,8,9,6,9,158,183,132,192,4.6,6.5,6.1,6.4,"No","No","No","No",3091,12384,7792,9237
"B246","B","Jerome Playground","Small Park","Athletic Facilities,Comfort Stations,Playground","Brooklyn Sector 5.16","Districts 5, 16",0.69,0.69,11,10,11,11,222,206,239,248,5,4.2,4.5,3.9,"No","No","No","No",384,979,139,606
"B283","B","Belmont Playground","Small Park","Athletic Facility,Playground","Brooklyn Sector 5.16","Districts 5, 16",0.68,0.68,18,35,41,28,385,702,821,575,4.8,6,6.7,5.4,"Yes","Yes","Yes","Yes",1145,337,0,172
"M064","M","Lillian D Wald Playground","Small Park","Athletic Facilities","Manhattan Sector 3","District 3",0.68,0.68,14,18,14,12,269,359,286,235,5.6,6.3,6.1,5.3,"Yes","Yes","No","Yes",0,102,38,47
"M148","M","White Playground","Small Park","Athletic Facilities,Playground","Manhattan Sector 10.11","Districts 10, 11",0.68,0.68,62,29,46,64,1264,579,914,1299,6.4,6.1,6.5,6.1,"Yes","Yes","Yes","Yes",510,258,201,1089
"M379","M","Canal Park","Small Park",NA,"Manhattan Sector 1.2","Districts 1, 2",0.67,0.67,43,46,36,68,916,973,831,1498,6.6,6.5,6.9,6.4,"Yes","Yes","Yes","Yes",586,336,9,230
"B173","B","Fraser Square","Small Park",NA,"Brooklyn Sector 17.18","Districts 17, 18",0.67,0.67,10,12,5,13,197,263,111,278,4.7,5.2,5.1,3.4,"No","Yes","No","Yes",17,69,11,99
"M211A","M","St. Nicholas Playground South","Small Park","Athletic Facilities,Comfort Stations,Playground","Manhattan Sector 10.11","Districts 10, 11",0.67,0.67,50,32,49,61,1019,621,992,1241,6.3,5.8,6.4,6.1,"Yes","Yes","Yes","Yes",679,1182,83,265
"M240","M","Audubon Playground","Small Park","Comfort Stations,Playground","Manhattan Sector 12.12A","Districts 12, 12A",0.66,0.66,41,35,32,49,819,712,657,974,5.8,5.4,5.5,5.5,"Yes","Yes","Yes","Yes",115,609,55,330
"Q457","Q","College Point Park","Small Park","Athletic Facilities","Queens Sector 7","District 7",0.66,0.66,5,7,4,7,106,153,79,147,5.2,5.4,5.7,5.3,"Yes","No","No","No",78,657,602,627
"M211B","M","Langston Hughes Playground","Small Park","Athletic Facilities,Comfort Stations,Playground","Manhattan Sector 10.11","Districts 10, 11",0.66,0.66,51,31,49,58,1042,604,991,1175,6.3,5.9,6.5,5.9,"Yes","Yes","Yes","Yes",697,371,350,645
"B585","B","Prospect Plaza Park","Small Park","Athletic Facility","Brooklyn Sector 5.16","Districts 5, 16",0.66,0.66,23,19,15,28,462,391,301,565,3.9,3.7,4,3.7,"Yes","Yes","No","Yes",14,297,47,157
"X170","X","The Pearly Gates","Small Park","Athletic Facilities,Comfort Stations,Playground","Bronx Sector 9.10","Districts 9, 10",0.66,0.66,47,25,15,26,866,486,318,516,5.9,5.4,5.9,5.7,"Yes","Yes","No","Yes",1266,1825,2768,4070
"M286","M","Asphalt Green","Small Park","Athletic Facilities,Playground","Manhattan Sector 6.8.15","Districts 6, 8, 15",0.6554,4.35,18,19,13,17,352,370,278,371,5.7,6.5,6.2,6,"No","No","No","No",824,268,1172,519
"B162","B","Brizzi Playground","Small Park","Playground","Brooklyn Sector 10.12","Districts 10, 12",0.65,0.65,11,10,5,9,235,224,126,208,5.5,6.1,5.9,5.7,"No","No","No","No",846,102,65,493
"M155","M","Courtney Callender Playground","Small Park","Athletic Facilities,Playground","Manhattan Sector 10.11","Districts 10, 11",0.65,0.65,26,12,10,7,522,250,207,148,6.4,5.9,6.1,5.4,"No","No","No","No",64,206,220,253
"R100","R","Drumgoole Tot Lot","Small Park","Playground","Staten Island Sector 3","District 3",0.64,0.64,5,6,8,6,107,144,182,129,5.6,6.5,6.5,6.1,"No","No","No","No",139,296,0,525
"X053","X","O'Neill Triangle","Small Park",NA,"Bronx Sector 3.6","Districts 3, 6",0.64,0.64,14,17,23,15,275,336,433,297,5.6,5.6,5.8,5.4,"No","No","Yes","Yes",0,110,0,52
"X175","X","Riverbend Playground","Small Park","Athletic Facilities,Comfort Stations,Playground","Bronx Sector 7.8","Districts 7, 8",0.64,0.64,7,8,6,7,151,162,120,145,5.5,5.8,4.5,5,"No","No","No","No",1123,334,145,695
"M069","M","Vesuvio Playground","Small Park","Athletic Facilities,Comfort Stations,Playground","Manhattan Sector 1.2","Districts 1, 2",0.64,0.64,23,15,10,37,450,295,201,764,5,5,5.3,5.9,"Yes","Yes","Yes","Yes",3916,1666,1019,3340
"X148A3","X","Bridge Playground","Small Park","Athletic Facilities","Bronx Sector 4.5","Districts 4, 5",0.63,0.63,9,9,7,9,197,199,151,202,4.3,5.5,4.7,5.5,"No","No","No","No",97,72,359,16
"Q013","Q","Veterans Grove","Small Park","Playground","Queens Sector 3.4","Districts 3, 4",0.63,0.63,12,10,10,13,276,217,229,292,6.4,6.4,6.5,6.1,"No","No","No","No",406,748,1248,609
"Q376","Q","Cedar Grove Playground","Small Park","Athletic Facilities","Queens Sector 8.9","Districts 8, 9",0.62,0.62,3,7,7,4,58,169,161,95,4.4,4.9,5.4,5.1,"No","No","No","No",69,42,0,4953
"X258","X","Cleopatra Playground","Small Park","Athletic Facility,Playground","Bronx Sector 4.5","Districts 4, 5",0.62,0.62,8,6,6,8,176,148,145,184,5.4,5.3,4.7,4.8,"No","No","No","No",2424,239,881,1028
"B149A","B","Elton Playground","Small Park","Athletic Facilities,Playground","Brooklyn Sector 5.16","Districts 5, 16",0.62,0.62,8,7,8,12,157,151,167,257,4.5,4,4.3,4.5,"No","No","No","No",197,210,444,117
"M108Q","M","Twenty-Four Sycamores Park","Small Park","Athletic Facilities,Comfort Stations,Playground","Manhattan Sector 6.8.15","Districts 6, 8, 15",0.62,0.62,39,49,54,55,804,991,1036,1133,6.1,6.5,7,6.6,"Yes","Yes","Yes","Yes",5013,435,794,727
"X295","X","Half-Nelson Playground","Small Park","Athletic Facility,Playground","Bronx Sector 4.5","Districts 4, 5",0.61,0.61,7,6,4,7,161,129,92,158,4.7,4.8,4.5,4.6,"No","No","No","No",156,334,173,582
"M228","M","Henry M. Jackson Playground","Small Park","Athletic Facilities","Manhattan Sector 3","District 3",0.61,0.61,11,13,12,9,217,248,261,191,6.4,6.2,5.9,5.2,"Yes","Yes","No","Yes",87,122,38,161
"M120A","M","William F. Passannante Ballfield","Small Park","Athletic Facilities","Manhattan Sector 1.2","Districts 1, 2",0.61,0.61,13,11,5,35,239,218,101,712,5,5,5.4,5.9,"Yes","Yes","No","Yes",0,39,14,39
"M285","M","Dr. Ronald E. McNair Playground","Small Park","Playground","Manhattan Sector 10.11","Districts 10, 11",0.6,0.6,56,10,15,12,1134,213,316,249,6.4,5.3,5.2,5,"Yes","No","No","No",372,525,792,201
"M249","M","Penn South Playground","Small Park","Athletic Facilities,Playground","Manhattan Sector 4.5","Districts 4, 5",0.6,0.6,16,11,10,10,302,230,214,213,6.1,6.4,6.8,6.1,"No","No","No","No",42,28,58,0
"B326","B","Cobble Hill Park","Small Park","Playground","Brooklyn Sector 6.7","Districts 6, 7",0.59,0.59,13,12,9,13,291,249,205,290,6.5,6.2,6.8,6.5,"No","No","No","No",290,1035,45,360
"B402","B","George Walker Jr. Park","Small Park","Athletic Facilities,Playground","Brooklyn Sector 5.16","Districts 5, 16",0.59,0.59,11,11,10,13,219,236,221,282,4.4,2.8,4.3,4.4,"No","No","No","No",276,88,10,204
"B161","B","James Forten Playground","Small Park","Athletic Facilities,Comfort Stations,Playground","Brooklyn Sector 8.9","Districts 8, 9",0.59,0.59,22,21,42,15,430,463,936,299,5.2,5.9,6.4,6.2,"Yes","Yes","Yes","No",505,466,258,1056
"M108N","M","Peter Detmold Park","Small Park",NA,"Manhattan Sector 6.8.15","Districts 6, 8, 15",0.59,0.59,19,20,21,21,372,401,413,431,6.3,6.5,6.5,6.5,"Yes","Yes","Yes","Yes",534,283,284,1024
"Q120","Q","Harvard Playground","Small Park","Athletic Facilities,Playground","Queens Sector 10.12","Districts 10, 12",0.58,0.58,8,10,7,9,154,214,144,172,5.4,6.3,6.5,5.6,"No","No","No","No",1670,497,1199,1281
"M277","M","Hell's Kitchen Park","Small Park","Athletic Facilities,Playground","Manhattan Sector 4.5","Districts 4, 5",0.58,0.58,15,13,14,13,321,266,305,274,6.5,6.2,6.2,5.6,"No","No","No","No",8962,281,144,481
"B207","B","Sarsfield Playground","Small Park","Comfort Stations,Playground","Brooklyn Sector 17.18","Districts 17, 18",0.58,0.58,24,20,21,26,506,422,441,553,6.6,6.2,5.6,5.5,"Yes","Yes","Yes","Yes",0,2123,806,491
"Q444","Q","Sean's Place","Small Park","Athletic Facilities,Playground","Queens Sector 1.2","Districts 1, 2",0.58,0.58,6,7,7,7,126,153,148,146,6.1,6.2,6.6,5.9,"No","No","No","No",293,494,90,325
"M234","M","Wright Brothers Playground","Small Park","Athletic Facilities,Comfort Stations,Playground","Manhattan Sector 12.12A","Districts 12, 12A",0.58,0.58,39,45,42,70,749,881,853,1393,5.6,5.1,5.1,4.8,"Yes","Yes","Yes","Yes",433,715,389,279
"Q038","Q","Benninger Playground","Small Park","Athletic Facilities,Playground","Queens Sector 5.6","Districts 5, 6",0.57,0.57,5,5,5,6,126,114,112,142,6,5.2,6,4.8,"No","No","No","No",447,384,64,1034
"Q225","Q","Broad Channel Veteran's Park","Small Park",NA,"Queens Sector 14","District 14",0.57,0.57,11,16,6,7,230,343,115,144,3.8,5.8,6.3,5.2,"No","No","No","No",0,4,0,0
"M018","M","Carmansville Playground","Small Park","Athletic Facilities,Comfort Stations,Playground","Manhattan Sector 7.9","Districts 7, 9",0.57,0.57,24,18,15,24,488,383,323,478,6.1,6.8,6.9,6.3,"No","No","No","No",451,196,638,655
"B209","B","Galapo Playground","Small Park","Comfort Stations,Playground","Brooklyn Sector 11.15","Districts 11, 15",0.57,0.57,37,15,9,28,725,315,189,555,6.5,7,6.9,6.6,"Yes","No","No","No",2111,659,2589,1158
"B223S","B","Macri Triangle","Small Park",NA,"Brooklyn Sector 1","District 1",0.57,0.57,11,8,7,24,232,169,159,499,5.5,5.6,5.5,6.6,"Yes","No","No","Yes",81,17,241,59
"Q502","Q","Rory Staunton Field","Small Park","Athletic Facilities","Queens Sector 3.4","Districts 3, 4",0.57,0.57,41,33,39,40,873,659,800,812,5.9,5.3,5.8,5.8,"Yes","Yes","Yes","Yes",38,0,76,103
"B137","B","Sixteen Sycamores Playground","Small Park","Athletic Facilities,Comfort Stations,Playground","Brooklyn Sector 2","District 2",0.57,0.57,36,29,20,21,686,536,389,416,5.6,5.5,5.7,5.9,"Yes","Yes","Yes","Yes",485,511,746,1167
"M259","M","McKinley Playground","Small Park","Athletic Facilities,Comfort Stations","Manhattan Sector 3","District 3",0.56,0.56,11,11,12,8,223,219,262,174,5.1,6.5,6.8,6.1,"Yes","Yes","Yes","No",805,106,1130,230
"Q262","Q","Alameda Malls","Small Park",NA,"Queens Sector 11.13","Districts 11, 13",0.55,0.55,2,1,1,3,46,24,27,58,2.3,1.9,2.5,2.2,"No","No","No","No",385,0,0,0
"X102","X","Ciccarone Park","Small Park","Athletic Facility,Comfort Stations,Playground","Bronx Sector 3.6","Districts 3, 6",0.55,0.55,17,17,12,15,322,348,251,304,5.2,5.3,5.5,5.5,"No","No","Yes","Yes",1371,1936,1941,745
"B095","B","Ennis Playground","Small Park","Athletic Facility,Playground","Brooklyn Sector 6.7","Districts 6, 7",0.55,0.55,21,17,13,15,444,372,277,327,6.8,6.7,6.5,6.4,"No","No","No","No",151,258,97,458
"M395","M","Fiorello La Guardia Park","Small Park","Playground","Manhattan Sector 1.2","Districts 1, 2",0.55,0.55,22,17,12,37,436,353,241,754,5,5,5.4,5.8,"Yes","Yes","Yes","Yes",NA,NA,NA,NA
"M221","M","Gutenberg Playground","Small Park","Athletic Facilities","Manhattan Sector 4.5","Districts 4, 5",0.55,0.55,12,12,11,12,238,258,248,254,6.5,6.2,6.4,6.1,"No","No","No","No",62,351,127,194
"Q326","Q","James A. Bland Playground","Small Park","Athletic Facilities,Playground","Queens Sector 7","District 7",0.55,0.55,2,4,2,2,46,91,42,45,4.7,5.2,5.1,4.9,"No","Yes","No","No",0,13,42,38
"X299","X","Little Claremont Playground","Small Park","Athletic Facilities,Playground","Bronx Sector 3.6","Districts 3, 6",0.55,0.55,9,16,13,19,182,310,267,378,5,5.8,6.2,5.1,"No","No","No","Yes",0,83,0,179
"R099","R","Park","Small Park",NA,"Staten Island Sector 3","District 3",0.55,0.55,1,1,1,1,18,25,16,17,2.7,4,2.8,2.5,"No","No","No","No",NA,NA,NA,NA
"B208","B","Pfc Norton Playground","Small Park","Athletic Facilities,Comfort Stations,Playground","Brooklyn Sector 11.15","Districts 11, 15",0.55,0.55,30,9,8,27,571,191,171,530,6.4,7,7,6.6,"Yes","No","No","No",28,291,361,358
"B297","B","Albemarle Playground","Small Park","Athletic Facility,Comfort Stations,Playground","Brooklyn Sector 10.12","Districts 10, 12",0.54,0.54,10,7,5,8,215,160,124,192,5.4,5.7,6.1,5.9,"No","No","No","No",979,146,1148,79
"Q122","Q","Junction Playground","Small Park","Athletic Facilities,Playground","Queens Sector 3.4","Districts 3, 4",0.54,0.54,22,18,16,18,470,389,338,400,6.4,6.5,6.2,5.9,"No","No","No","No",124,484,143,186
"B312","B","Woodruff Playground","Small Park","Athletic Facilities,Playground","Brooklyn Sector 5.16","Districts 5, 16",0.54,0.54,26,33,30,31,531,620,576,619,5.6,5.2,5.5,5.5,"Yes","Yes","Yes","Yes",720,0,494,253
"X216","X","Abigail Playground","Small Park","Athletic Facilities,Comfort Stations,Playground","Bronx Sector 1.2","Districts 1, 2",0.53,0.53,8,12,10,19,151,239,201,372,5.1,5.2,5.7,5.3,"No","No","No","No",1294,517,542,399
"X362","X","Catherine Scott Promenade","Small Park",NA,"Bronx Sector 15.15A","Districts 15, 15A",0.53,0.53,7,4,8,6,135,98,183,134,2.5,2.3,4.8,5.8,"No","No","No","No",NA,NA,NA,NA
"B168","B","Continental Army Plaza","Small Park",NA,"Brooklyn Sector 1","District 1",0.53,0.53,11,5,6,20,214,105,136,420,4.8,5.5,5,6.6,"Yes","No","No","Yes",10,46,56,144
"M066","M","Dr. Gertrude B. Kelly Playground","Small Park","Athletic Facilities,Playground","Manhattan Sector 4.5","Districts 4, 5",0.53,0.53,20,16,12,13,337,341,269,281,6.1,6.4,6.8,6.3,"No","No","No","No",99,449,111,466
"M201","M","Wald Playground","Small Park","Athletic Facilities,Playground","Manhattan Sector 3","District 3",0.53,0.53,17,12,8,15,346,247,169,293,5.7,5.7,5.5,5.6,"Yes","Yes","No","Yes",132,47,107,341
"Q045","Q","Andrews Grove","Small Park","Playground","Queens Sector 1.2","Districts 1, 2",0.52,0.52,23,18,5,4,498,366,114,96,6,5,5.3,5.3,"No","Yes","No","No",150,291,53,146
"M200A","M","Anibal Aviles Playground","Small Park","Playground","Manhattan Sector 7.9","Districts 7, 9",0.52,0.52,26,22,15,25,537,464,315,518,6.4,6.6,6.8,6.5,"Yes","Yes","Yes","Yes",4996,932,1967,536
"X148M","X","Chief Dennis L. Devlin Park","Small Park",NA,"Bronx Sector 9.10","Districts 9, 10",0.52,0.52,11,10,7,7,220,199,159,153,5,5,5.2,4.9,"No","No","No","No",138,166,109,28
"B223B","B","Dimattina Playground","Small Park","Comfort Stations,Playground","Brooklyn Sector 6.7","Districts 6, 7",0.52,0.52,16,16,18,19,313,307,366,362,6.3,6.2,6.6,6.1,"Yes","Yes","Yes","Yes",410,0,644,1100
"B023","B","Lafayette Playground","Small Park","Athletic Facilities,Playground","Brooklyn Sector 3.4","Districts 3, 4",0.52,0.52,28,26,21,30,540,541,452,592,6.4,5.7,6.4,5.9,"Yes","Yes","Yes","Yes",28,168,86,191
"X280","X","Washington Park","Small Park","Athletic Facility,Playground","Bronx Sector 3.6","Districts 3, 6",0.52,0.52,12,8,9,13,256,163,175,254,5.4,5.3,6.2,5.4,"No","No","No","Yes",253,555,983,629
"Q133","Q","Pat Williams Playground","Small Park","Athletic Facility,Playground","Queens Sector 11.13","Districts 11, 13",0.51,0.51,4,5,6,5,84,114,138,113,4.6,4.3,5.1,4.6,"No","No","No","No",94,0,0,0
"X110D","X","Bell Tower Park","Small Park",NA,"Bronx Sector 7.8","Districts 7, 8",0.5,0.5,1,1,1,2,26,22,18,38,3.6,3,3.8,2.8,"No","No","No","No",126,0,49,226
"B405","B","Epiphany Playground","Small Park","Athletic Facilities,Playground","Brooklyn Sector 1","District 1",0.5,0.5,10,3,1,5,190,59,31,94,4.4,4.9,4.1,4.2,"Yes","No","No","No",0,28,0,76
"B043","B","Greenpoint Playground","Small Park","Comfort Stations,Playground","Brooklyn Sector 1","District 1",0.5,0.5,7,5,6,7,145,110,121,133,6.5,6.5,6.8,6.3,"No","No","No","No",437,170,773,189
"X110C","X","Park","Small Park",NA,"Bronx Sector 7.8","Districts 7, 8",0.5,0.5,3,2,2,3,73,42,35,72,4.3,4.4,4.2,4.2,"No","No","No","No",220,214,42,289
"X110B","X","Phyllis Post Goodman Park","Small Park",NA,"Bronx Sector 7.8","Districts 7, 8",0.5,0.5,3,2,1,3,61,36,21,52,4.3,4.4,3.9,4.2,"No","No","No","No",192,38,21,23
"B222","B","Pierrepont Playground","Small Park","Comfort Stations,Playground","Brooklyn Sector 2","District 2",0.5,0.5,44,25,11,13,843,481,214,257,6.3,6.6,6.9,6.4,"Yes","Yes","Yes","Yes",920,4618,920,3904
"B288","B","Slope Park Playground","Small Park","Comfort Stations,Playground","Brooklyn Sector 6.7","Districts 6, 7",0.5,0.5,23,15,16,19,482,302,331,399,6.6,6.4,6.5,6.4,"Yes","Yes","Yes","Yes",513,1298,313,656
"Q285","Q","Al Stabile Playground","Small Park","Athletic Facilities,Playground","Queens Sector 10.12","Districts 10, 12",0.49,0.49,5,5,3,5,106,103,66,100,4.4,4.6,5.2,5.5,"No","No","No","No",306,503,53,802
"B223IB","B","Bar and Grill Park","Small Park",NA,"Brooklyn Sector 2","District 2",0.49,0.49,2,2,2,2,37,31,40,46,5.7,6,6.2,5.9,"No","No","No","No",NA,NA,NA,NA
"X086","X","Charlton-Thompson Garden","Small Park",NA,"Bronx Sector 3.6","Districts 3, 6",0.49,0.49,4,8,14,18,84,152,267,363,4.5,4.4,5.3,5.5,"No","Yes","Yes","Yes",42,52,0,43
"M257","M","Clement Clarke Moore Park","Small Park","Playground","Manhattan Sector 4.5","Districts 4, 5",0.49,0.49,18,11,10,11,349,235,217,222,5.9,6.2,6.8,6,"No","No","No","No",497,321,920,166
"Q267","Q","Court Square Park","Small Park",NA,"Queens Sector 1.2","Districts 1, 2",0.49,0.49,1,3,2,2,21,82,42,45,5.7,5.6,6.4,5.5,"No","No","No","No",0,77,169,129
"R033","R","Levy Playground","Small Park","Athletic Facility,Comfort Stations,Playground","Staten Island Sector 1","District 1",0.49,0.49,21,13,15,18,429,268,315,378,6.4,6.7,6.8,6.4,"No","No","No","No",1240,2544,675,1802
"B166E","B","Sixteen Lindens Triangle","Small Park",NA,"Brooklyn Sector 11.15","Districts 11, 15",0.49,0.49,2,1,2,2,37,32,37,32,2.6,2.5,3,2.6,"No","No","No","No",NA,NA,NA,NA
"B255H","B","Thomas J. Cuite Park","Small Park","Playground","Brooklyn Sector 6.7","Districts 6, 7",0.49,0.49,17,21,18,21,335,421,380,435,6.1,6.5,6.7,6.1,"Yes","Yes","Yes","Yes",0,21,28,132
"M251","M","Bleecker Playground","Small Park","Comfort Stations,Playground","Manhattan Sector 1.2","Districts 1, 2",0.48,0.48,22,12,9,40,435,244,178,815,5,5,5.2,5.8,"Yes","Yes","No","Yes",445,848,360,956
"B255L","B","Captain John McKenna, IV Park","Small Park",NA,"Brooklyn Sector 6.7","Districts 6, 7",0.48,0.48,17,21,18,21,331,418,373,438,5.9,6.3,6.8,6.1,"Yes","Yes","Yes","Yes",1166,70,0,132
"M171","M","Cherry Clinton Playground","Small Park","Athletic Facilities","Manhattan Sector 3","District 3",0.48,0.48,14,17,12,11,276,339,256,231,5.7,6.3,5.8,5.4,"Yes","Yes","No","No",155,72,59,107
"X112","X","Hilton White Playground","Small Park","Comfort Stations,Playground","Bronx Sector 3.6","Districts 3, 6",0.48,0.48,10,22,15,17,204,412,285,339,4.3,5.6,5.9,5.6,"No","Yes","Yes","Yes",216,725,738,698
"M154","M","Mathews-Palmer Playground","Small Park","Athletic Facilities,Comfort Stations,Playground","Manhattan Sector 4.5","Districts 4, 5",0.48,0.48,15,14,16,23,311,285,336,375,6.6,6.4,6.2,5.7,"No","No","No","No",7184,6969,1389,988
"B063","B","Milestone Park","Small Park",NA,"Brooklyn Sector 11.15","Districts 11, 15",0.48,0.48,13,12,12,14,295,270,273,314,6.4,7,6.9,6.4,"No","No","No","No",0,44,0,200
"Q357G","Q","Turtle Playground","Small Park","Playground","Queens Sector 7","District 7",0.48,0.48,4,8,3,3,101,172,77,71,5.3,5.2,4.9,4.7,"No","Yes","No","No",994,572,100,447
"QT19","Q","Abe Wolfson Triangle","Small Park",NA,"Queens Sector 8.9","Districts 8, 9",0.47,0.47,3,2,4,3,60,41,83,62,3.9,2.6,4.4,4.4,"No","No","No","No",0,313,0,0
"X148H2","X","Fairmount Playground","Small Park",NA,"Bronx Sector 3.6","Districts 3, 6",0.47,0.47,12,12,9,10,268,247,208,203,5.1,5.4,6.1,5.2,"No","No","No","No",225,212,78,0
"MT01","M","Mannahatta Park","Small Park",NA,"Manhattan Sector 1.2","Districts 1, 2",0.47,0.47,165,126,95,181,3500,2764,2146,3885,6.5,6.7,6.9,6.5,"Yes","Yes","Yes","Yes",10,155,5,52
"B390","B","Mother Cabrini Park","Small Park","Playground","Brooklyn Sector 6.7","Districts 6, 7",0.47,0.47,12,13,9,11,264,273,204,245,6.7,5.8,5.7,5.7,"No","No","No","No",20,198,6182,89
"Q034","Q","Sabba Park","Small Park",NA,"Queens Sector 1.2","Districts 1, 2",0.47,0.47,2,3,2,2,43,58,32,39,6.1,5.8,5.8,5.2,"No","No","No","No",28,21,62,72
"Q463","Q","Cornell Burial Ground","Small Park",NA,"Queens Sector 14","District 14",0.46,0.46,2,5,6,5,49,98,127,101,1,3.7,4.8,2.5,"No","No","No","No",0,0,114,0
"Q393E","Q","LaGuardia Landing Lights","Small Park",NA,"Queens Sector 3.4","Districts 3, 4",0.46,0.46,3,3,3,3,62,57,64,73,4.4,4.1,4.8,4.9,"No","No","No","No",NA,NA,NA,NA
"B265","B","Rainbow Playground","Small Park","Athletic Facilities,Playground","Brooklyn Sector 6.7","Districts 6, 7",0.46,0.46,10,12,8,15,221,265,174,333,6.4,6.6,6.7,6.4,"No","No","No","No",0,79,66,2623
"B386","B","Ten Eyck Plaza","Small Park","Playground","Brooklyn Sector 1","District 1",0.46,0.46,5,4,4,8,118,89,96,154,5.9,6.2,6,6.4,"No","No","No","No",0,241,0,232
"Q066C","Q","Triborough Bridge Playground C","Small Park","Athletic Facility","Queens Sector 1.2","Districts 1, 2",0.46,0.46,13,8,11,10,258,159,224,198,6.2,5.5,5.9,5.3,"Yes","Yes","Yes","Yes",47,1556,284,126
"Q451","Q","Underbridge Dog Run","Small Park",NA,"Queens Sector 5.6","Districts 5, 6",0.46,0.46,3,4,3,4,62,77,70,79,4.4,3.9,4.2,4.1,"No","No","No","No",0,208,630,136
"X148L","X","Virginia Playground","Small Park","Comfort Stations,Playground","Bronx Sector 9.10","Districts 9, 10",0.46,0.46,15,20,23,28,345,445,516,582,5,5.2,5.2,5.4,"Yes","Yes","Yes","Yes",2545,980,899,1091
"M110","M","William McCray Playground","Small Park","Athletic Facilities,Playground","Manhattan Sector 10.11","Districts 10, 11",0.46,0.46,29,7,7,10,598,149,149,214,6.4,5.6,5.8,5.4,"No","No","No","No",245,223,99,265
"M108P","M","Sutton Parks","Small Park",NA,"Manhattan Sector 6.8.15","Districts 6, 8, 15",0.4557,0.85,21,22,13,14,411,431,276,304,6.1,6.3,5.5,5.7,"Yes","No","No","No",239,654,621,757
"M116","M","ABC Playground","Small Park","Athletic Facilities,Playground","Manhattan Sector 3","District 3",0.45,0.45,6,12,8,11,115,247,182,218,4.9,6.3,6.8,5.9,"Yes","No","No","No",103,157,38,459
"M279","M","Duarte Square","Small Park",NA,"Manhattan Sector 1.2","Districts 1, 2",0.45,0.45,22,16,8,35,435,327,165,725,5,5,5.3,5.7,"Yes","Yes","No","Yes",0,10,0,0
"R021","R","Forest Mall","Small Park",NA,"Staten Island Sector 1","District 1",0.45,0.45,4,4,5,8,73,81,95,159,4.6,5.4,5.5,6.1,"No","No","No","No",NA,NA,NA,NA
"M295","M","Mercer Playground","Small Park",NA,"Manhattan Sector 1.2","Districts 1, 2",0.45,0.45,23,19,12,36,443,378,240,732,5,5,5.4,5.7,"Yes","Yes","Yes","Yes",8,117,0,181
"Q101","Q","Middle Village Playground","Small Park","Athletic Facilities,Playground","Queens Sector 5.6","Districts 5, 6",0.45,0.45,4,3,2,3,92,78,53,84,5.5,5.9,5.5,5.4,"No","No","No","No",375,447,19,19
"B555","B","Beaver Noll Park","Small Park",NA,"Brooklyn Sector 3.4","Districts 3, 4",0.44,0.44,10,7,8,10,213,147,199,231,6.4,6.3,6.7,6.1,"No","No","No","No",42,132,269,162
"B255G","B","Butterfly Gardens","Small Park",NA,"Brooklyn Sector 6.7","Districts 6, 7",0.44,0.44,4,4,2,4,91,92,54,101,5.6,5.2,5.4,4.9,"No","No","No","No",131,88,0,0
"X269","X","Cpl Fischer Park","Small Park",NA,"Bronx Sector 4.5","Districts 4, 5",0.44,0.44,9,7,8,7,182,143,183,159,4.5,5,6,5,"No","No","No","No",279,233,134,165
"X150H","X","Crescent Park","Small Park",NA,"Bronx Sector 7.8","Districts 7, 8",0.44,0.44,4,5,3,4,87,110,71,89,4.9,5.2,5.2,5.4,"No","No","No","No",141,102,455,50
"B158","B","Garibaldi Playground","Small Park","Comfort Stations,Playground","Brooklyn Sector 11.15","Districts 11, 15",0.44,0.44,13,12,12,14,291,268,263,304,6.4,7,7,6.4,"No","No","No","No",394,425,617,609
"X148M1","X","Havemeyer Playground","Small Park","Athletic Facility,Comfort Stations,Playground","Bronx Sector 9.10","Districts 9, 10",0.44,0.44,6,7,7,14,134,151,152,283,5.1,5.1,5.1,5.1,"No","No","No","No",757,461,413,822
"X292","X","Mabel Hampton Playground","Small Park","Playground","Bronx Sector 4.5","Districts 4, 5",0.44,0.44,8,8,8,9,169,169,189,188,5.2,6.4,5.5,5.9,"No","No","No","No",355,437,323,736
"M161","M","McCaffrey Playground","Small Park","Athletic Facility,Comfort Stations,Playground","Manhattan Sector 4.5","Districts 4, 5",0.44,0.44,20,16,15,16,402,343,335,328,6.5,6.3,6.8,6.3,"No","No","No","No",1967,960,1426,966
"M196","M","Playground One","Small Park","Athletic Facilities,Playground","Manhattan Sector 3","District 3",0.44,0.44,10,12,8,10,210,234,159,208,6.1,6.5,5.9,5.1,"Yes","Yes","Yes","Yes",85,150,112,157
"M355","M","Robert L. Clinkscales Playground and Community Garden","Small Park","Playground","Manhattan Sector 10.11","Districts 10, 11",0.44,0.44,29,14,7,11,583,284,136,240,6.4,5.6,5.5,5.4,"No","No","No","No",108,126,37,219
"B308","B","Yak Playground","Small Park","Athletic Facilities,Comfort Stations","Brooklyn Sector 11.15","Districts 11, 15",0.44,0.44,36,22,8,20,678,425,171,405,6.4,7,7,6.6,"Yes","No","No","Yes",283,257,1131,370
"X073","X","Young Park","Small Park",NA,"Bronx Sector 11.12.14","Districts 11, 12, 14",0.44,0.44,4,3,1,3,72,68,29,67,4.4,4.8,3.8,5.2,"No","No","No","No",0,80,0,158
"B210F","B","Admiral Triangle","Small Park","Playground","Brooklyn Sector 6.7","Districts 6, 7",0.43,0.43,7,6,4,5,156,117,83,118,5.9,5.6,5.5,5.3,"No","No","No","No",0,0,0,1437
"X014","X","Horseshoe Playground","Small Park","Comfort Stations,Playground","Bronx Sector 1.2","Districts 1, 2",0.43,0.43,14,15,12,20,271,292,245,392,4.6,5.3,5.2,5.3,"Yes","Yes","No","Yes",1919,1948,878,1009
"X336","X","Hunts Point Riverside Park","Small Park",NA,"Bronx Sector 11.12.14","Districts 11, 12, 14",0.43,0.43,14,8,7,7,314,166,139,148,6,6.1,6.1,5.5,"No","No","No","No",62,469,871,424
"B096","B","Sgt. William Dougherty Playground","Small Park","Comfort Stations","Brooklyn Sector 1","District 1",0.43,0.43,10,8,8,11,228,179,179,219,6.4,6.7,6.8,6.8,"No","No","No","No",377,223,662,1182
"R156","R","Sylvan Grove Cemetery","Small Park",NA,"Staten Island Sector 2.2B","Districts 2, 2B",0.4248,2.48,5,4,5,6,104,86,113,127,6.5,6.2,6.6,6.1,"No","No","No","No",166,1842,806,379
"X009","X","Monsignor Raul Del Valle Square","Small Park",NA,"Bronx Sector 1.2","Districts 1, 2",0.42,0.42,4,8,9,7,100,190,203,166,3.2,5.4,5.6,4.7,"No","No","No","No",65,48,37,98
"R024","R","Tompkinsville Park","Small Park",NA,"Staten Island Sector 1","District 1",0.42,0.42,14,12,12,13,282,245,258,276,6.5,6.8,6.8,6.5,"No","No","No","No",166,199,596,86
"M203E","M","Tudor Grove Playground","Small Park","Playgrounds","Manhattan Sector 6.8.15","Districts 6, 8, 15",0.42,0.42,17,22,18,17,332,432,372,372,6,6.5,6.4,6.1,"Yes","No","No","No",310,0,625,90
"M125C","M","West 4th Street Courts","Small Park","Athletic Facilities","Manhattan Sector 1.2","Districts 1, 2",0.42,0.42,13,11,6,33,251,217,116,686,5,5,5.4,5.9,"Yes","Yes","No","Yes",64,141,29,107
"B167","B","La Guardia Playground","Small Park","Comfort Stations,Playground","Brooklyn Sector 1","District 1",0.41,0.41,11,6,7,20,212,115,147,423,5.2,5.7,5.1,6.6,"Yes","No","No","Yes",489,314,2376,1085
"R037","R","Liotti Ikefugi Playground","Small Park","Athletic Facility,Playground","Staten Island Sector 1","District 1",0.41,0.41,8,8,8,7,159,170,163,152,6.1,6.9,6.8,6.4,"No","No","No","No",627,403,145,372
"X197","X","Mosholu Playground","Small Park","Comfort Stations,Playground","Bronx Sector 7.8","Districts 7, 8",0.41,0.41,8,10,8,11,167,226,192,238,5.2,5.2,4.8,5.3,"No","No","No","No",2913,978,679,334
"M096","M","Adam Clayton Powell Jr. Malls","Small Park",NA,"Manhattan Sector 10.11","Districts 10, 11",0.4041,1.68,59,17,21,18,1203,346,436,389,6.1,3.4,3.5,3.1,"Yes","No","No","No",0,117,0,88
"Q283","Q","225 Street Malls","Small Park",NA,"Queens Sector 11.13","Districts 11, 13",0.4,0.4,1,1,1,2,25,29,29,35,3,1.6,1.6,1.4,"No","No","No","No",NA,NA,NA,NA
"Q447","Q","Brinkerhoff Mall","Small Park",NA,"Queens Sector 10.12","Districts 10, 12",0.4,0.4,3,2,2,4,54,50,52,88,3.2,3.2,3.6,3.9,"No","No","No","No",NA,NA,NA,NA
"M113","M","Joseph C. Sauer Park","Small Park","Playground","Manhattan Sector 3","District 3",0.4,0.4,8,11,10,7,171,228,213,146,5.2,6.3,6.8,6.1,"Yes","Yes","No","No",234,101,36,1336
"Q046","Q","Josephine Caminiti Playground","Small Park","Comfort Stations,Playground","Queens Sector 3.4","Districts 3, 4",0.4,0.4,13,13,13,14,292,275,279,299,6.4,7,6.8,6.6,"Yes","No","Yes","Yes",618,692,793,52
"M264","M","Playground Eighty Nine LXXXIX","Small Park","Playground","Manhattan Sector 7.9","Districts 7, 9",0.4,0.4,11,11,9,10,215,240,185,210,6.7,6.5,6.8,6.1,"No","No","No","No",421,123,62,52
"X093","X","Van Nest Park","Small Park",NA,"Bronx Sector 11.12.14","Districts 11, 12, 14",0.4,0.4,8,5,5,6,161,116,116,122,6.2,7,6.4,6,"No","No","No","No",814,72,188,258
"R050","R","Forest Grove","Small Park",NA,"Staten Island Sector 1","District 1",0.39,0.39,4,4,3,4,79,77,61,83,5.1,6.1,5.2,5.7,"No","No","No","No",0,0,179,0
"X149","X","Miele Park","Small Park",NA,"Bronx Sector 9.10","Districts 9, 10",0.39,0.39,2,2,2,1,37,38,34,18,5.5,3.8,3.5,3.2,"No","No","No","No",0,0,37,0
"B223OC","B","Rodney Park South","Small Park","Athletic Facilities","Brooklyn Sector 1","District 1",0.39,0.39,7,4,15,10,129,83,371,223,5.3,5.8,5.5,6.5,"Yes","Yes","Yes","Yes",0,58,0,58
"X084","X","D'Onofrio Square","Small Park",NA,"Bronx Sector 11.12.14","Districts 11, 12, 14",0.38,0.38,7,6,5,4,136,125,114,93,4.4,3.5,4.2,3.8,"No","No","No","No",NA,NA,NA,NA
"X114","X","Goble Playground","Small Park","Athletic Facilities,Playground","Bronx Sector 4.5","Districts 4, 5",0.38,0.38,13,11,8,10,284,224,171,205,4.9,5.4,4,4.3,"No","No","No","No",1421,414,398,980
"X244","X","Grand Playground","Small Park","Athletic Facility","Bronx Sector 4.5","Districts 4, 5",0.38,0.38,12,6,7,11,228,132,158,226,5.8,4.2,3.6,4.3,"Yes","No","No","Yes",121,72,13,161
"X026","X","Hines Park","Small Park","Playground","Bronx Sector 3.6","Districts 3, 6",0.38,0.38,10,15,15,18,207,313,322,393,4.9,6.5,6.7,6,"No","No","No","No",0,388,67,484
"M404","M","NYC AIDS Memorial Park at St. Vincent’s Triangle","Other",NA,"Manhattan Sector 1.2","Districts 1, 2",0.38,0.38,6,2,2,1,111,41,38,12,2,1.8,3.2,1.3,"Yes","No","No","No",0,0,0,2
"M080","M","Schiff Mall","Small Park",NA,"Manhattan Sector 3","District 3",0.38,0.38,23,11,6,8,453,209,110,158,3.3,4.5,3.8,3.4,"Yes","Yes","Yes","Yes",118,63,73,40
"Q341D","Q","Spargo Park","Small Park",NA,"Queens Sector 1.2","Districts 1, 2",0.38,0.38,0,0,0,0,4,3,4,4,1.2,1.3,1.9,1.6,"No","No","No","No",NA,NA,NA,NA
"M145","M","Albert Capsouto Park","Small Park",NA,"Manhattan Sector 1.2","Districts 1, 2",0.37,0.37,52,49,36,64,1056,1049,828,1396,6.6,6.7,6.9,6.4,"Yes","Yes","Yes","Yes",4,4,8,4530
"X290","X","Longfellow Playground","Small Park",NA,"Bronx Sector 1.2","Districts 1, 2",0.37,0.37,15,17,10,18,292,357,231,379,5,5.7,5.8,5.1,"Yes","No","No","Yes",19,188,35,234
"B223PB","B","Rodney Park North","Small Park","Athletic Facilities","Brooklyn Sector 1","District 1",0.37,0.37,7,4,15,10,129,86,390,226,5.4,5.8,5.5,6.4,"Yes","Yes","Yes","Yes",0,22,0,42
"B118B","B","St. Mary's Park","Small Park",NA,"Brooklyn Sector 6.7","Districts 6, 7",0.37,0.37,8,7,6,7,179,152,130,146,6.4,5.9,6.5,6.3,"No","No","No","No",42,77,69,494
"M386","M","Imagination Playground","Small Park","Comfort Stations,Playground","Manhattan Sector 1.2","Districts 1, 2",0.36,0.36,166,119,96,177,3463,2611,2163,3815,6.6,6.8,6.9,6.5,"Yes","Yes","Yes","Yes",752,287,584,2343
"X148C3","X","Inwood Park","Small Park",NA,"Bronx Sector 4.5","Districts 4, 5",0.36,0.36,14,9,6,7,298,195,141,156,5.2,5,4.3,4.2,"No","No","No","No",675,331,66,60
"M255","M","James Madison Plaza","Small Park",NA,"Manhattan Sector 3","District 3",0.36,0.36,11,10,8,11,216,202,161,224,6.4,6.5,5.8,5.5,"Yes","Yes","Yes","Yes",151,32,52,153
"B223OB","B","Marcy Park South","Small Park","Athletic Facilities","Brooklyn Sector 1","District 1",0.36,0.36,8,7,11,19,153,131,215,372,3.8,5.3,4.1,6.4,"Yes","Yes","No","Yes",0,0,0,96
"Q021B","Q","McLaughlin Playground","Small Park","Playground","Queens Sector 8.9","Districts 8, 9",0.36,0.36,6,8,6,5,133,174,143,111,5.6,5.4,5.6,5.6,"No","No","No","No",26,198,12,100
"B255J","B","Seeley Park","Small Park",NA,"Brooklyn Sector 6.7","Districts 6, 7",0.36,0.36,16,21,18,21,326,418,372,427,5.7,6.5,6.8,6,"Yes","Yes","Yes","Yes",83,21,134,239
"M166","M","Harlem Art Park","Small Park",NA,"Manhattan Sector 10.11","Districts 10, 11",0.35,0.35,64,5,3,7,1306,101,63,151,6.3,4.3,4.8,4.9,"Yes","No","No","No",173,237,309,161
"M208G","M","Harlem River Park","Small Park",NA,"Manhattan Sector 10.11","Districts 10, 11",0.35,0.35,57,9,15,9,1162,180,303,184,6.4,4.2,5.2,4.3,"Yes","Yes","Yes","Yes",0,1262,1496,0
"X148C7","X","Jerome Playground South","Small Park","Athletic Facilities","Bronx Sector 4.5","Districts 4, 5",0.35,0.35,6,6,6,5,125,114,127,98,5,4.5,5.1,4.2,"No","No","No","No",19,351,47,199
"Q393G","Q","Laguardia Landing Lights","Small Park",NA,"Queens Sector 3.4","Districts 3, 4",0.35,0.35,3,2,3,3,68,53,74,75,4.4,3.7,5.4,4.8,"No","No","No","No",0,67,36,28
"M156","M","McKenna Square","Small Park",NA,"Manhattan Sector 12.12A","Districts 12, 12A",0.35,0.35,37,11,8,10,744,240,176,201,5.9,6.2,6.2,5.9,"Yes","No","No","No",4273,318,0,145
"Q341C","Q","Sherry Dog Run","Small Park",NA,"Queens Sector 1.2","Districts 1, 2",0.35,0.35,1,1,1,1,32,19,25,21,4.3,4.8,5.2,5,"No","No","No","No",878,344,340,0
"B118A","B","St. Mary's Park","Small Park","Athletic Facilities","Brooklyn Sector 6.7","Districts 6, 7",0.35,0.35,8,7,6,7,177,151,129,151,6.4,6,6.4,6.2,"No","No","No","No",0,589,21,0
"M280","M","Tramway Plaza","Small Park",NA,"Manhattan Sector 6.8.15","Districts 6, 8, 15",0.35,0.35,11,10,7,7,228,223,152,171,6.1,5,4.7,5.2,"No","No","No","No",90,104,20,117
"X150L","X","Van Cortlandt's Tail","Small Park",NA,"Bronx Sector 7.8","Districts 7, 8",0.35,0.35,5,4,1,3,110,86,28,69,4.6,2.5,2.9,3.4,"No","No","No","No",392,49,14,84
"M265","M","Vincent F. Albano Jr. Playground","Small Park","Athletic Facilities,Playground","Manhattan Sector 6.8.15","Districts 6, 8, 15",0.35,0.35,16,17,7,7,331,338,150,154,6.1,6.5,6.4,6.1,"No","No","No","No",104,125,0,103
"M055","M","Montefiore Square","Small Park",NA,"Manhattan Sector 7.9","Districts 7, 9",0.34,0.34,27,28,21,24,565,592,458,505,6.4,6.8,6.5,6.4,"No","No","No","No",204,65,46,255
"M378","M","Pearl St Playground","Small Park","Playground","Manhattan Sector 1.2","Districts 1, 2",0.34,0.34,104,82,111,122,2560,2025,2919,3199,5.7,5.8,5.8,6.2,"Yes","Yes","Yes","Yes",22,65,10,892
"X286","X","Rev Lena Irons Unity Park","Small Park",NA,"Bronx Sector 3.6","Districts 3, 6",0.34,0.34,6,16,12,20,118,323,246,398,4.7,5.8,5.9,5.2,"No","No","No","Yes",75,117,75,306
"X291","X","Walton Park","Small Park","Athletic Facility","Bronx Sector 4.5","Districts 4, 5",0.34,0.34,8,8,7,9,158,185,162,192,4.9,6.2,5.6,5.8,"No","No","No","No",121,374,173,512
"B154","B","Berry Playground","Small Park","Athletic Facility,Playground","Brooklyn Sector 1","District 1",0.33,0.33,16,11,33,19,303,229,658,389,5.9,6,6.2,6.5,"Yes","Yes","Yes","Yes",153,52,42,116
"Q370","Q","Freedom Square Playground","Small Park","Playground","Queens Sector 8.9","Districts 8, 9",0.33,0.33,19,12,5,7,391,269,115,148,6.2,5.8,5.8,5.4,"Yes","No","No","No",103,0,26,38
"M256","M","MacArthur Playground","Small Park","Comfort Stations,Playground","Manhattan Sector 6.8.15","Districts 6, 8, 15",0.33,0.33,20,20,20,20,392,392,387,395,6.5,6.8,6.6,6.4,"Yes","Yes","Yes","Yes",1117,1213,930,214
"B097","B","Sledge Playground","Small Park","Playground","Brooklyn Sector 17.18","Districts 17, 18",0.33,0.33,10,17,12,15,210,351,250,303,4.5,5.5,5.2,3.9,"No","No","No","Yes",647,298,60,219
"X180","X","Whalen Playground","Small Park",NA,"Bronx Sector 7.8","Districts 7, 8",0.33,0.33,6,10,8,9,133,206,177,215,5.2,5.2,4.9,5.2,"No","No","No","No",96,387,0,404
"X205","X","FDNY-EMT Yadira Arroyo Playground","Small Park","Playground","Bronx Sector 9.10","Districts 9, 10",0.32,0.32,11,10,7,7,224,203,161,147,5.1,5.1,5.2,5.1,"No","No","No","No",563,577,0,136
"B212","B","Hot Spot Tot Lot","Small Park","Playground","Brooklyn Sector 14.19","Districts 14, 19",0.32,0.32,9,9,8,10,196,201,168,214,5.1,6.2,6.1,5.9,"No","No","No","No",14,77,353,443
"Q096A","Q","Locust Grove Civic Triangle","Small Park",NA,"Queens Sector 10.12","Districts 10, 12",0.32,0.32,4,5,4,6,90,109,76,123,4.7,4.1,4.6,4.9,"No","No","No","No",0,310,70,205
"Q434","Q","Long Island Mews","Small Park","Playground","Queens Sector 1.2","Districts 1, 2",0.32,0.32,2,3,2,3,41,68,41,59,5.8,5.6,5.8,5.4,"No","No","No","No",247,262,362,144
"Q360U","Q","Notorious LIC Park","Small Park","Athletic Facilities","Queens Sector 1.2","Districts 1, 2",0.32,0.32,22,18,5,5,482,374,107,98,5.9,5,5.3,5.6,"No","Yes","No","No",80,672,375,42
"Q047","Q","Queens Village Veterans Plaza","Small Park",NA,"Queens Sector 11.13","Districts 11, 13",0.32,0.32,8,7,7,7,180,152,142,143,5.4,4.8,5.1,5.5,"No","No","No","No",645,105,94,248
"X281","X","Stop & Go Playground","Small Park","Playground","Bronx Sector 3.6","Districts 3, 6",0.32,0.32,8,7,6,8,167,151,126,164,4.6,5.3,5.2,5.1,"No","No","No","No",14,827,126,74
"B223PC","B","Strawberry Playground","Small Park","Comfort Stations,Playground","Brooklyn Sector 1","District 1",0.32,0.32,7,4,10,10,127,75,277,225,5.2,5.2,4.5,6.4,"Yes","Yes","Yes","Yes",1176,836,232,1278
"M006","M","Tribeca Park","Small Park",NA,"Manhattan Sector 1.2","Districts 1, 2",0.32,0.32,55,50,38,64,1037,1078,877,1391,6.1,6.2,6.9,6.4,"Yes","Yes","Yes","Yes",0,310,255,163
"X068","X","D'Auria-Murphy Triangle","Small Park",NA,"Bronx Sector 3.6","Districts 3, 6",0.31,0.31,8,7,13,16,151,142,265,314,4.4,4.5,5.5,5.2,"No","No","Yes","Yes",322,381,464,485
"X139","X","Gouverneur Morris Triangle","Small Park",NA,"Bronx Sector 1.2","Districts 1, 2",0.31,0.31,4,3,3,2,84,65,62,49,2.9,2.8,2.6,1.9,"No","No","No","No",NA,NA,NA,NA
"B233","B","Park","Small Park",NA,"Brooklyn Sector 2","District 2",0.31,0.31,5,4,4,4,97,86,86,89,5.6,5.8,6.2,5.7,"No","No","No","No",NA,NA,NA,NA
"R080","R","Annadale Green","Small Park",NA,"Staten Island Sector 3","District 3",0.3,0.3,5,6,7,6,102,138,168,139,5.4,6.5,6.5,5.9,"No","No","No","No",661,103,619,52
"Q222","Q","Glenwood Landing","Small Park",NA,"Queens Sector 11.13","Districts 11, 13",0.3,0.3,1,1,1,1,13,14,18,20,3.5,2.6,3.5,3.3,"No","No","No","No",0,0,0,49
"B223H","B","Harry Chapin Playground","Small Park","Playground","Brooklyn Sector 2","District 2",0.3,0.3,7,5,12,12,142,105,231,232,5.9,6.6,6.9,6.4,"No","No","Yes","Yes",103,263,0,464
"B093","B","Weeksville Playground","Small Park","Playground","Brooklyn Sector 3.4","Districts 3, 4",0.3,0.3,3,2,2,2,58,40,52,51,5.8,5.2,5.6,5.7,"No","No","No","No",180,153,69,146
"B223PE","B","Blue Playground","Small Park","Athletic Facilities,Playground","Brooklyn Sector 1","District 1",0.29,0.29,7,4,11,11,128,78,291,232,5.2,5.5,4.4,6.4,"Yes","Yes","Yes","Yes",333,878,1077,567
"B121","B","Dodger Playground","Small Park","Playground","Brooklyn Sector 8.9","Districts 8, 9",0.29,0.29,9,7,10,7,189,149,214,163,5.3,5.2,5.9,6.3,"No","No","No","No",84,119,0,168
"B200","B","Elizabeth Stroud Playground","Small Park","Playground","Brooklyn Sector 3.4","Districts 3, 4",0.29,0.29,19,20,21,21,363,414,435,429,5.9,6.3,6.2,5.8,"Yes","Yes","Yes","Yes",14,186,42,129
"X148C5","X","Jennie Jerome Playground","Small Park","Playground","Bronx Sector 4.5","Districts 4, 5",0.29,0.29,7,4,3,5,146,88,79,102,5.1,5,4.2,3.7,"No","No","No","No",154,375,306,656
"X058","X","Keltch Park","Small Park",NA,"Bronx Sector 4.5","Districts 4, 5",0.29,0.29,15,9,11,11,312,192,239,231,6.3,4.4,5.1,4.3,"No","No","No","No",528,422,333,277
"Q136","Q","Playground 115","Small Park","Playground","Queens Sector 7","District 7",0.29,0.29,3,2,1,2,76,39,20,50,3.6,3.8,4.8,3.4,"No","No","No","No",42,108,23,92
"X224","X","MacLaughlin Playground","Small Park","Playground","Bronx Sector 7.8","Districts 7, 8",0.28,0.28,5,4,3,6,102,98,60,127,4.9,5,3.7,3.9,"No","No","No","No",454,381,308,341
"X057","X","Michel Triangle","Small Park",NA,"Bronx Sector 4.5","Districts 4, 5",0.28,0.28,3,5,5,5,64,109,109,117,1.9,3.6,3.5,2.7,"No","No","No","No",73,68,172,151
"X274","X","Mount Hope Garden","Small Park",NA,"Bronx Sector 4.5","Districts 4, 5",0.28,0.28,7,6,6,7,131,128,136,140,4.9,5.6,5.5,4.9,"No","No","No","No",15,859,41,100
"B255D","B","Park","Small Park",NA,"Brooklyn Sector 6.7","Districts 6, 7",0.28,0.28,13,13,15,16,249,240,294,312,5.9,6.1,6.6,6,"Yes","Yes","Yes","Yes",0,123,0,0
"X150G","X","Siren Slope","Small Park",NA,"Bronx Sector 7.8","Districts 7, 8",0.28,0.28,3,3,1,3,57,66,30,59,3.2,4.5,2.8,3.1,"No","No","No","No",37,14,10,0
"R010","R","Staats Circle","Small Park",NA,"Staten Island Sector 2.2B","Districts 2, 2B",0.28,0.28,1,1,1,1,14,12,15,21,3.8,3.2,3.5,3.2,"No","No","No","No",NA,NA,NA,NA
"B210G","B","Triangle Three Sixteen","Small Park",NA,"Brooklyn Sector 6.7","Districts 6, 7",0.28,0.28,3,3,3,3,60,71,68,66,3.7,3,3.2,3.6,"No","No","No","No",NA,NA,NA,NA
"X283","X","Beanstalk Playground","Small Park","Athletic Facility,Playground","Bronx Sector 4.5","Districts 4, 5",0.27,0.27,9,5,5,6,172,117,111,138,5.1,3.8,4.6,4.1,"No","No","No","No",235,682,177,783
"R036","R","Bobbie Lewis Jr. Playground","Small Park","Athletic Facility,Playground","Staten Island Sector 1","District 1",0.27,0.27,8,7,6,7,149,131,117,140,5.6,6.5,6.3,5.6,"No","No","No","No",465,155,61,339
"M218","M","DeSalvio Playground","Small Park","Athletic Facility,Playground","Manhattan Sector 1.2","Districts 1, 2",0.27,0.27,23,12,12,35,444,242,242,728,5,5,5.4,5.9,"Yes","Yes","Yes","Yes",20,833,708,609
"M208F","M","Harlem River Park","Small Park",NA,"Manhattan Sector 10.11","Districts 10, 11",0.27,0.27,56,9,8,17,1134,181,162,340,6.4,4.1,3.7,5.2,"Yes","Yes","Yes","Yes",0,52,0,0
"Q133B","Q","Hempstead Bench Spread","Small Park",NA,"Queens Sector 11.13","Districts 11, 13",0.27,0.27,3,3,3,3,71,61,68,65,4.3,2.7,2.9,2.6,"No","No","No","No",NA,NA,NA,NA
"M108R","M","Sutton Place Park","Small Park",NA,"Manhattan Sector 6.8.15","Districts 6, 8, 15",0.27,0.27,4,4,3,5,72,82,69,104,3.4,3.6,4.5,5.6,"No","No","No","No",0,349,491,131
"M101","M","Worth Square","Small Park",NA,"Manhattan Sector 4.5","Districts 4, 5",0.27,0.27,340,313,322,486,0,0,0,3276,5.9,5.2,5,5.4,"Yes","Yes","Yes","Yes",NA,NA,NA,NA
"X242","X","Youth Village","Small Park","Playground","Bronx Sector 3.6","Districts 3, 6",0.27,0.27,11,16,12,22,219,314,252,448,5.4,5.8,6,5.6,"No","No","No","No",53,0,607,391
"B184","B","Avenue R Mall","Small Park",NA,"Brooklyn Sector 11.15","Districts 11, 15",0.26,0.26,2,2,3,3,51,34,53,56,3.2,2.8,3.8,3.6,"No","No","No","No",NA,NA,NA,NA
"B210P","B","Dan Ross Playground","Small Park","Playground","Brooklyn Sector 10.12","Districts 10, 12",0.26,0.26,7,6,3,5,136,113,69,108,6.1,6.3,6.2,5.8,"No","No","No","No",0,0,176,0
"M178","M","Catherine Slip Malls","Small Park",NA,"Manhattan Sector 3","District 3",0.25,0.25,11,11,9,11,222,218,172,215,6.1,6.5,6.2,5.4,"Yes","Yes","Yes","Yes",121,68,48,148
"M302","M","Detective Omar Edwards Park","Small Park",NA,"Manhattan Sector 10.11","Districts 10, 11",0.25,0.25,26,4,5,4,533,80,105,90,6.4,5.5,5.3,5.2,"No","No","No","No",218,613,151,188
"M191","M","Father Demo Square","Small Park",NA,"Manhattan Sector 1.2","Districts 1, 2",0.25,0.25,14,10,5,32,267,210,94,669,5,5,5.4,5.8,"Yes","Yes","No","Yes",2044,500,15,155
"Q065","Q","John Vincent Daniels Jr. Square","Small Park",NA,"Queens Sector 1.2","Districts 1, 2",0.25,0.25,3,3,2,2,69,75,44,52,6.1,5.9,6.2,5.7,"No","No","No","No",349,594,124,329
"Q424","Q","Judge Angelo Graci Triangle","Small Park",NA,"Queens Sector 10.12","Districts 10, 12",0.25,0.25,1,1,1,1,32,27,28,25,3.3,2.2,2.8,2.8,"No","No","No","No",NA,NA,NA,NA
"Q393F","Q","LaGuardia Landing Lights","Small Park",NA,"Queens Sector 3.4","Districts 3, 4",0.25,0.25,3,2,3,3,68,51,68,73,4.5,3.7,5.3,4.8,"No","No","No","No",0,0,0,0
"Q073","Q","Plaut Triangle","Small Park",NA,"Queens Sector 7","District 7",0.25,0.25,1,1,1,1,15,14,18,23,1.8,1.8,2.2,2.1,"No","No","No","No",0,52,209,292
"Q480","Q","Remsen Family Cemetery","Small Park",NA,"Queens Sector 5.6","Districts 5, 6",0.25,0.25,2,2,2,3,51,40,51,60,4.7,4.6,3.9,4.3,"No","No","No","No",62,0,0,0
"M195","M","Sidney Hillman Playground","Small Park","Athletic Facilities,Playground","Manhattan Sector 3","District 3",0.25,0.25,15,14,7,15,344,282,142,313,5.4,6.2,5.7,5.4,"Yes","Yes","No","Yes",86,57,38,89
"Q040","Q","Elmjack Mall","Small Park",NA,"Queens Sector 3.4","Districts 3, 4",0.24,0.24,1,1,2,1,32,28,49,23,2,2.3,2.8,1.9,"No","No","No","No",0,92,0,0
"M246","M","Kimlau Square","Small Park",NA,"Manhattan Sector 3","District 3",0.24,0.24,9,10,8,10,178,185,148,205,5.9,6.5,5.7,5.4,"Yes","Yes","Yes","Yes",144,45,78,98
"B223PA","B","Rodney Park Center","Small Park","Athletic Facilities","Brooklyn Sector 1","District 1",0.24,0.24,7,4,15,10,128,83,393,227,5.3,5.8,5.5,6.5,"Yes","Yes","Yes","Yes",0,44,0,39
"BT16","B","St. Mark's Playground","Small Park",NA,"Brooklyn Sector 8.9","Districts 8, 9",0.24,0.24,11,11,23,16,227,244,460,329,5.5,5.5,6.2,6.6,"No","No","Yes","No",NA,NA,NA,NA
"M292","M","Sunshine Playground","Small Park","Playground","Manhattan Sector 10.11","Districts 10, 11",0.24,0.24,70,40,42,55,1414,790,837,1110,6.6,6.2,6.3,6,"Yes","Yes","Yes","Yes",234,351,111,206
"M060C","M","Park Avenue Malls","Small Park",NA,"Manhattan Sector 6.8.15","Districts 6, 8, 15",0.2375,4.62,3,3,3,3,62,70,55,62,2.7,3.8,4.5,3.6,"No","No","No","No",52,42,124,26
"B592","B","Betty Carter Park","Small Park",NA,"Brooklyn Sector 2","District 2",0.23,0.23,8,10,7,11,169,217,162,252,5.8,6.5,6.8,6.3,"No","No","No","No",20,116,69,154
"M402","M","Chelsea Green","Small Park",NA,"Manhattan Sector 4.5","Districts 4, 5",0.23,0.23,7,7,7,8,147,145,150,161,5.7,6.3,6.8,6.1,"No","No","No","No",262,366,13,177
"Q456","Q","Gene Gray Playground","Small Park","Playground","Queens Sector 14","District 14",0.23,0.23,13,18,6,7,269,372,121,153,4.7,6.2,6.2,5.4,"No","No","No","No",795,309,97,161
"M044","M","Jackson Square","Small Park",NA,"Manhattan Sector 1.2","Districts 1, 2",0.23,0.23,24,14,8,36,467,292,166,747,5,5,5.2,5.8,"Yes","Yes","No","Yes",622,241,29,82
"B223JD","B","Maritcha R. Lyons Park","Small Park",NA,"Brooklyn Sector 2","District 2",0.23,0.23,4,2,3,17,75,41,59,321,3.3,1.4,2,5.3,"No","No","Yes","Yes",28,0,0,0
"X037","X","O'Brien Oval","Small Park",NA,"Bronx Sector 4.5","Districts 4, 5",0.23,0.23,10,4,3,10,200,76,67,206,4.3,2.9,2.8,3.1,"No","No","No","No",246,68,28,37
"X287","X","Ogden Plimpton Playground","Small Park","Athletic Facility,Playground","Bronx Sector 4.5","Districts 4, 5",0.23,0.23,9,7,6,7,201,155,129,155,4.7,5.1,5.4,5.1,"No","No","No","No",234,314,56,148
"B305","B","P.S. 279 Playground","Small Park","Playground","Brooklyn Sector 17.18","Districts 17, 18",0.23,0.23,11,12,13,10,218,248,259,205,4.6,5.5,5.2,3.9,"No","No","No","Yes",0,260,62,88
"M301","M","St. Gregory's Playground","Small Park","Athletic Facility,Playground","Manhattan Sector 7.9","Districts 7, 9",0.23,0.23,10,11,8,9,197,225,166,185,6.8,6.5,6.8,6.2,"No","No","No","No",46,1105,723,711
"M001","M","Abingdon Square","Small Park",NA,"Manhattan Sector 1.2","Districts 1, 2",0.22,0.22,22,15,7,39,438,294,147,807,5,5.1,5.2,5.8,"Yes","Yes","No","Yes",0,400,53,181
"M027","M","Downing Street Playground","Small Park","Comfort Stations,Playground","Manhattan Sector 1.2","Districts 1, 2",0.22,0.22,13,13,7,33,239,262,136,682,5,5,5.4,5.8,"Yes","Yes","No","Yes",1239,1450,4222,782
"QT06","Q","Old Hickory Playground","Small Park","Playground","Queens Sector 1.2","Districts 1, 2",0.22,0.22,23,18,5,4,502,373,103,92,6.1,5,5.3,5.4,"No","Yes","No","No",38,0,0,222
"Q296","Q","Playground Thirty Five XXXV","Small Park","Playground","Queens Sector 1.2","Districts 1, 2",0.22,0.22,5,5,6,5,99,115,132,121,5.9,6.2,6.5,5.9,"No","No","No","No",718,286,122,477
"X043","X","Ryan Triangle","Small Park",NA,"Bronx Sector 1.2","Districts 1, 2",0.22,0.22,7,7,5,5,145,136,105,100,3.6,4.1,3.5,3.2,"No","No","No","No",10,0,0,67
"Q284","Q","Sixteen Oaks Grove","Small Park",NA,"Queens Sector 1.2","Districts 1, 2",0.22,0.22,2,2,2,2,37,39,38,42,5.1,5,5,4.7,"No","No","No","No",0,0,0,1420
"Q246","Q","Travis Triangle","Small Park",NA,"Queens Sector 7","District 7",0.22,0.22,1,1,1,1,13,12,12,15,1.8,1.5,2.1,1.4,"No","No","No","No",NA,NA,NA,NA
"Q123","Q","Astoria Health Playground","Small Park","Athletic Facility,Playground","Queens Sector 1.2","Districts 1, 2",0.21,0.21,5,5,6,5,102,108,126,103,6.2,6.2,6.5,6,"No","No","No","No",545,519,72,445
"X006","X","Bergen Triangle","Small Park",NA,"Bronx Sector 4.5","Districts 4, 5",0.21,0.21,8,7,4,16,150,145,88,333,4.9,5.5,4.4,5.8,"No","No","No","No",28,28,12,22
"B375","B","Chiarantano Playground","Small Park","Playground","Brooklyn Sector 17.18","Districts 17, 18",0.21,0.21,32,24,20,26,665,507,432,554,6.4,6.2,5.7,5.8,"Yes","Yes","Yes","Yes",0,28,56,97
"B223NB","B","Classon Triangle","Small Park",NA,"Brooklyn Sector 1","District 1",0.21,0.21,4,3,2,5,93,60,45,97,6.2,5.8,5.7,6.2,"No","No","No","No",0,0,28,50
"X300","X","Davidson Playground","Small Park","Playground","Bronx Sector 4.5","Districts 4, 5",0.21,0.21,12,6,7,13,228,131,145,248,5.9,4.6,4.1,4.8,"Yes","No","No","Yes",363,73,118,168
"M385","M","DeLury Square","Small Park",NA,"Manhattan Sector 1.2","Districts 1, 2",0.21,0.21,100,80,111,125,2475,1985,2919,3252,5.6,5.9,5.8,6.2,"Yes","Yes","Yes","Yes",52,211,25,315
"R020","R","Egbert Triangle","Small Park",NA,"Staten Island Sector 1","District 1",0.21,0.21,7,8,6,7,141,155,130,157,5.6,6.6,6.4,6.1,"No","No","No","No",NA,NA,NA,NA
"X148C1","X","Featherbenches","Small Park",NA,"Bronx Sector 4.5","Districts 4, 5",0.21,0.21,6,3,2,4,125,76,48,90,4.5,5,2.8,3.5,"No","No","No","No",10,12,275,205
"B036","B","Fort Stirling Park","Small Park",NA,"Brooklyn Sector 2","District 2",0.21,0.21,2,3,8,6,55,62,150,113,2,2.7,4.6,4.5,"Yes","Yes","Yes","Yes",0,0,2,33
"Q151","Q","Grand Slope","Small Park",NA,"Queens Sector 3.4","Districts 3, 4",0.21,0.21,3,3,5,3,63,55,102,81,3.8,3.6,4,3.7,"No","No","No","No",0,15,0,0
"M036","M","Herald Square","Small Park","Comfort Stations","Manhattan Sector 4.5","Districts 4, 5",0.21,0.21,326,229,194,312,17,0,0,1488,6.1,5.4,5.2,6.1,"Yes","Yes","Yes","Yes",NA,NA,NA,NA
"Q217","Q","Lt. Frank McConnell Park","Small Park",NA,"Queens Sector 8.9","Districts 8, 9",0.21,0.21,14,22,19,9,268,436,380,182,5.6,7,6.8,4.1,"No","Yes","Yes","No",0,155,0,439
"M125B","M","Minetta Playground","Small Park","Playground","Manhattan Sector 1.2","Districts 1, 2",0.21,0.21,13,11,5,33,251,228,102,685,5,5,5.4,5.9,"Yes","Yes","No","Yes",47,70,33,124
"B227","B","P.S. 125 Playground","Small Park","Athletic Facilities,Playground","Brooklyn Sector 5.16","Districts 5, 16",0.21,0.21,12,18,28,27,230,350,546,544,4.7,4.7,6.4,4.6,"Yes","Yes","Yes","Yes",NA,NA,NA,NA
"B255M","B","Park","Small Park",NA,"Brooklyn Sector 6.7","Districts 6, 7",0.21,0.21,1,1,1,2,26,19,25,60,5,4.8,4.9,4.9,"No","No","No","No",76,60,0,0
"M203B","M","Ralph Bunche Park","Small Park",NA,"Manhattan Sector 6.8.15","Districts 6, 8, 15",0.21,0.21,9,11,11,8,182,233,216,174,6.4,6.9,6.5,6.4,"Yes","No","No","No",0,560,0,18
"B148","B","Rolph Henry Playground","Small Park","Comfort Stations,Playground","Brooklyn Sector 8.9","Districts 8, 9",0.21,0.21,28,7,16,13,554,141,314,263,6.1,5.2,5.9,5.8,"No","No","No","No",418,147,770,660
"Q061","Q","Steinmann Triangle","Small Park",NA,"Queens Sector 1.2","Districts 1, 2",0.21,0.21,1,1,1,1,29,26,22,26,5.3,4.5,6.1,5.1,"No","No","No","No",340,317,86,117
"B116","B","Zion Triangle","Small Park",NA,"Brooklyn Sector 5.16","Districts 5, 16",0.21,0.21,16,7,9,8,324,146,188,179,4.5,3.7,3.8,2.9,"Yes","No","No","No",0,66,0,4
"X022","X","Benjamin Gladstone Square","Small Park",NA,"Bronx Sector 1.2","Districts 1, 2",0.2,0.2,4,6,5,4,82,134,118,99,3.8,6.5,6.2,4.9,"No","No","No","No",248,174,154,1165
"QT05","Q","Copernicus Triangle","Small Park","Playground","Queens Sector 5.6","Districts 5, 6",0.2,0.2,3,2,2,3,67,46,36,73,5.4,5.9,5.5,5.6,"No","No","No","No",194,0,0,184
"M208C","M","Harlem River Park","Small Park",NA,"Manhattan Sector 10.11","Districts 10, 11",0.2,0.2,79,10,8,17,1598,193,163,346,6.1,3.5,3.4,4.9,"Yes","Yes","Yes","Yes",28,83,118,52
"B223QB","B","Marcy Green Center","Small Park",NA,"Brooklyn Sector 1","District 1",0.2,0.2,9,2,4,20,184,52,86,420,5.2,5.7,4.8,6.6,"Yes","No","No","Yes",0,44,0,86
"B206","B","Sunners Playground","Small Park","Playground","Brooklyn Sector 17.18","Districts 17, 18",0.2,0.2,9,10,12,13,194,201,248,278,4.9,5.2,5.5,3.9,"No","No","No","Yes",114,88,0,113
"Q084B","Q","Tepper Triangle","Small Park",NA,"Queens Sector 8.9","Districts 8, 9",0.2,0.2,1,2,2,0,12,47,41,7,1.6,1.2,2.3,2.5,"No","Yes","No","No",NA,NA,NA,NA
"X302","X","Thorpe Family Playground","Small Park","Playground","Bronx Sector 3.6","Districts 3, 6",0.2,0.2,10,7,8,11,215,139,159,222,5.5,5.4,6.2,5.5,"No","No","No","Yes",87,369,352,270
"Q029","Q","William F Moore Park","Small Park","Athletic Facility","Queens Sector 3.4","Districts 3, 4",0.2,0.2,10,9,7,9,232,198,162,205,6.3,6,6.1,6.1,"No","No","No","No",882,804,159,154
"Q316","Q","Captain Dermody Triangle","Small Park",NA,"Queens Sector 11.13","Districts 11, 13",0.19,0.19,1,1,1,2,18,30,19,61,3.2,3.6,3.3,3.4,"No","No","No","No",325,0,0,0
"M012","M","Christopher Park","Small Park",NA,"Manhattan Sector 1.2","Districts 1, 2",0.19,0.19,22,14,8,38,431,276,161,791,5,5,5.5,5.8,"Yes","Yes","No","Yes",19,340,57,181
"B182","B","Howard Malls","Small Park",NA,"Brooklyn Sector 5.16","Districts 5, 16",0.19,0.19,21,12,12,7,404,258,247,154,3.5,3.2,4.4,2.5,"Yes","Yes","Yes","Yes",0,0,0,83
"Q281","Q","Nakks Malls","Small Park",NA,"Queens Sector 11.13","Districts 11, 13",0.19,0.19,3,4,4,4,76,85,88,97,3.9,3.3,3.5,3.8,"No","No","No","No",0,107,0,277
"M123","M","Peretz Square","Greenstreet",NA,"Manhattan Sector 3","District 3",0.19,0.19,6,13,10,13,115,266,216,264,4.9,6.4,6.8,6.1,"Yes","Yes","No","No",86,38,40,41
"B223PD","B","Rodney Playground Center","Small Park",NA,"Brooklyn Sector 1","District 1",0.19,0.19,7,7,11,10,127,125,272,223,5.3,5.8,5.1,6.5,"Yes","Yes","Yes","Yes",597,715,87,61
"X282","X","Seabury Playground","Small Park","Athletic Facility","Bronx Sector 3.6","Districts 3, 6",0.19,0.19,6,7,8,9,111,154,170,195,5.1,6,6.5,5.9,"No","No","No","No",197,236,0,225
"QT17","Q","Triangle 54","Small Park",NA,"Queens Sector 1.2","Districts 1, 2",0.19,0.19,1,1,1,1,15,21,21,25,3.2,3.7,4.1,4.4,"No","No","No","No",NA,NA,NA,NA
"Q360G","Q","Whitefish Triangle","Small Park","Playground","Queens Sector 5.6","Districts 5, 6",0.19,0.19,2,3,2,3,49,61,42,80,5.4,5.9,5.9,5.6,"No","No","No","No",340,129,0,207
"X148K3","X","Wood Park","Small Park",NA,"Bronx Sector 9.10","Districts 9, 10",0.19,0.19,9,8,9,9,170,158,199,174,5.1,5.1,5.1,4.9,"No","No","No","No",0,260,273,317
"X267","X","Eae J Mitchell Park","Small Park",NA,"Bronx Sector 3.6","Districts 3, 6",0.18,0.18,9,11,12,12,172,221,250,265,5.1,6.5,6.5,6.1,"No","No","No","No",72,209,56,176
"B223NC","B","Penn Triangle","Small Park","Playground","Brooklyn Sector 1","District 1",0.18,0.18,5,4,3,6,110,75,67,122,6,5.7,6.2,6.2,"No","No","No","No",102,176,97,232
"M138","M","Bill Bojangles Robinson Playground","Small Park","Athletic Facility,Playground","Manhattan Sector 10.11","Districts 10, 11",0.17,0.17,30,8,8,52,605,162,159,1061,6.3,5.5,5.9,6.1,"No","No","No","Yes",125,273,112,56
"X064","X","Bryant Triangle","Small Park",NA,"Bronx Sector 1.2","Districts 1, 2",0.17,0.17,4,8,7,6,92,201,162,141,3.8,6.3,5.9,4.8,"No","No","No","No",29,228,2,0
"M016","M","Cooper Triangle","Small Park",NA,"Manhattan Sector 3","District 3",0.17,0.17,6,14,8,8,129,298,165,177,4.7,6.5,6.8,6.1,"Yes","No","No","No",73,350,28,40
"Q139","Q","Drumm Triangle","Small Park",NA,"Queens Sector 5.6","Districts 5, 6",0.17,0.17,3,3,3,3,76,80,75,59,5.8,5.2,6,4.8,"No","No","No","No",0,0,0,42
"X077","X","Featherbed Triangle","Small Park",NA,"Bronx Sector 4.5","Districts 4, 5",0.17,0.17,5,3,5,4,108,75,105,90,4.6,4.8,5.1,4.5,"No","No","No","No",1635,357,281,593
"X264","X","Field Of Dreams Court","Small Park","Athletic Facility","Bronx Sector 1.2","Districts 1, 2",0.17,0.17,8,10,6,9,163,210,142,189,3.7,4.9,4.5,4.4,"Yes","No","No","No",56,74,44,38
"M288","M","Ramon Aponte Park","Small Park","Athletic Facility,Playground","Manhattan Sector 4.5","Districts 4, 5",0.17,0.17,12,9,9,10,235,196,198,200,6.6,6.4,6.6,6,"No","No","No","No",386,169,49,464
"Q360Q","Q","Sitting Area 127 CXXVII","Small Park",NA,"Queens Sector 5.6","Districts 5, 6",0.17,0.17,1,0,0,0,18,9,6,5,1.2,1.1,1.1,1.1,"No","No","No","No",191,0,11,0
"M188","M","Abe Lebewohl Park","Small Park",NA,"Manhattan Sector 3","District 3",0.16,0.16,5,7,3,4,97,143,68,83,4.7,6.2,6.8,6.1,"Yes","No","No","No",68,50,40,47
"R004","R","Barrett Triangle","Small Park",NA,"Staten Island Sector 1","District 1",0.16,0.16,7,5,3,3,137,113,63,63,6.1,6.2,6.7,5.9,"No","No","No","No",0,0,0,89
"X018","X","Echo Triangle","Small Park",NA,"Bronx Sector 4.5","Districts 4, 5",0.16,0.16,4,4,8,4,89,91,174,98,4.6,3.2,4.6,3.9,"No","No","No","No",26,115,48,166
"Q494","Q","Flight 587 Memorial Park","Small Park",NA,"Queens Sector 14","District 14",0.16,0.16,9,10,6,8,177,214,132,162,4.5,6,6.5,5.4,"No","No","No","No",0,95,0,0
"Q360E","Q","Hull Triangle","Small Park","Playground","Queens Sector 5.6","Districts 5, 6",0.16,0.16,2,2,1,3,48,44,35,64,5.5,6,5.8,5.4,"No","No","No","No",130,0,0,0
"B430","B","Lewis Playground","Small Park","Playground","Brooklyn Sector 3.4","Districts 3, 4",0.16,0.16,20,22,22,19,438,470,471,406,5.7,6.2,5.6,4.9,"Yes","Yes","Yes","Yes",0,590,0,0
"M180","M","Lt. Wm. Tighe Triangle","Small Park",NA,"Manhattan Sector 12.12A","Districts 12, 12A",0.16,0.16,38,7,11,12,734,133,230,237,6.6,6.2,6.2,5.5,"Yes","No","No","No",884,175,28,52
"X063","X","Martin Luther King Triangle","Small Park",NA,"Bronx Sector 1.2","Districts 1, 2",0.16,0.16,3,8,6,4,66,183,139,89,2.5,6.2,5.4,2.8,"No","No","No","No",15,106,0,40
"B356","B","North Pacific Playground","Small Park","Playground","Brooklyn Sector 2","District 2",0.16,0.16,37,27,19,16,689,511,352,307,5.1,5.1,4.7,5.1,"Yes","Yes","Yes","Yes",0,88,549,139
"Q275","Q","Patricia A. Brackley Park","Small Park",NA,"Queens Sector 14","District 14",0.16,0.16,3,7,5,7,63,138,98,133,4.1,5.7,6.5,5.3,"No","No","No","No",28,94,0,52
"B240","B","Tucker Place","Small Park",NA,"Brooklyn Sector 11.15","Districts 11, 15",0.16,0.16,3,22,19,17,79,609,522,474,2.3,5.2,5.8,5.1,"No","Yes","Yes","Yes",0,44,0,99
"B190","B","Barone Triangle","Small Park",NA,"Brooklyn Sector 17.18","Districts 17, 18",0.15,0.15,2,3,2,2,44,55,49,47,3.6,4,4,3.2,"No","No","No","No",NA,NA,NA,NA
"X005","X","Bryan Park","Small Park",NA,"Bronx Sector 7.8","Districts 7, 8",0.15,0.15,6,7,4,4,131,140,81,96,3.8,4.8,3.8,3.4,"No","No","No","No",279,119,256,286
"M207","M","Father Fagan Park","Small Park",NA,"Manhattan Sector 1.2","Districts 1, 2",0.15,0.15,13,13,9,35,252,271,190,723,5,5,5.4,5.9,"Yes","Yes","Yes","Yes",10,299,39,142
"QT10","Q","Gwirtzman Triangle","Small Park",NA,"Queens Sector 14","District 14",0.15,0.15,2,4,4,4,44,80,90,89,3.5,5.5,6.4,4.2,"No","No","No","No",0,286,83,77
"QT18","Q","Ian Maclennan Garden","Small Park",NA,"Queens Sector 5.6","Districts 5, 6",0.15,0.15,3,2,1,2,60,41,30,34,4.9,4.4,2.8,2.8,"No","No","No","No",111,35,0,0
"X148D1","X","Morris Mesa","Small Park","Playground","Bronx Sector 4.5","Districts 4, 5",0.15,0.15,6,5,4,5,136,118,98,111,5.2,5.3,5.2,4.4,"No","No","No","No",10,99,109,255
"B024","B","Orient Grove","Small Park",NA,"Brooklyn Sector 1","District 1",0.15,0.15,3,3,3,4,65,59,74,78,6.4,6.6,6.6,6.2,"No","No","No","No",NA,NA,NA,NA
"Q277","Q","South Gate Mall","Small Park",NA,"Queens Sector 10.12","Districts 10, 12",0.15,0.15,1,1,1,2,12,28,22,36,1.2,2.8,3.1,1.9,"No","No","No","No",NA,NA,NA,NA
"M122","M","Captain Jacob Joseph Playground","Small Park","Playground","Manhattan Sector 3","District 3",0.14,0.14,23,23,9,12,527,464,189,249,6.3,6,5.3,5.1,"Yes","Yes","No","Yes",83,71,66,122
"M020","M","Dante Park","Small Park",NA,"Manhattan Sector 7.9","Districts 7, 9",0.14,0.14,NA,NA,2,NA,NA,NA,34,NA,NA,NA,1,NA,NA,NA,"No",NA,4528,90,25,22
"B366","B","Duke Park","Small Park","Playground","Brooklyn Sector 5.16","Districts 5, 16",0.14,0.14,30,43,41,40,554,796,786,802,5.7,5.1,5.3,5.3,"Yes","Yes","Yes","Yes",0,0,0,191
"M032","M","Greeley Square Park","Small Park","Comfort Stations","Manhattan Sector 4.5","Districts 4, 5",0.14,0.14,338,213,194,349,17,0,0,1919,6.4,5.1,5.2,6.1,"Yes","Yes","Yes","Yes",NA,NA,NA,NA
"X107","X","Hawkins Park","Small Park","Playground","Bronx Sector 15.15A","Districts 15, 15A",0.14,0.14,26,18,13,8,523,399,283,183,5.6,5.7,5.5,6,"Yes","Yes","No","No",82,52,23,131
"Q209","Q","Lawrence Triangle","Small Park",NA,"Queens Sector 7","District 7",0.14,0.14,1,1,1,1,23,30,26,27,2.8,3.5,3.2,2.9,"No","No","No","No",43,43,42,0
"B171","B","Linden Sitting Area","Small Park",NA,"Brooklyn Sector 17.18","Districts 17, 18",0.14,0.14,7,8,6,12,145,151,138,240,4.4,4.6,4.5,3.7,"No","No","No","No",0,134,0,0
"X079","X","Major General John R Brown Triangle","Small Park",NA,"Bronx Sector 7.8","Districts 7, 8",0.14,0.14,3,4,3,3,68,84,55,61,3,4.2,3.4,2.3,"No","No","No","No",37,46,79,72
"B223QC","B","Marcy Green North","Small Park",NA,"Brooklyn Sector 1","District 1",0.14,0.14,9,3,4,20,184,62,92,420,5.3,5.7,4.8,6.6,"Yes","No","No","Yes",0,44,5,66
"Q116","Q","One Room Schoolhouse Park","Small Park",NA,"Queens Sector 3.4","Districts 3, 4",0.14,0.14,1,2,1,2,30,35,31,49,4.1,4.5,4,4.5,"No","No","No","No",0,14,0,0
"X148K4","X","Park","Small Park",NA,"Bronx Sector 9.10","Districts 9, 10",0.14,0.14,9,7,9,8,170,153,206,164,5.1,4.9,5.1,4.9,"No","No","No","No",51,0,0,0
"X148E","X","Peace Park","Small Park","Playground","Bronx Sector 4.5","Districts 4, 5",0.14,0.14,7,5,4,6,150,121,82,127,5.1,5.3,4.1,4.8,"No","No","No","No",463,169,57,472
"B090","B","Sobel Playground","Small Park","Playground","Brooklyn Sector 1","District 1",0.14,0.14,8,7,34,19,153,138,680,374,4.3,5.2,5.3,6.5,"Yes","Yes","Yes","Yes",0,0,6,353
"X148K2","X","St. Lawrence Triangle","Small Park",NA,"Bronx Sector 9.10","Districts 9, 10",0.14,0.14,10,8,9,8,192,171,208,163,5,5.2,5.2,4.7,"No","No","No","No",93,405,99,56
"Q177","Q","Tudor Malls","Small Park",NA,"Queens Sector 10.12","Districts 10, 12",0.14,0.14,1,9,4,4,25,187,84,95,2.2,5.5,5.8,5.9,"No","No","No","No",NA,NA,NA,NA
"Q435","Q","Vernon Mall","Small Park",NA,"Queens Sector 1.2","Districts 1, 2",0.14,0.14,23,18,5,4,489,366,104,78,6.1,4.9,5.2,5.2,"No","Yes","No","No",125,98,49,104
"MT04","M","Coenties Slip","Small Park",NA,"Manhattan Sector 1.2","Districts 1, 2",0.13,0.13,47,50,41,55,886,1024,978,995,6.2,6.1,6.9,6.5,"Yes","Yes","Yes","Yes",8,0,0,0
"M284","M","Convent Garden","Small Park",NA,"Manhattan Sector 7.9","Districts 7, 9",0.13,0.13,7,9,9,9,145,196,203,198,6.2,6.6,6.5,6.1,"No","No","No","No",40,39,0,107
"X023","X","Graham Triangle","Small Park",NA,"Bronx Sector 1.2","Districts 1, 2",0.13,0.13,3,5,4,2,52,98,88,50,3.5,3.1,3.1,2.7,"No","No","No","No",179,249,17,83
"M222","M","Grand Canal Court","Small Park","Athletic Facility","Manhattan Sector 1.2","Districts 1, 2",0.13,0.13,29,15,13,37,585,309,261,760,5,5,5.3,5.8,"Yes","Yes","Yes","Yes",0,11,0,26
"B391","B","Lt. Federico Narvaez Tot Lot","Small Park","Playground","Brooklyn Sector 14.19","Districts 14, 19",0.13,0.13,10,9,7,9,206,204,147,205,5.6,6.6,6.4,6,"No","No","No","No",0,155,0,119
"Q043","Q","Proctor-Hopson Circle","Small Park",NA,"Queens Sector 10.12","Districts 10, 12",0.13,0.13,1,1,2,1,28,18,36,26,2.7,1.7,3.8,1.8,"No","No","No","No",0,0,22,0
"Q360F","Q","Technical Sergeant Thomas J. Davey Triangle","Small Park",NA,"Queens Sector 5.6","Districts 5, 6",0.13,0.13,4,5,2,2,99,111,56,54,5.7,5.3,6,4.8,"No","No","No","No",376,0,0,260
"X071","X","Whalen Grove","Small Park",NA,"Bronx Sector 3.6","Districts 3, 6",0.13,0.13,8,5,13,19,163,94,246,375,4.7,3.8,4.9,4.4,"No","No","Yes","Yes",47,72,79,252
"M303","M","Abyssinian Tot Lot","Small Park","Playground","Manhattan Sector 10.11","Districts 10, 11",0.12,0.12,64,5,22,55,1298,101,432,1121,6.3,5.2,5.2,5.9,"Yes","Yes","Yes","Yes",143,71,61,82
"X248","X","Barretto Park","Small Park",NA,"Bronx Sector 1.2","Districts 1, 2",0.12,0.12,2,4,5,6,51,97,119,122,2.7,4.4,4.7,3.8,"No","No","No","No",155,95,145,107
"X129","X","Devanney Triangle","Small Park",NA,"Bronx Sector 4.5","Districts 4, 5",0.12,0.12,7,7,7,7,138,142,148,159,4.8,6,5.9,5.3,"No","No","No","No",10,418,367,292
"M025","M","Duane Park","Small Park",NA,"Manhattan Sector 1.2","Districts 1, 2",0.12,0.12,51,51,38,67,1107,1071,865,1470,6.4,6.7,6.9,6.4,"Yes","Yes","Yes","Yes",0,10,13,304
"X078","X","Franklin Triangle","Small Park",NA,"Bronx Sector 3.6","Districts 3, 6",0.12,0.12,4,5,8,9,81,114,172,193,2.5,5,6.5,6.1,"No","No","No","No",0,121,14,45
"X067","X","Martin Luther King Triangle","Small Park",NA,"Bronx Sector 4.5","Districts 4, 5",0.12,0.12,12,5,6,6,245,102,143,133,5.7,4.2,5.8,5.9,"No","No","No","No",518,145,193,199
"X031","X","McKinley Square","Small Park",NA,"Bronx Sector 3.6","Districts 3, 6",0.12,0.12,3,12,14,15,54,224,280,306,4.5,5.2,6.1,5.9,"No","Yes","Yes","No",28,4,62,171
"B255N","B","Park","Small Park",NA,"Brooklyn Sector 6.7","Districts 6, 7",0.12,0.12,2,1,1,2,52,14,24,58,5.4,4.4,4.8,4.2,"No","No","No","No",0,25,0,0
"X096","X","Rita Ley Triangle","Small Park",NA,"Bronx Sector 13","District 13",0.12,0.12,11,8,8,7,225,174,178,155,5.3,5.3,5.2,5.2,"No","No","No","No",0,0,3,52
"Q501","Q","Sergeant Collins Triangle","Small Park",NA,"Queens Sector 1.2","Districts 1, 2",0.12,0.12,1,1,1,1,30,25,21,20,4.8,4.4,5,4.8,"No","No","No","No",49,332,0,17
"M067","M","Sophie Irene Loeb","Small Park","Playground","Manhattan Sector 3","District 3",0.12,0.12,11,10,9,10,213,193,179,206,5.7,6.2,5.7,5.4,"Yes","Yes","Yes","Yes",151,724,61,121
"M224","M","Straus Square","Small Park",NA,"Manhattan Sector 3","District 3",0.12,0.12,20,33,25,16,464,673,502,325,5.9,5.7,5.7,4.9,"Yes","Yes","Yes","Yes",70,37,75,35
"M212","M","The Queen Elizabeth II September 11th Garden","Small Park",NA,"Manhattan Sector 1.2","Districts 1, 2",0.12,0.12,74,137,44,53,725,571,950,963,6.4,6.3,6.9,6.5,"Yes","Yes","Yes","Yes",69,37,554,29
"M304","M","West 186th Street Basketball Court","Small Park","Athletic Facility","Manhattan Sector 12.12A","Districts 12, 12A",0.12,0.12,8,11,9,9,168,221,182,186,6,6.7,6.5,5.9,"No","No","No","No",0,193,4,103
"B273","B","Aimee Triangle","Small Park",NA,"Brooklyn Sector 17.18","Districts 17, 18",0.11,0.11,4,4,5,11,80,92,103,217,4.3,4.6,4.9,3.4,"No","No","No","Yes",NA,NA,NA,NA
"X119","X","Alexander's Alley","Small Park",NA,"Bronx Sector 1.2","Districts 1, 2",0.11,0.11,2,1,1,2,34,18,22,42,1,1.1,1.4,1.9,"No","No","No","No",0,86,0,26
"R049","R","Bedford Green","Small Park",NA,"Staten Island Sector 1","District 1",0.11,0.11,7,6,4,6,140,116,96,116,5.3,4.2,6.1,5.7,"No","No","No","No",NA,NA,NA,NA
"M023","M","Donnellan Square","Small Park",NA,"Manhattan Sector 7.9","Districts 7, 9",0.11,0.11,11,15,13,13,233,314,274,264,6.1,6.8,6.7,6.4,"No","No","No","No",105,141,27,202
"B404","B","East Flatbush Children's Playground","Small Park","Playground","Brooklyn Sector 17.18","Districts 17, 18",0.11,0.11,8,9,16,21,163,177,326,428,5.2,5.5,5.2,5.1,"No","No","No","No",0,99,0,173
"Q325","Q","Gladys Warren Triangle","Small Park",NA,"Queens Sector 10.12","Districts 10, 12",0.11,0.11,1,2,2,3,18,34,48,52,1.8,3.3,5.2,3.9,"No","No","No","No",0,0,95,0
"X070","X","Heath Triangle","Small Park",NA,"Bronx Sector 7.8","Districts 7, 8",0.11,0.11,2,4,2,2,44,86,39,33,2.2,4.5,2.8,1.8,"No","No","No","No",0,0,19,0
"B089","B","Lowry Triangle","Small Park",NA,"Brooklyn Sector 8.9","Districts 8, 9",0.11,0.11,4,6,1,2,82,121,21,39,3.9,4.1,3.1,3.5,"No","No","No","No",0,0,0,161
"QT09","Q","Plaza 67","Small Park",NA,"Queens Sector 5.6","Districts 5, 6",0.11,0.11,2,3,3,3,53,56,65,60,4.9,4.2,3.9,3.2,"No","No","No","No",358,69,7,56
"B290","B","Public Place","Small Park",NA,"Brooklyn Sector 5.16","Districts 5, 16",0.11,0.11,9,7,6,12,179,147,134,269,3.6,3.5,3.7,4.1,"No","No","No","No",0,89,0,66
"B389","B","Umma Park","Small Park","Playground","Brooklyn Sector 14.19","Districts 14, 19",0.11,0.11,12,9,8,10,258,208,178,219,5.9,6.4,6.5,6,"No","No","No","No",0,0,14,267
"QT21","Q","Winfield Plaza","Small Park",NA,"Queens Sector 1.2","Districts 1, 2",0.11,0.11,20,9,10,0,374,171,177,10,5.5,5,5.8,4.8,"Yes","Yes","Yes","No",0,0,204,100
"X062","X","Beatty Plaza","Small Park",NA,"Bronx Sector 3.6","Districts 3, 6",0.1,0.1,3,9,14,15,68,177,280,295,4.5,5.3,6,5.8,"No","Yes","Yes","No",167,69,0,485
"Q491","Q","Carlos R. Lillo Park","Small Park",NA,"Queens Sector 1.2","Districts 1, 2",0.1,0.1,1,1,1,1,26,20,20,23,4,3.8,4.2,4.5,"No","No","No","No",194,0,215,0
"Q059","Q","Catharine Turner Richardson Park","Small Park",NA,"Queens Sector 11.13","Districts 11, 13",0.1,0.1,2,1,1,1,36,20,24,28,3,2.3,3.2,2.5,"No","No","No","No",87,580,884,0
"Q137","Q","Columbus Square","Small Park",NA,"Queens Sector 1.2","Districts 1, 2",0.1,0.1,5,6,7,6,115,129,156,127,6,6.6,6.8,6,"No","No","No","No",38,0,0,0
"Q483","Q","Corona Health Sanctuary","Small Park","Playground","Queens Sector 3.4","Districts 3, 4",0.1,0.1,11,9,11,11,239,198,249,246,6.4,6.3,6.5,6.3,"Yes","Yes","Yes","Yes",215,252,114,76
"X243A","X","Garden",NA,NA,"Bronx Sector 3.6","Districts 3, 6",0.1,0.1,NA,NA,NA,4,NA,NA,NA,71,NA,NA,NA,1,NA,NA,NA,"No",NA,NA,NA,NA
"M254","M","Gustave Hartman Square","Small Park",NA,"Manhattan Sector 3","District 3",0.1,0.1,4,6,6,5,87,124,122,109,3.7,4.9,6.6,5.9,"Yes","No","No","No",83,32,41,20
"B194","B","Harmony Triangle","Small Park",NA,"Brooklyn Sector 1","District 1",0.1,0.1,6,10,40,21,122,207,863,433,3.9,4.8,5.9,6.4,"Yes","Yes","Yes","Yes",NA,NA,NA,NA
"X069","X","Hutton Triangle","Small Park",NA,"Bronx Sector 3.6","Districts 3, 6",0.1,0.1,5,5,3,3,94,117,64,54,3.9,5.1,5.2,4.3,"No","No","No","No",43,23,30,118
"B223QA","B","Marcy Green South","Small Park",NA,"Brooklyn Sector 1","District 1",0.1,0.1,9,3,4,20,184,60,79,421,5.2,5.7,4.8,6.6,"Yes","No","No","Yes",735,48,0,146
"Q259","Q","Memorial Circle","Small Park",NA,"Queens Sector 14","District 14",0.1,0.1,9,11,5,7,176,221,102,148,4.5,5.4,6.2,5.4,"No","No","No","No",0,56,244,83
"X334","X","Mohegan Triangle","Small Park","Playground","Bronx Sector 3.6","Districts 3, 6",0.1,0.1,12,8,15,17,193,168,303,344,5,4.7,5.7,5.1,"No","No","Yes","Yes",0,77,56,103
"B226","B","Mt. Carmel Triangle","Small Park",NA,"Brooklyn Sector 1","District 1",0.1,0.1,3,3,2,5,75,62,43,100,5.6,6.2,5.5,5.5,"No","No","No","No",0,0,0,11
"X036","X","Murphy Triangle","Small Park",NA,"Bronx Sector 3.6","Districts 3, 6",0.1,0.1,10,7,7,3,184,151,147,71,5.5,5.7,5.9,5.1,"No","No","No","No",204,70,97,193
"B191","B","Park","Small Park",NA,"Brooklyn Sector 10.12","Districts 10, 12",0.1,0.1,1,1,1,1,28,22,13,18,1.9,1.8,1.7,1.7,"No","No","No","No",11,4,12,27
"Q036A","Q","Rafferty Triangle","Small Park",NA,"Queens Sector 1.2","Districts 1, 2",0.1,0.1,1,3,2,2,26,69,50,37,5.8,5.8,6.2,5.6,"No","No","No","No",1243,342,132,105
"Q231","Q","Sergeant Colyer Square","Small Park",NA,"Queens Sector 10.12","Districts 10, 12",0.1,0.1,1,2,2,3,29,45,46,63,3.2,3.2,3.5,3.8,"No","No","No","No",NA,NA,NA,NA
"QT20","Q","Seven Oaks","Small Park",NA,"Queens Sector 1.2","Districts 1, 2",0.1,0.1,2,2,1,2,35,38,31,36,4.5,4.2,3.9,4.6,"No","No","No","No",191,137,124,93
"M366","M","Tribeca Dog Run","Small Park",NA,"Manhattan Sector 1.2","Districts 1, 2",0.1,0.1,57,109,NA,NA,1223,2351,NA,NA,1.6,2.5,NA,NA,"Yes","Yes",NA,NA,0,61,0,103
"M203A","M","Trygve Lie Plaza","Small Park",NA,"Manhattan Sector 6.8.15","Districts 6, 8, 15",0.1,0.1,8,11,11,9,162,217,217,190,6.4,6.9,6.5,6.4,"Yes","No","No","No",0,82,40,62
"M097","M","Verdi Square","Small Park",NA,"Manhattan Sector 7.9","Districts 7, 9",0.1,0.1,24,17,13,14,481,366,280,293,6.6,6.8,6.8,6.5,"Yes","No","No","No",766,514,2482,0
"Q055","Q","Veteran's Square","Small Park",NA,"Queens Sector 3.4","Districts 3, 4",0.1,0.1,52,47,34,49,1095,939,690,1079,6.5,6.6,6.5,6.4,"Yes","Yes","Yes","Yes",NA,NA,NA,NA
"X065","X","Woodrow Wilson Triangle","Small Park",NA,"Bronx Sector 9.10","Districts 9, 10",0.1,0.1,12,12,11,10,266,262,261,219,4.5,4.7,4.8,4.6,"No","No","No","No",0,0,37,21
"M002","M","Ahearn Park","Small Park",NA,"Manhattan Sector 3","District 3",0.09,0.09,9,12,13,9,171,235,278,174,5.9,5.3,5.5,4.4,"Yes","Yes","Yes","Yes",75,43,43,38
"X130","X","Barry Plaza","Small Park",NA,"Bronx Sector 4.5","Districts 4, 5",0.09,0.09,4,5,6,4,88,112,120,84,2.4,3.8,3.6,2.5,"No","No","No","No",84,41,15,45
"X012","X","Church Triangle","Small Park",NA,"Bronx Sector 9.10","Districts 9, 10",0.09,0.09,7,7,7,6,144,150,151,132,5.1,5,5.2,4.8,"No","No","No","No",59,56,15,63
"Q341F","Q","Crosson Park","Small Park",NA,"Queens Sector 1.2","Districts 1, 2",0.09,0.09,2,2,1,2,41,45,32,36,6.2,5.8,6.2,5.6,"No","No","No","No",247,419,156,359
"Q033","Q","Mall Eighteen","Greenstreet",NA,"Queens Sector 7","District 7",0.09,0.09,0,0,0,0,4,5,7,6,1.2,1.2,1.2,1.1,"No","No","No","No",0,162,0,62
"M061","M","Plaza Lafayette","Small Park",NA,"Manhattan Sector 12.12A","Districts 12, 12A",0.09,0.09,6,4,4,4,115,75,76,77,6.3,5.8,5.7,5.9,"No","No","No","No",NA,NA,NA,NA
"X049","X","Schneider Sampson Square","Greenstreet",NA,"Bronx Sector 9.10","Districts 9, 10",0.09,0.09,2,2,2,1,38,49,48,35,5.5,4.4,4.1,3.4,"No","No","No","No",0,28,0,0
"Q360R","Q","Sitting Area","Small Park",NA,"Queens Sector 5.6","Districts 5, 6",0.09,0.09,1,0,0,0,17,7,4,4,1.1,1.1,1,1,"No","No","No","No",0,0,30,0
"Q080","Q","Veterans Plaza","Small Park",NA,"Queens Sector 3.4","Districts 3, 4",0.09,0.09,3,5,4,5,71,98,90,100,5.6,6.3,6.4,6.1,"No","No","No","No",249,0,0,38
"X110","X","Henry Hudson Parkway","Other",NA,"Bronx Sector 7.8","Districts 7, 8",0.0873,54.1,3,1,2,4,64,30,34,75,4.5,3.6,4.6,3.6,"No","No","No","No",65,0,0,37
"M127","M","Bushman Steps","Small Park",NA,"Manhattan Sector 12.12A","Districts 12, 12A",0.08,0.08,28,19,10,5,546,385,208,115,5.6,6,5.7,5.5,"Yes","No","No","No",NA,NA,NA,NA
"Q190","Q","Corporal Ruoff Square","Small Park",NA,"Queens Sector 10.12","Districts 10, 12",0.08,0.08,2,3,3,5,42,57,75,99,3.7,3.5,4.9,5.2,"No","No","No","No",NA,NA,NA,NA
"B289","B","Cutinella Triangle","Small Park",NA,"Brooklyn Sector 11.15","Districts 11, 15",0.08,0.08,1,1,1,1,33,18,20,19,3.7,2.6,3.2,3.4,"No","No","No","No",NA,NA,NA,NA
"M093","M","Father Duffy Square","Small Park",NA,"Manhattan Sector 4.5","Districts 4, 5",0.08,0.08,331,235,194,311,17,0,0,1519,6.1,5.4,5.2,6.1,"Yes","Yes","Yes","Yes",NA,NA,NA,NA
"Q018","Q","Gordon Triangle","Small Park",NA,"Queens Sector 1.2","Districts 1, 2",0.08,0.08,1,3,1,2,22,62,35,38,5.7,5.9,5.5,5,"No","No","No","No",190,288,0,240
"M125D","M","Minetta Triangle","Small Park",NA,"Manhattan Sector 1.2","Districts 1, 2",0.08,0.08,13,11,5,34,251,232,96,695,5,5,5.4,5.8,"Yes","Yes","No","Yes",22,62,0,61
"QT08","Q","Newcombe Square","Small Park",NA,"Queens Sector 8.9","Districts 8, 9",0.08,0.08,3,2,2,2,68,43,41,51,3.9,5.1,4.5,4.5,"No","No","No","No",NA,NA,NA,NA
"M120B","M","Playground of the Americas","Small Park","Playground","Manhattan Sector 1.2","Districts 1, 2",0.08,0.08,13,12,7,35,237,254,145,727,5,5,5.3,5.9,"Yes","Yes","No","Yes",0,52,968,87
"B176","B","Trust Triangle","Greenstreet",NA,"Brooklyn Sector 17.18","Districts 17, 18",0.08,0.08,5,6,6,8,104,122,136,173,4.1,4.6,4.8,2.4,"No","No","No","Yes",NA,NA,NA,NA
"M021","M","A Philip Randolph Square","Small Park",NA,"Manhattan Sector 10.11","Districts 10, 11",0.07,0.07,39,8,5,5,794,166,104,111,6.4,4.8,5.2,4.8,"No","No","No","No",209,411,76,32
"B223MA","B","Arbor Place","Small Park",NA,"Brooklyn Sector 2","District 2",0.07,0.07,3,1,0,0,82,30,10,11,3.5,2.1,1.2,1.3,"No","No","No","No",NA,NA,NA,NA
"B223V","B","Badame Sessa Triangle","Small Park",NA,"Brooklyn Sector 1","District 1",0.07,0.07,4,2,20,4,97,46,406,71,5.5,5.4,6.2,5.7,"No","No","No","No",NA,NA,NA,NA
"B115","B","Cohn Triangle","Small Park",NA,"Brooklyn Sector 1","District 1",0.07,0.07,10,3,1,1,188,69,25,31,4.3,3.4,2.8,3.7,"Yes","No","No","No",0,0,49,0
"B223T","B","Father Giorgio Triangle","Small Park",NA,"Brooklyn Sector 1","District 1",0.07,0.07,3,2,1,4,60,42,32,76,5.6,5.5,5.4,5.8,"No","No","No","No",NA,NA,NA,NA
"X061","X","Flood Triangle","Small Park",NA,"Bronx Sector 3.6","Districts 3, 6",0.07,0.07,6,9,5,11,127,168,104,211,4.5,4.5,5.5,4.9,"No","No","No","Yes",156,169,109,79
"B388","B","Gateway Triangle","Small Park",NA,"Brooklyn Sector 2","District 2",0.07,0.07,4,3,5,4,80,77,107,96,5,5.2,5.6,5.4,"No","No","No","No",0,147,0,0
"M034","M","Hancock Park","Small Park",NA,"Manhattan Sector 10.11","Districts 10, 11",0.07,0.07,36,4,4,5,735,89,87,107,6.4,4.4,4.3,4.6,"No","No","No","No",143,51,68,95
"Q186","Q","Jackson Mill Green","Small Park",NA,"Queens Sector 3.4","Districts 3, 4",0.07,0.07,3,4,5,4,69,76,95,84,5.4,5.2,6.2,5.5,"No","No","No","No",0,422,79,0
"Q208","Q","Litchhult Square","Small Park",NA,"Queens Sector 11.13","Districts 11, 13",0.07,0.07,2,4,4,5,43,91,82,98,3.9,3.2,3.5,3.6,"No","No","No","No",NA,NA,NA,NA
"MT10","M","Little Red Square","Small Park",NA,"Manhattan Sector 1.2","Districts 1, 2",0.07,0.07,13,13,4,37,254,265,90,766,5,5,5.4,5.8,"Yes","Yes","No","Yes",0,41,29,12
"B062","B","Memorial Gore","Small Park",NA,"Brooklyn Sector 1","District 1",0.07,0.07,3,4,4,5,71,87,92,107,6.5,6.5,6.8,6.4,"No","No","No","No",4,0,0,27
"Q360H","Q","Peter Chahales Park","Small Park",NA,"Queens Sector 5.6","Districts 5, 6",0.07,0.07,15,21,7,22,284,391,130,408,5.6,6.3,5.8,5.9,"No","No","No","No",NA,NA,NA,NA
"Q067","Q","Pigeon Paradise","Small Park",NA,"Queens Sector 1.2","Districts 1, 2",0.07,0.07,20,14,3,1,379,265,59,18,5.2,5.8,5.4,5.2,"Yes","No","No","No",397,86,263,40
"Q439","Q","Private William Gray Playground","Small Park","Playground","Queens Sector 3.4","Districts 3, 4",0.07,0.07,3,3,3,4,57,57,60,79,5.1,5.6,6.2,5.8,"No","No","No","No",0,0,0,111
"Q360S","Q","Quick Brown Fox Triangle","Small Park",NA,"Queens Sector 5.6","Districts 5, 6",0.07,0.07,0,0,0,0,6,6,7,9,1.2,1.1,1.1,1.1,"No","No","No","No",NA,NA,NA,NA
"M189","M","Roosevelt Triangle","Small Park",NA,"Manhattan Sector 7.9","Districts 7, 9",0.07,0.07,8,10,11,12,162,214,224,263,5.2,6.4,6.4,6.4,"No","No","No","No",150,143,40,0
"M287","M","Sheridan Square Viewing Garden","Small Park",NA,"Manhattan Sector 1.2","Districts 1, 2",0.07,0.07,NA,1,2,0,NA,13,50,8,NA,1.2,3.4,1.8,NA,"No","No","No",0,169,84,27
"M083","M","Sherman Square","Small Park",NA,"Manhattan Sector 7.9","Districts 7, 9",0.07,0.07,4,4,4,5,73,76,82,102,6.4,5.7,6,5.8,"Yes","No","No","No",NA,NA,NA,NA
"M085","M","Straus Park","Small Park",NA,"Manhattan Sector 7.9","Districts 7, 9",0.07,0.07,9,8,7,9,190,180,153,193,6.5,6.3,6.2,6.4,"No","No","No","No",40,98,80,133
"X101","X","Hutchinson River Parkway","Other",NA,"Bronx Sector 9.10","Districts 9, 10",0.0665,229.14,2,3,2,1,44,64,49,20,6.2,4.5,3.6,3,"No","No","No","No",0,29,329,0
"Q003","Q","Ashmead Park","Small Park",NA,"Queens Sector 10.12","Districts 10, 12",0.06,0.06,2,3,3,3,42,57,70,63,2.9,3.5,5.2,4.1,"No","No","No","No",0,0,0,145
"Q341E","Q","Crosson Green","Small Park",NA,"Queens Sector 1.2","Districts 1, 2",0.06,0.06,2,2,1,2,33,41,29,34,5.3,5.4,6.1,5.4,"No","No","No","No",0,103,67,178
"Q203","Q","David J O'Connell Square","Small Park",NA,"Queens Sector 10.12","Districts 10, 12",0.06,0.06,3,2,2,3,62,48,39,60,3.7,3.2,3.2,3.5,"No","No","No","No",0,50,0,0
"Q090","Q","Federalist Triangle","Small Park",NA,"Queens Sector 5.6","Districts 5, 6",0.06,0.06,4,3,2,2,90,74,42,45,5.6,5,5.8,4.8,"No","No","No","No",NA,NA,NA,NA
"B213","B","Gravesend Triangle","Small Park",NA,"Brooklyn Sector 11.15","Districts 11, 15",0.06,0.06,1,1,1,1,29,20,29,26,2.6,2.3,3,2.3,"No","No","No","No",NA,NA,NA,NA
"B160","B","Ketchum Triangle","Small Park",NA,"Brooklyn Sector 11.15","Districts 11, 15",0.06,0.06,2,1,2,2,40,24,34,35,2.5,2.3,2.9,2.1,"No","No","No","No",0,0,7,0
"Q214","Q","Leonard Square","Small Park",NA,"Queens Sector 7","District 7",0.06,0.06,0,1,1,1,6,30,12,12,1.2,1.4,2.1,1.3,"No","No","No","No",0,67,334,109
"B392","B","Lott Park","Small Park",NA,"Brooklyn Sector 17.18","Districts 17, 18",0.06,0.06,5,4,3,4,93,72,59,90,3.9,3.1,3.3,1.9,"No","No","No","No",0,144,0,0
"Q135A","Q","McKee Triangle","Small Park",NA,"Queens Sector 7","District 7",0.06,0.06,0,0,0,0,2,6,4,3,1,1.1,1,1.2,"No","No","No","No",0,88,0,0
"M125A","M","Minetta Green","Small Park",NA,"Manhattan Sector 1.2","Districts 1, 2",0.06,0.06,13,11,4,36,251,225,88,739,5,5,5.3,5.9,"Yes","Yes","No","Yes",40,62,10,52
"X056","X","Park","Small Park",NA,"Bronx Sector 3.6","Districts 3, 6",0.06,0.06,3,6,12,16,60,115,234,319,2.1,2.8,4.4,5,"No","Yes","Yes","Yes",4,387,0,75
"X148K1","X","Park","Small Park",NA,"Bronx Sector 9.10","Districts 9, 10",0.06,0.06,10,8,9,8,195,162,212,166,4.9,4.9,5.2,4.7,"No","No","No","No",37,37,0,0
"B174","B","Park","Small Park",NA,"Brooklyn Sector 17.18","Districts 17, 18",0.06,0.06,5,4,3,4,108,83,60,80,3.4,3.1,3.5,2.4,"No","No","No","No",NA,NA,NA,NA
"B255O","B","Park","Small Park",NA,"Brooklyn Sector 6.7","Districts 6, 7",0.06,0.06,4,3,2,2,83,87,55,46,5.6,5.5,4.9,3.7,"No","No","No","No",0,0,179,0
"X060","X","Sheridan Triangle","Small Park",NA,"Bronx Sector 7.8","Districts 7, 8",0.06,0.06,2,1,1,4,47,20,23,79,3.4,2.4,3.8,2.7,"No","No","No","No",NA,NA,NA,NA
"Q355","Q","Strippoli Square","Small Park",NA,"Queens Sector 1.2","Districts 1, 2",0.06,0.06,2,2,1,2,42,35,27,36,3.9,4.3,4,4,"No","No","No","No",19,0,76,0
"Q140","Q","Barclay Triangle","Small Park",NA,"Queens Sector 3.4","Districts 3, 4",0.05,0.05,1,1,1,2,19,17,30,39,3.4,3.3,3.9,3.4,"No","No","No","No",21,28,125,212
"QT14","Q","Benigno Aquino Triangle","Small Park",NA,"Queens Sector 10.12","Districts 10, 12",0.05,0.05,1,2,2,2,22,34,32,44,2.3,2.2,2.7,3.2,"No","No","No","No",19,0,0,0
"Q224","Q","Calvary Monument","Small Park",NA,"Queens Sector 1.2","Districts 1, 2",0.05,0.05,10,9,8,1,173,7,2,22,1.4,1,1,1,"Yes","Yes","Yes","Yes",NA,NA,NA,NA
"B205","B","Corporal Wiltshire Square","Small Park",NA,"Brooklyn Sector 11.15","Districts 11, 15",0.05,0.05,1,1,1,1,29,14,19,22,3.4,2.7,3.1,2.6,"No","No","No","No",0,0,56,0
"Q206","Q","Eight Oaks Triangle","Small Park",NA,"Queens Sector 8.9","Districts 8, 9",0.05,0.05,3,3,2,3,63,60,41,61,3.8,4.5,4.5,4.1,"No","No","No","No",0,67,84,0
"QT07","Q","Federoff Triangle","Small Park",NA,"Queens Sector 5.6","Districts 5, 6",0.05,0.05,3,3,4,6,61,76,78,123,4.1,4.2,4.2,4.3,"No","No","No","No",0,107,0,0
"Q220D","Q","Foch Sitting Area","Small Park",NA,"Queens Sector 10.12","Districts 10, 12",0.05,0.05,5,5,5,6,93,107,95,113,5.1,5.6,5.4,4.8,"No","No","No","No",0,0,465,44
"B211","B","Lady Moody Triangle","Small Park",NA,"Brooklyn Sector 11.15","Districts 11, 15",0.05,0.05,3,2,2,2,63,39,41,41,3.6,3,3.2,3.4,"No","No","No","No",NA,NA,NA,NA
"Q076","Q","Legion Triangle","Small Park",NA,"Queens Sector 8.9","Districts 8, 9",0.05,0.05,2,1,2,2,43,27,47,49,4.4,4.4,4.8,3.6,"No","No","No","No",45,31,0,0
"Q257","Q","Lt. Clinton L .Whiting Square","Small Park",NA,"Queens Sector 8.9","Districts 8, 9",0.05,0.05,0,1,1,1,13,20,23,26,4.2,3.9,4.4,2.9,"No","No","No","No",0,38,112,0
"B242","B","Meucci Triangle","Small Park",NA,"Brooklyn Sector 11.15","Districts 11, 15",0.05,0.05,2,1,2,2,56,31,35,36,3.5,2.8,3,3.3,"No","No","No","No",0,0,125,0
"BT11","B","Park","Small Park",NA,"Brooklyn Sector 6.7","Districts 6, 7",0.05,0.05,3,3,2,4,79,73,58,111,4.8,5.1,4.5,4,"No","No","No","No",469,0,0,0
"M170","M","Petrosino Square","Small Park",NA,"Manhattan Sector 1.2","Districts 1, 2",0.05,0.05,23,12,10,36,447,244,210,737,5,5,5.4,5.9,"Yes","Yes","Yes","Yes",0,145,8,122
"R002","R","Pleasant Plains Plaza","Small Park",NA,"Staten Island Sector 3","District 3",0.05,0.05,0,0,0,0,1,2,3,3,1,1,1.2,1,"No","No","No","No",0,333,0,76
"Q042","Q","Poppenhusen Park","Small Park",NA,"Queens Sector 7","District 7",0.05,0.05,1,0,0,0,19,10,9,7,1.5,1.3,1.6,1.2,"No","No","No","No",83,0,111,83
"M051","M","Richard Tucker Park","Small Park",NA,"Manhattan Sector 7.9","Districts 7, 9",0.05,0.05,NA,NA,1,NA,NA,NA,27,NA,NA,NA,1,NA,NA,NA,"No",NA,83,49,98,0
"Q147","Q","Ruoff Triangle","Small Park",NA,"Queens Sector 8.9","Districts 8, 9",0.05,0.05,1,8,10,4,25,153,190,81,4.5,5.9,6.5,3.9,"No","Yes","Yes","No",NA,NA,NA,NA
"Q360T","Q","Sitting Area","Small Park",NA,"Queens Sector 5.6","Districts 5, 6",0.05,0.05,1,1,1,2,29,23,18,41,3.2,3.7,3.8,4.1,"No","No","No","No",224,0,0,0
"X052","X","Triangle","Small Park",NA,"Bronx Sector 3.6","Districts 3, 6",0.05,0.05,9,3,8,16,174,61,165,306,5.3,3,3.8,4.9,"No","No","Yes","Yes",15,0,0,0
"M125E","M","Charlton Plaza","Small Park",NA,"Manhattan Sector 1.2","Districts 1, 2",0.04,0.04,13,14,11,38,246,274,228,788,5,5,5.2,5.9,"Yes","Yes","Yes","Yes",0,65,141,0
"M024","M","Dorrance Brooks Square","Small Park",NA,"Manhattan Sector 10.11","Districts 10, 11",0.04,0.04,41,4,4,3,833,87,85,75,6.3,3.9,3.8,3.9,"Yes","No","No","No",204,35,33,102
"B117","B","Lindsay Triangle","Small Park",NA,"Brooklyn Sector 1","District 1",0.04,0.04,4,3,4,4,91,67,85,90,6.1,6.4,6.1,6.3,"No","No","No","No",0,0,0,83
"Q462","Q","Manuel De Dios Unanue Triangle","Small Park",NA,"Queens Sector 3.4","Districts 3, 4",0.04,0.04,5,4,4,4,120,90,95,91,5.4,5.2,5.8,5.1,"No","No","No","No",57,544,0,172
"M172","M","McCarthy Square","Small Park",NA,"Manhattan Sector 1.2","Districts 1, 2",0.04,0.04,24,12,9,39,468,236,176,804,5,5,5.4,5.7,"Yes","Yes","No","Yes",0,32,0,346
"Q243","Q","Norelli-Hargreaves Memorial Triangle","Small Park",NA,"Queens Sector 10.12","Districts 10, 12",0.04,0.04,1,1,2,4,16,31,49,82,1.4,2.2,3.8,3.9,"No","No","No","No",28,22,0,0
"X148B2","X","Park","Small Park",NA,"Bronx Sector 4.5","Districts 4, 5",0.04,0.04,6,4,3,3,120,84,74,76,4.3,3.2,3.4,2.7,"No","No","No","No",22,17,177,10
"B196","B","Pvt. Sonsire Triangle","Small Park",NA,"Brooklyn Sector 1","District 1",0.04,0.04,8,12,353,133,164,257,7629,2873,5.4,6.7,6.9,6.5,"Yes","Yes","Yes","Yes",NA,NA,NA,NA
"M282","M","Septuagesimo UNO","Small Park",NA,"Manhattan Sector 7.9","Districts 7, 9",0.04,0.04,3,5,3,4,61,100,65,84,6.4,6.2,6.3,6.2,"Yes","No","No","No",171,48,48,52
"Q057","Q","Sohncke Square","Small Park",NA,"Queens Sector 1.2","Districts 1, 2",0.04,0.04,1,1,1,0,16,17,25,10,4.6,4,5.6,4.2,"No","No","No","No",0,298,0,0
"M247","M","St. James Triangle","Small Park",NA,"Manhattan Sector 3","District 3",0.04,0.04,8,9,7,9,168,175,135,180,5.6,6.5,5.5,4.9,"Yes","Yes","Yes","Yes",90,40,47,40
"B126A","B","Todd Triangle","Small Park",NA,"Brooklyn Sector 6.7","Districts 6, 7",0.04,0.04,16,20,17,27,303,400,352,527,6.4,6.8,6.6,6.5,"Yes","Yes","Yes","Yes",NA,NA,NA,NA
"MT09","M","Winston Churchill Square","Small Park",NA,"Manhattan Sector 1.2","Districts 1, 2",0.04,0.04,13,14,5,39,240,274,97,798,5,5,5.4,5.7,"Yes","Yes","No","Yes",18,0,0,0
"X148J2","X","Boone Slope","Small Park",NA,"Bronx Sector 3.6","Districts 3, 6",0.03,0.03,4,6,8,8,82,130,161,182,4.4,5.8,6.3,6.3,"No","No","No","No",48,0,254,139
"B210C","B","Cough Triangle","Small Park",NA,"Brooklyn Sector 6.7","Districts 6, 7",0.03,0.03,6,5,4,4,120,99,87,83,6.2,6,5.7,4.9,"No","No","No","No",0,0,0,84
"R060","R","Dodgers Triangle","Small Park",NA,"Staten Island Sector 1","District 1",0.03,0.03,3,2,4,4,52,42,74,79,3,4.8,4.5,5.1,"No","No","No","No",NA,NA,NA,NA
"Q159","Q","Father Reilly Square","Small Park",NA,"Queens Sector 11.13","Districts 11, 13",0.03,0.03,1,1,1,1,21,26,23,26,3,1.2,1.4,1.4,"No","No","No","No",NA,NA,NA,NA
"Q062","Q","Fleetwood Triangle","Small Park",NA,"Queens Sector 5.6","Districts 5, 6",0.03,0.03,2,2,3,3,53,53,58,59,4.4,4.6,3.9,3.9,"No","No","No","No",0,38,0,0
"B172","B","Heffernan Triangle","Small Park",NA,"Brooklyn Sector 10.12","Districts 10, 12",0.03,0.03,5,3,2,3,99,74,54,63,4.3,4.5,4.7,4.6,"No","No","No","No",NA,NA,NA,NA
"B045","B","Heisser Triangle","Small Park",NA,"Brooklyn Sector 3.4","Districts 3, 4",0.03,0.03,1,1,2,1,29,28,34,32,5.2,4.8,4.6,4.8,"No","No","No","No",29,9,6,22
"Q152","Q","Horsebrook Island","Small Park",NA,"Queens Sector 3.4","Districts 3, 4",0.03,0.03,17,3,2,13,323,64,38,244,4.9,1.9,1.7,3.1,"Yes","No","No","Yes",0,85,0,0
"Q341B","Q","Latham Park","Small Park",NA,"Queens Sector 1.2","Districts 1, 2",0.03,0.03,0,0,0,1,7,5,11,14,2.5,2.1,2.4,2.4,"No","No","No","No",7,37,0,0
"Q383","Q","Middle Village Veterans Triangle","Small Park",NA,"Queens Sector 5.6","Districts 5, 6",0.03,0.03,1,1,1,1,13,19,16,19,3.3,4.1,4.2,4.2,"No","No","No","No",NA,NA,NA,NA
"Q160","Q","O'Sullivan Plaza","Small Park",NA,"Queens Sector 3.4","Districts 3, 4",0.03,0.03,1,1,1,1,19,20,31,28,3.6,3.3,3.7,3.5,"No","No","No","No",0,347,0,0
"M108H","M","Park","Small Park",NA,"Manhattan Sector 6.8.15","Districts 6, 8, 15",0.03,0.03,5,6,4,8,99,127,80,170,4.3,4.5,3.5,4.4,"No","No","No","No",0,0,25,0
"X148I3","X","Park","Small Park",NA,"Bronx Sector 3.6","Districts 3, 6",0.03,0.03,4,3,3,1,80,69,59,30,3.4,3.3,3.6,3.1,"No","No","No","No",0,0,37,0
"X150M","X","Park","Small Park",NA,"Bronx Sector 7.8","Districts 7, 8",0.03,0.03,1,1,0,1,22,18,7,12,1,1.3,1,1,"No","No","No","No",21,0,0,0
"M169","M","Samuel Marx Triangle","Small Park",NA,"Manhattan Sector 10.11","Districts 10, 11",0.03,0.03,46,5,4,4,933,101,75,81,6.4,3.8,4.5,4.6,"Yes","No","No","No",169,153,65,61
"B338","B","Tom McDonald Triangle","Small Park",NA,"Brooklyn Sector 10.12","Districts 10, 12",0.03,0.03,4,4,2,3,92,75,52,67,5.1,5.9,5.8,4.9,"No","No","No","No",NA,NA,NA,NA
"Q070","Q","Trolley Car Triangle","Small Park",NA,"Queens Sector 3.4","Districts 3, 4",0.03,0.03,1,1,1,1,20,23,27,23,3.4,3.5,3.8,3.6,"No","No","No","No",7,15,0,0
"B027","B","Veterans Triangle","Small Park",NA,"Brooklyn Sector 5.16","Districts 5, 16",0.03,0.03,12,6,4,4,252,129,90,83,4.5,3.3,4,3,"No","No","No","No",0,0,42,0
"X278","X","Boston Garden","Small Park",NA,"Bronx Sector 11.12.14","Districts 11, 12, 14",0.02,0.02,3,2,2,1,70,34,41,31,4.9,3.8,4.1,3.9,"No","No","No","No",98,29,0,82
"X133","X","Derosa O'Boyle Triangle","Small Park",NA,"Bronx Sector 9.10","Districts 9, 10",0.02,0.02,4,4,4,3,73,89,92,69,6.1,4.8,4.3,4.5,"No","No","No","No",0,145,0,0
"B033","B","Fort Hamilton Triangle","Small Park",NA,"Brooklyn Sector 10.12","Districts 10, 12",0.02,0.02,2,1,1,2,34,24,23,54,2.9,2.5,3.3,2.2,"No","No","No","No",0,933,28,15
"X134","X","Freeman Triangle","Small Park",NA,"Bronx Sector 3.6","Districts 3, 6",0.02,0.02,4,5,6,7,76,107,122,150,4.8,6.4,6.6,6,"No","No","No","No",0,134,739,285
"B041","B","Grant Gore","Small Park",NA,"Brooklyn Sector 8.9","Districts 8, 9",0.02,0.02,4,5,2,1,94,109,38,27,3.2,3.8,3.2,3.4,"No","No","No","No",42,32,4,4
"Q245","Q","Hollis Veterans Square","Small Park",NA,"Queens Sector 10.12","Districts 10, 12",0.02,0.02,0,1,2,2,9,18,38,44,1.3,1.7,3.4,3.5,"No","No","No","No",0,0,0,72
"M040","M","Johnny Hartman Square","Small Park",NA,"Manhattan Sector 7.9","Districts 7, 9",0.02,0.02,10,13,12,14,217,277,248,289,6.4,6.8,6.6,6.4,"No","No","No","No",161,80,25,43
"M090","M","Lafayette Square","Small Park",NA,"Manhattan Sector 10.11","Districts 10, 11",0.02,0.02,45,3,3,3,916,62,73,64,6.2,3.7,4.2,4.1,"Yes","No","No","No",142,125,86,32
"B202","B","Lithuania Square","Small Park",NA,"Brooklyn Sector 1","District 1",0.02,0.02,3,2,3,4,73,38,66,77,5.6,6.2,6.2,5.9,"No","No","No","No",0,75,0,236
"Q157","Q","Metro Triangle","Greenstreet",NA,"Queens Sector 8.9","Districts 8, 9",0.02,0.02,2,2,1,2,45,37,22,42,3.1,3.9,3.7,4.1,"No","No","No","No",NA,NA,NA,NA
"Q060","Q","Nine Heroes Plaza","Small Park",NA,"Queens Sector 3.4","Districts 3, 4",0.02,0.02,14,16,12,12,301,332,263,254,6.1,6.1,6.2,6,"Yes","Yes","Yes","Yes",93,331,86,55
"B231","B","Samuel Goldberg Triangle","Small Park",NA,"Brooklyn Sector 11.15","Districts 11, 15",0.02,0.02,2,1,2,2,40,28,37,34,2.7,2.5,3.2,2.2,"No","No","No","No",NA,NA,NA,NA
"Q213","Q","Studley Triangle","Small Park",NA,"Queens Sector 7","District 7",0.02,0.02,0,0,0,1,4,5,6,12,1,1.1,1.4,1.3,"No","No","No","No",NA,NA,NA,NA
"B229","B","Triangle","Small Park",NA,"Brooklyn Sector 17.18","Districts 17, 18",0.02,0.02,2,8,2,4,41,159,48,78,3.5,4.2,3.9,3.4,"No","No","No","No",0,0,0,201
"B155","B","Triangle","Small Park",NA,"Brooklyn Sector 5.16","Districts 5, 16",0.02,0.02,2,1,2,3,45,26,54,68,1.5,1.5,2.5,2.1,"No","No","No","No",NA,NA,NA,NA
"Q135","Q","Cross Island Parkway","Other","Natural Areas,Trails","Queens Sector 11.13","Districts 11, 13",0.0145,326.9,9,6,6,6,177,136,128,133,3.8,3.7,3.3,3.6,"Yes","Yes","Yes","Yes",NA,NA,NA,NA
"M188A","M","Abe Lebewohl Triangle","Small Park",NA,"Manhattan Sector 3","District 3",0.01,0.01,5,6,3,4,92,114,70,84,4.7,6.1,6.8,6.1,"Yes","No","No","No",65,47,35,36
"B123","B","Alben Square","Small Park",NA,"Brooklyn Sector 10.12","Districts 10, 12",0.01,0.01,1,1,1,1,27,32,19,24,1.8,2.2,2.1,1.7,"No","No","No","No",NA,NA,NA,NA
"Q168","Q","Alexander Grey Triangle","Small Park",NA,"Queens Sector 7","District 7",0.01,0.01,0,0,0,0,2,5,3,2,1,1.2,1,1.2,"No","No","No","No",NA,NA,NA,NA
"Q173","Q","American Triangle","Small Park",NA,"Queens Sector 3.4","Districts 3, 4",0.01,0.01,52,47,34,49,1086,939,690,1079,6.4,6.6,6.5,6.4,"Yes","Yes","Yes","Yes",0,233,0,0
"X001B","X","Barnhill Square","Small Park",NA,"Bronx Sector 7.8","Districts 7, 8",0.01,0.01,4,5,3,4,78,104,61,82,3.4,4.6,3.2,3.9,"No","No","No","No",238,47,77,0
"B006","B","Beattie Square","Small Park",NA,"Brooklyn Sector 3.4","Districts 3, 4",0.01,0.01,1,1,2,2,28,32,40,38,4.9,4.5,4.9,5,"No","No","No","No",408,5,13,13
"Q148","Q","Catholic War Veterans Square","Small Park",NA,"Queens Sector 10.12","Districts 10, 12",0.01,0.01,2,2,2,3,34,44,39,59,3.8,3.2,3.2,3.5,"No","No","No","No",NA,NA,NA,NA
"Q387D","Q","Clearview's Tail","Small Park",NA,"Queens Sector 8.9","Districts 8, 9",0.01,0.01,0,1,0,0,8,24,11,8,1.5,1.1,1.6,1.7,"No","Yes","No","No",NA,NA,NA,NA
"Q056","Q","Clemens Triangle","Small Park",NA,"Queens Sector 5.6","Districts 5, 6",0.01,0.01,3,2,2,2,65,51,36,36,5.2,5.2,6,4.7,"No","No","No","No",NA,NA,NA,NA
"B175","B","Dahill Triangle","Small Park",NA,"Brooklyn Sector 10.12","Districts 10, 12",0.01,0.01,1,1,0,0,16,24,9,6,1.9,2.4,1.4,1.2,"No","No","No","No",NA,NA,NA,NA
"B031","B","Fidelity Triangle","Small Park",NA,"Brooklyn Sector 1","District 1",0.01,0.01,0,0,0,0,9,11,6,8,1,1.1,1.1,1.1,"No","No","No","No",NA,NA,NA,NA
"Q019","Q","Garlinge Triangle","Small Park",NA,"Queens Sector 5.6","Districts 5, 6",0.01,0.01,0,0,0,0,8,4,5,5,1.2,1.1,1,1,"No","No","No","No",48,37,0,123
"Q075","Q","Glendale Veterans Triangle","Small Park",NA,"Queens Sector 5.6","Districts 5, 6",0.01,0.01,2,2,1,2,51,37,30,56,4.9,5,5,5.1,"No","No","No","No",0,77,0,0
"Q142","Q","Jacob Riis Triangle","Small Park",NA,"Queens Sector 8.9","Districts 8, 9",0.01,0.01,2,2,2,3,41,35,36,59,2.5,3.6,4,3.8,"No","No","No","No",172,0,0,0
"Q032","Q","McKenna Triangle","Small Park",NA,"Queens Sector 1.2","Districts 1, 2",0.01,0.01,1,1,1,1,19,27,25,34,5.6,5.5,6.3,5.3,"No","No","No","No",232,77,0,77
"Q124","Q","Myrtle Avenue Clemens Triangle","Small Park",NA,"Queens Sector 5.6","Districts 5, 6",0.01,0.01,3,3,3,3,64,68,61,61,5.2,5.2,6,4.8,"No","No","No","No",0,263,0,0
"B537","B","Park","Small Park",NA,"Brooklyn Sector 2","District 2",0.01,0.01,5,14,20,14,118,284,385,279,4.3,5.6,6.2,5.7,"No","No","Yes","No",NA,NA,NA,NA
"B278","B","Sam Leggio Triangle","Small Park",NA,"Brooklyn Sector 5.16","Districts 5, 16",0.01,0.01,2,2,5,3,38,36,101,57,1.5,1.6,1.6,1.5,"No","No","No","No",0,0,0,1
"Q072","Q","Short Triangle","Small Park",NA,"Queens Sector 1.2","Districts 1, 2",0.01,0.01,1,1,1,1,13,15,18,16,4.5,4.6,5.8,4.5,"No","No","No","No",NA,NA,NA,NA
"Q068","Q","Triangle 90","Small Park",NA,"Queens Sector 3.4","Districts 3, 4",0.01,0.01,3,2,3,3,61,52,67,68,4.7,4.1,4,4,"No","No","No","No",63,19,0,46
"Q079","Q","Wellbrock Triangle","Small Park",NA,"Queens Sector 10.12","Districts 10, 12",0.01,0.01,1,2,2,4,23,41,38,84,3.5,3.2,3.2,3.8,"No","No","No","No",0,0,22,0
"B166","B","Belt Parkway/Shore Parkway","Large Park","Athletic Facilities,Natural Areas,Trails","Brooklyn Sector 11.15","Districts 11, 15",0.0069,760.43,17,9,1,7,384,191,17,163,3.3,3,1.2,2.1,"No","No","No","No",179,50,53,31
"B544","B","100 Quincy Street Community Garden",NA,NA,"Brooklyn Sector 3.4","Districts 3, 4",0,0.05,NA,NA,NA,NA,NA,NA,NA,NA,NA,NA,NA,NA,NA,NA,NA,NA,NA,NA,NA,NA
"M397","M","11 BC Serenity Garden",NA,NA,"Manhattan Sector 3","District 3",0,0.05,NA,NA,NA,NA,NA,NA,NA,NA,NA,NA,NA,NA,NA,NA,NA,NA,NA,NA,NA,NA
"M382","M","110th Street Block Association Garden",NA,NA,"Manhattan Sector 10.11","Districts 10, 11",0,0.05,NA,NA,NA,NA,NA,NA,NA,NA,NA,NA,NA,NA,NA,NA,NA,NA,NA,NA,NA,NA
"M331","M","117th St Community Garden","Small Park",NA,"Manhattan Sector 10.11","Districts 10, 11",0,0.08,NA,NA,NA,NA,NA,NA,NA,NA,NA,NA,NA,NA,NA,NA,NA,NA,NA,NA,NA,NA
"M296","M","132 St Block Association Park","Small Park",NA,"Manhattan Sector 10.11","Districts 10, 11",0,0.17,NA,NA,NA,NA,NA,NA,NA,NA,NA,NA,NA,NA,NA,NA,NA,NA,NA,NA,NA,NA
"X324","X","176th Street Community Garden","Small Park",NA,"Bronx Sector 4.5","Districts 4, 5",0,0.21,NA,NA,NA,NA,NA,NA,NA,NA,NA,NA,NA,NA,NA,NA,NA,NA,NA,NA,NA,NA
"QT16","Q","211 Malls","Property",NA,"Queens Sector 11.13","Districts 11, 13",0,0.47,2,1,2,2,34,30,35,54,1.3,1.6,1.7,2.1,"No","No","No","No",NA,NA,NA,NA
"B535","B","400 Montauk Av Block Assn","Small Park",NA,"Brooklyn Sector 5.16","Districts 5, 16",0,0.09,NA,NA,NA,NA,NA,NA,NA,NA,NA,NA,NA,NA,NA,NA,NA,NA,NA,NA,NA,NA
"M313A","M","5th St Slope Garden","Small Park",NA,"Manhattan Sector 3","District 3",0,0.1,NA,NA,NA,NA,NA,NA,NA,NA,NA,NA,NA,NA,NA,NA,NA,NA,0,52,0,39
"B553","B","61 Franklin Street Garden","Property",NA,"Brooklyn Sector 1","District 1",0,0.04,NA,NA,NA,NA,NA,NA,NA,NA,NA,NA,NA,NA,NA,NA,NA,NA,NA,NA,NA,NA
"B210L","B","64th Street Community Garden","Other",NA,"Brooklyn Sector 6.7","Districts 6, 7",0,0.01,NA,NA,NA,NA,NA,NA,NA,NA,NA,NA,NA,NA,NA,NA,NA,NA,NA,NA,NA,NA
"M313","M","6BC Botanical Garden","Small Park",NA,"Manhattan Sector 3","District 3",0,0.18,NA,NA,NA,NA,NA,NA,NA,NA,NA,NA,NA,NA,NA,NA,NA,NA,NA,NA,NA,NA
"M293","M","6th St and Ave B Community Garden","Small Park",NA,"Manhattan Sector 3","District 3",0,0.39,NA,NA,NA,NA,NA,NA,NA,NA,NA,NA,NA,NA,NA,NA,NA,NA,531,52,0,709
"B438","B","700 Decatur St Block Association","Small Park",NA,"Brooklyn Sector 5.16","Districts 5, 16",0,0.12,NA,NA,NA,NA,NA,NA,NA,NA,NA,NA,NA,NA,NA,NA,NA,NA,NA,NA,NA,NA
"X351","X","811 Family and Friends Garden",NA,NA,"Bronx Sector 1.2","Districts 1, 2",0,0.06,NA,NA,NA,NA,NA,NA,NA,NA,NA,NA,NA,NA,NA,NA,NA,NA,NA,NA,NA,NA
"Q495","Q","97th Street Block Association","Small Park",NA,"Queens Sector 3.4","Districts 3, 4",0,0.06,NA,NA,NA,NA,NA,NA,NA,NA,NA,NA,NA,NA,NA,NA,NA,NA,NA,NA,NA,NA
"M312","M","9th St Community Garden Park","Small Park",NA,"Manhattan Sector 3","District 3",0,0.48,NA,NA,NA,NA,NA,NA,NA,NA,NA,NA,NA,NA,NA,NA,NA,NA,0,52,0,261
"B507","B","A Better Community Garden","Small Park",NA,"Brooklyn Sector 3.4","Districts 3, 4",0,0.19,NA,NA,NA,NA,NA,NA,NA,NA,NA,NA,NA,NA,NA,NA,NA,NA,NA,NA,NA,NA
"Q470","Q","A.R.R.O.W. Field House","Small Park","Athletic Facility","Queens Sector 1.2","Districts 1, 2",0,0.29,0,0,0,0,7,4,7,11,1.8,1.5,1.3,1.6,"No","No","No","No",0,155,0,245
"B336","B","Abe Stark Skating Rink","Other","Athletic Facility","Brooklyn Sector 13","District 13",0,8.81,NA,NA,NA,NA,NA,NA,NA,NA,NA,NA,NA,NA,NA,NA,NA,NA,NA,NA,NA,NA
"B533","B","Abib Newborn Garden","Small Park",NA,"Brooklyn Sector 5.16","Districts 5, 16",0,0.25,NA,NA,NA,NA,NA,NA,NA,NA,NA,NA,NA,NA,NA,NA,NA,NA,NA,NA,NA,NA
"B439","B","All People's Church of the Apostolic Faith Community Garden","Small Park",NA,"Brooklyn Sector 3.4","Districts 3, 4",0,0.06,NA,NA,NA,NA,NA,NA,NA,NA,NA,NA,NA,NA,NA,NA,NA,NA,NA,NA,NA,NA
"M372","M","Allied Productions/Le Petit Versailles","Small Park",NA,"Manhattan Sector 3","District 3",0,0.03,NA,NA,NA,NA,NA,NA,NA,NA,NA,NA,NA,NA,NA,NA,NA,NA,NA,NA,NA,NA
"B440","B","Amboy Neighborhood Center","Small Park",NA,"Brooklyn Sector 5.16","Districts 5, 16",0,0.39,NA,NA,NA,NA,NA,NA,NA,NA,NA,NA,NA,NA,NA,NA,NA,NA,NA,NA,NA,NA
"B441","B","American Heart","Small Park",NA,"Brooklyn Sector 3.4","Districts 3, 4",0,0.05,NA,NA,NA,NA,NA,NA,NA,NA,NA,NA,NA,NA,NA,NA,NA,NA,NA,NA,NA,NA
"X339","X","Angie Lee Gonzales Garden","Small Park",NA,"Bronx Sector 3.6","Districts 3, 6",0,0.13,NA,NA,NA,1,NA,NA,NA,24,NA,NA,NA,1,NA,NA,NA,"No",NA,NA,NA,NA
"X001","X","Aqueduct Walk","Large Park",NA,"Bronx Sector 7.8","Districts 7, 8",0,4.93,NA,6,4,6,NA,134,118,134,NA,1.6,1,1,NA,"No","No","No",1682,795,870,431
"R133","R","Arbutus Woods Park","Small Park","Natural Areas","Staten Island Sector 3","District 3",0,2.65,0,0,0,0,2,4,3,2,1,1,1.1,1,"No","No","No","No",NA,NA,NA,NA
"R171","R","Arlington Marsh Park",NA,"Natural Areas","Staten Island Sector 1","District 1",0,70.6,1,1,2,1,30,22,40,31,1.8,1,3,2.4,"No","No","No","No",NA,NA,NA,NA
"Q520","Q","Arverne East Nature Preserve",NA,"Natural Areas,Trails","Queens Sector 14","District 14",0,32.86,NA,NA,0,NA,NA,NA,1,NA,NA,NA,1,NA,NA,NA,"No",NA,0,1174,0,544
"B568","B","Ashford Street Abundant Garden",NA,NA,"Brooklyn Sector 5.16","Districts 5, 16",0,0.13,NA,NA,NA,NA,NA,NA,NA,NA,NA,NA,NA,NA,NA,NA,NA,NA,NA,NA,NA,NA
"B443","B","Atkins Gardeners","Small Park",NA,"Brooklyn Sector 5.16","Districts 5, 16",0,0.07,NA,1,NA,NA,NA,22,NA,NA,NA,1,NA,NA,NA,"No",NA,NA,NA,NA,NA,NA
"Q486","Q","B.C.C.A. Mini-park and Garden","Small Park",NA,"Queens Sector 10.12","Districts 10, 12",0,0.09,NA,NA,NA,NA,NA,NA,NA,NA,NA,NA,NA,NA,NA,NA,NA,NA,NA,NA,NA,NA
"R003","R","Barrett Park","Large Park",NA,"Staten Island Sector 1","District 1",0,8.11,NA,0,1,1,NA,4,13,25,NA,1,1,1,NA,"No","No","No",NA,NA,NA,NA
"Q518","Q","Bay Beach 84 Garden",NA,NA,"Queens Sector 14","District 14",0,0.18,NA,NA,NA,NA,NA,NA,NA,NA,NA,NA,NA,NA,NA,NA,NA,NA,NA,NA,NA,NA
"Q387E","Q","Baybridge Green","Other",NA,"Queens Sector 7","District 7",0,0.32,NA,NA,NA,NA,NA,NA,NA,NA,NA,NA,NA,NA,NA,NA,NA,NA,NA,NA,NA,NA
"R137","R","Bayview Terrace Park","Large Park",NA,"Staten Island Sector 3","District 3",0,16.94,0,0,0,0,1,1,2,3,1.1,1,1,1,"No","No","No","No",NA,NA,NA,NA
"B593","B","Bed-Stuy Farm",NA,NA,"Brooklyn Sector 3.4","Districts 3, 4",0,0.06,0,NA,NA,NA,7,NA,NA,NA,1,NA,NA,NA,"No",NA,NA,NA,NA,NA,NA,NA
"Q096","Q","Belt Parkway","Other",NA,"Queens Sector 10.12","Districts 10, 12",0,202.65,0,0,NA,NA,8,4,NA,NA,1.9,1.5,NA,NA,"No","No",NA,NA,NA,NA,NA,NA
"M091","M","Bennett Rest","Small Park","Natural Areas","Manhattan Sector 12.12A","Districts 12, 12A",0,3.57,2,1,2,NA,35,20,49,NA,1,1,1.8,NA,"No","No","No",NA,NA,NA,NA,NA
"B444","B","Berry Street Garden","Small Park",NA,"Brooklyn Sector 1","District 1",0,0.14,0,NA,0,0,1,NA,4,1,1,NA,2,1,"No",NA,"No","No",NA,NA,NA,NA
"B446","B","Big Red Garden","Small Park",NA,"Brooklyn Sector 5.16","Districts 5, 16",0,0.04,NA,NA,NA,NA,NA,NA,NA,NA,NA,NA,NA,NA,NA,NA,NA,NA,NA,NA,NA,NA
"B422","B","Bkln Bears Rockwell Pl Garden","Small Park",NA,"Brooklyn Sector 2","District 2",0,0.08,NA,NA,NA,NA,NA,NA,NA,NA,NA,NA,NA,NA,NA,NA,NA,NA,0,66,0,99
"X365","X","Black Joy Farm",NA,NA,"Bronx Sector 1.2","Districts 1, 2",0,0.1,NA,NA,NA,NA,NA,NA,NA,NA,NA,NA,NA,NA,NA,NA,NA,NA,NA,NA,NA,NA
"Q487","Q","Block Association #81","Small Park",NA,"Queens Sector 10.12","Districts 10, 12",0,0.12,NA,NA,NA,NA,NA,NA,NA,NA,NA,NA,NA,NA,NA,NA,NA,NA,NA,NA,NA,NA
"B589","B","Box Street Park",NA,NA,"Brooklyn Sector 1","District 1",0,2.45,NA,NA,NA,NA,NA,NA,NA,NA,NA,NA,NA,NA,NA,NA,NA,NA,NA,NA,NA,NA
"M333","M","Bradhurst Ave Garden","Small Park",NA,"Manhattan Sector 10.11","Districts 10, 11",0,0.09,NA,NA,NA,NA,NA,NA,NA,NA,NA,NA,NA,NA,NA,NA,NA,NA,NA,NA,NA,NA
"M377","M","Bradhurst Gardens Association",NA,NA,"Manhattan Sector 10.11","Districts 10, 11",0,0.05,NA,NA,NA,NA,NA,NA,NA,NA,NA,NA,NA,NA,NA,NA,NA,NA,0,406,0,103
"R075G","R","Bradys Pond Park","Large Park","Natural Areas,Trails","Staten Island Sector 2.2B","Districts 2, 2B",0,6.4,6,5,6,7,127,102,117,137,6.5,6.4,6.7,6.1,"No","No","No","No",NA,NA,NA,NA
"Q464","Q","Brant Point Wildlife Sanctuary","Large Park","Natural Areas","Queens Sector 14","District 14",0,19.69,1,2,2,1,24,31,38,13,1,1.5,1.7,1.1,"No","No","No","No",NA,NA,NA,NA
"Q517","Q","Brinckerhoff Cemetery",NA,NA,"Queens Sector 8.9","Districts 8, 9",0,0.21,1,NA,NA,NA,23,NA,NA,NA,1,NA,NA,NA,"No",NA,NA,NA,0,356,78,477
"M334","M","Brisas Del Caribe","Small Park",NA,"Manhattan Sector 3","District 3",0,0.06,NA,NA,NA,NA,NA,NA,NA,NA,NA,NA,NA,NA,NA,NA,NA,NA,NA,NA,NA,NA
"Q478","Q","Broad Channel Wetlands","Large Park","Natural Areas","Queens Sector 14","District 14",0,37.95,NA,NA,0,NA,NA,NA,2,NA,NA,NA,1,NA,NA,NA,"No",NA,NA,NA,NA,NA
"X246","X","Brook Park","Small Park",NA,"Bronx Sector 1.2","Districts 1, 2",0,0.76,1,NA,1,1,12,NA,13,15,1,NA,1.5,1,"No",NA,"No","No",NA,NA,NA,NA
"B582","B","Brooklyn's Finest Garden",NA,NA,"Brooklyn Sector 2","District 2",0,0.06,NA,NA,NA,NA,NA,NA,NA,NA,NA,NA,NA,NA,NA,NA,NA,NA,NA,NA,NA,NA
"B256","B","Brooklyn Academy Of Music","Other",NA,"Brooklyn Sector 2","District 2",0,0.97,NA,NA,NA,NA,NA,NA,NA,NA,NA,NA,NA,NA,NA,NA,NA,NA,NA,NA,NA,NA
"B421","B","Brooklyn Bears Carlton Av Garden","Small Park",NA,"Brooklyn Sector 2","District 2",0,0.14,NA,NA,NA,NA,NA,NA,NA,NA,NA,NA,NA,NA,NA,NA,NA,NA,NA,NA,NA,NA
"B010","B","Brooklyn Botanic Garden","Other",NA,"Brooklyn Sector 14.19","Districts 14, 19",0,47.57,NA,NA,NA,NA,NA,NA,NA,NA,NA,NA,NA,NA,NA,NA,NA,NA,0,0,0,0
"B223DD","B","Brooklyn Heights Promenade","Small Park",NA,"Brooklyn Sector 2","District 2",0,0.11,NA,4,7,10,NA,68,137,185,NA,2.6,4.9,5.3,NA,"Yes","Yes","Yes",NA,NA,NA,NA
"B223DE","B","Brooklyn Heights Promenade","Small Park",NA,"Brooklyn Sector 2","District 2",0,0.21,NA,5,7,12,NA,86,137,228,NA,3.2,4.9,5.8,NA,"Yes","Yes","Yes",0,0,0,103
"B223DF","B","Brooklyn Heights Promenade","Small Park",NA,"Brooklyn Sector 2","District 2",0,0.08,NA,5,7,10,NA,92,137,184,NA,3.5,4.9,5.1,NA,"Yes","Yes","Yes",NA,NA,NA,NA
"B223DG","B","Brooklyn Heights Promenade","Small Park",NA,"Brooklyn Sector 2","District 2",0,0.32,NA,6,8,11,NA,105,143,205,NA,4,4.9,5.8,NA,"Yes","Yes","Yes",0,8,0,0
"B223DJ","B","Brooklyn Heights Promenade","Small Park",NA,"Brooklyn Sector 2","District 2",0,0.09,NA,10,19,23,NA,177,349,437,NA,3.2,5,5,NA,"Yes","Yes","Yes",0,70,0,0
"B048","B","Brooklyn Museum","Other",NA,"Brooklyn Sector 14.19","Districts 14, 19",0,12.66,NA,NA,NA,NA,NA,NA,NA,NA,NA,NA,NA,NA,NA,NA,NA,NA,NA,NA,NA,NA
"B566","B","Brownsville Community Farm",NA,NA,"Brooklyn Sector 5.16","Districts 5, 16",0,0.12,NA,NA,NA,NA,NA,NA,NA,NA,NA,NA,NA,NA,NA,NA,NA,NA,NA,NA,NA,NA
"B554","B","Brownsville Green","Property",NA,"Brooklyn Sector 5.16","Districts 5, 16",0,0.03,NA,NA,NA,NA,NA,NA,NA,NA,NA,NA,NA,NA,NA,NA,NA,NA,NA,NA,NA,NA
"X315","X","Bryant Hill Garden","Small Park",NA,"Bronx Sector 1.2","Districts 1, 2",0,0.34,NA,NA,NA,NA,NA,NA,NA,NA,NA,NA,NA,NA,NA,NA,NA,NA,NA,NA,NA,NA
"R132","R","Bunker Ponds Park","Large Park","Natural Areas","Staten Island Sector 3","District 3",0,36.69,0,0,0,0,10,9,4,2,1.2,1.2,1.2,1,"No","No","No","No",NA,NA,NA,NA
"M359","M","Campos Garden","Small Park",NA,"Manhattan Sector 3","District 3",0,0.12,NA,NA,NA,NA,NA,NA,NA,NA,NA,NA,NA,NA,NA,NA,NA,NA,NA,NA,NA,NA
"R152","R","Carlton Park",NA,NA,"Staten Island Sector 3","District 3",0,1.25,0,0,0,0,0,1,1,4,1,1,1,1,"No","No","No","No",NA,NA,NA,NA
"M388","M","Carolina Garden",NA,NA,"Manhattan Sector 10.11","Districts 10, 11",0,0.06,NA,NA,NA,NA,NA,NA,NA,NA,NA,NA,NA,NA,NA,NA,NA,NA,NA,NA,NA,NA
"B447","B","Causa Festival Garden","Small Park",NA,"Brooklyn Sector 5.16","Districts 5, 16",0,0.21,NA,NA,NA,NA,NA,NA,NA,NA,NA,NA,NA,NA,NA,NA,NA,NA,NA,NA,NA,NA
"B448","B","Cedar Tree Garden","Small Park",NA,"Brooklyn Sector 3.4","Districts 3, 4",0,0.18,NA,NA,NA,NA,NA,NA,NA,NA,NA,NA,NA,NA,NA,NA,NA,NA,NA,NA,NA,NA
"X363","X","Centro Cultural Rincon Criollo",NA,NA,"Bronx Sector 1.2","Districts 1, 2",0,0.18,NA,NA,NA,NA,NA,NA,NA,NA,NA,NA,NA,NA,NA,NA,NA,NA,NA,NA,NA,NA
"M374","M","CEP Community Garden","Small Park",NA,"Manhattan Sector 10.11","Districts 10, 11",0,0.06,NA,NA,NA,NA,NA,NA,NA,NA,NA,NA,NA,NA,NA,NA,NA,NA,NA,NA,NA,NA
"M260","M","Chelsea Recreation Center","Other",NA,"Manhattan Sector 4.5","Districts 4, 5",0,0.39,1,0,0,1,14,7,11,23,1.7,1.3,1.2,1.8,"No","No","No","No",1532,0,1968,20846
"B569","B","Chestnut Street Garden",NA,NA,"Brooklyn Sector 5.16","Districts 5, 16",0,0.09,NA,NA,NA,NA,NA,NA,NA,NA,NA,NA,NA,NA,NA,NA,NA,NA,NA,NA,NA,NA
"M113A","M","Children's Garden","Small Park",NA,"Manhattan Sector 3","District 3",0,0.04,NA,1,6,2,NA,23,125,50,NA,1,2,1,NA,"Yes","Yes","Yes",NA,NA,NA,NA
"M396","M","Children's Magical Garden",NA,NA,"Manhattan Sector 3","District 3",0,0.07,NA,NA,NA,NA,NA,NA,NA,NA,NA,NA,NA,NA,NA,NA,NA,NA,207,0,0,39
"B224A","B","Citizens For A Better Community","Small Park",NA,"Brooklyn Sector 3.4","Districts 3, 4",0,0.3,NA,NA,0,3,NA,NA,3,60,NA,NA,1,1,NA,NA,"No","No",0,0,0,33
"X279","X","City Island Wetlands","Large Park","Natural Areas","Bronx Sector 15.15A","Districts 15, 15A",0,8.01,NA,NA,1,1,NA,NA,17,18,NA,NA,1,1,NA,NA,"No","No",NA,NA,NA,NA
"X360","X","Citywide Services Shops and Storehouse","Property",NA,"Bronx Sector 1.2","Districts 1, 2",0,1.33,1,2,2,NA,20,50,36,NA,1,1.4,1.3,NA,"No","No","No",NA,203946,126223,166684,150387
"B450","B","Clara's Garden","Small Park",NA,"Brooklyn Sector 5.16","Districts 5, 16",0,0.13,NA,NA,NA,NA,NA,NA,NA,NA,NA,NA,NA,NA,NA,NA,NA,NA,NA,NA,NA,NA
"X321","X","Claremont Neighborhood Garden","Small Park",NA,"Bronx Sector 4.5","Districts 4, 5",0,0.19,NA,NA,NA,NA,NA,NA,NA,NA,NA,NA,NA,NA,NA,NA,NA,NA,NA,NA,NA,NA
"Q010","Q","Clearview Park Golf Course","Large Park","Natural Areas","Queens Sector 7","District 7",0,110.93,NA,NA,NA,NA,NA,NA,NA,NA,NA,NA,NA,NA,NA,NA,NA,NA,NA,NA,NA,NA
"B526","B","Cleveland Street Vegetable Garden","Small Park",NA,"Brooklyn Sector 5.16","Districts 5, 16",0,0.09,NA,NA,NA,NA,NA,NA,NA,NA,NA,NA,NA,NA,NA,NA,NA,NA,NA,NA,NA,NA
"B451","B","Clifton Pl Memorial Park and Garden","Small Park",NA,"Brooklyn Sector 3.4","Districts 3, 4",0,0.17,NA,NA,NA,NA,NA,NA,NA,NA,NA,NA,NA,NA,NA,NA,NA,NA,NA,NA,NA,NA
"M281","M","Clinton Community Garden","Small Park",NA,"Manhattan Sector 4.5","Districts 4, 5",0,0.35,10,7,5,7,216,141,101,138,5.7,4.6,3.8,4.3,"No","No","No","No",0,52,0,77
"M335","M","Clinton Community Garden (LES)","Small Park",NA,"Manhattan Sector 3","District 3",0,0.06,NA,NA,NA,NA,NA,NA,NA,NA,NA,NA,NA,NA,NA,NA,NA,NA,NA,NA,NA,NA
"X358","X","College Avenue Garden",NA,NA,"Bronx Sector 4.5","Districts 4, 5",0,0.43,NA,NA,NA,NA,NA,NA,NA,NA,NA,NA,NA,NA,NA,NA,NA,NA,NA,NA,NA,NA
"M305","M","Collyer Brothers Park","Small Park",NA,"Manhattan Sector 10.11","Districts 10, 11",0,0.03,40,6,4,4,815,117,76,89,6.4,4.5,4.6,4.9,"No","No","No","No",88,33,40,30
"M342","M","Community Garden Association","Small Park",NA,"Manhattan Sector 3","District 3",0,0.02,NA,NA,NA,NA,NA,NA,NA,NA,NA,NA,NA,NA,NA,NA,NA,NA,NA,NA,NA,NA
"B452","B","Concerned Residents of Barbey Street","Small Park",NA,"Brooklyn Sector 5.16","Districts 5, 16",0,0.05,NA,NA,NA,NA,NA,NA,NA,NA,NA,NA,NA,NA,NA,NA,NA,NA,NA,NA,NA,NA
"B453","B","Concerned Residents of Montauk Avenue","Small Park",NA,"Brooklyn Sector 5.16","Districts 5, 16",0,0.09,NA,NA,NA,NA,NA,NA,NA,NA,NA,NA,NA,NA,NA,NA,NA,NA,NA,NA,NA,NA
"M130","M","Constance Baker Motley Recreation Center",NA,NA,"Manhattan Sector 6.8.15","Districts 6, 8, 15",0,0.17,NA,8,NA,NA,NA,158,NA,NA,NA,1,NA,NA,NA,"Yes",NA,NA,29411,50052,38181,39881
"B454","B","Cooper St Block Buster Bl Association","Small Park",NA,"Brooklyn Sector 3.4","Districts 3, 4",0,0.16,NA,NA,NA,NA,NA,NA,NA,NA,NA,NA,NA,NA,NA,NA,NA,NA,NA,NA,NA,NA
"Q172","Q","Corona Plaza","Small Park",NA,"Queens Sector 3.4","Districts 3, 4",0,0.04,NA,NA,NA,NA,NA,NA,NA,NA,NA,NA,NA,NA,NA,NA,NA,NA,28,57,0,0
"Q474A","Q","Corona Taxpayers Association",NA,NA,"Queens Sector 3.4","Districts 3, 4",0,0.18,NA,NA,NA,NA,NA,NA,NA,NA,NA,NA,NA,NA,NA,NA,NA,NA,NA,NA,NA,NA
"Q254","Q","Corporal Frank F. Fagan Sq.","Small Park",NA,"Queens Sector 1.2","Districts 1, 2",0,0,1,1,1,1,12,12,15,16,3.8,3.5,3.5,3.9,"No","No","No","No",NA,NA,NA,NA
"X338","X","Courtlandt Avenue Association Garden","Small Park",NA,"Bronx Sector 1.2","Districts 1, 2",0,0.17,NA,NA,NA,NA,NA,NA,NA,NA,NA,NA,NA,NA,NA,NA,NA,NA,NA,NA,NA,NA
"R135","R","Crescent Beach Park","Large Park","Natural Areas,Playground","Staten Island Sector 3","District 3",0,111.32,8,9,10,12,164,202,246,256,6.4,6.8,6.6,6.4,"No","No","No","No",0,467,1619,691
"B455","B","Crystal Wells Block Association","Small Park",NA,"Brooklyn Sector 5.16","Districts 5, 16",0,0.34,NA,NA,NA,NA,NA,NA,NA,NA,NA,NA,NA,NA,NA,NA,NA,NA,NA,NA,NA,NA
"X340","X","CS 134 Community Improvement Garden","Small Park",NA,"Bronx Sector 3.6","Districts 3, 6",0,0.16,NA,NA,NA,NA,NA,NA,NA,NA,NA,NA,NA,NA,NA,NA,NA,NA,0,0,0,112
"Q505","Q","Culinary Kids Garden",NA,NA,"Queens Sector 14","District 14",0,1.49,NA,0,NA,NA,NA,0,NA,NA,NA,1,NA,NA,NA,"No",NA,NA,NA,NA,NA,NA
"X326","X","Daly Ave Garden","Small Park",NA,"Bronx Sector 3.6","Districts 3, 6",0,0.17,NA,NA,NA,NA,NA,NA,NA,NA,NA,NA,NA,NA,NA,NA,NA,NA,NA,NA,NA,NA
"X343","X","Davidson Ave. Community Gardeners Group","Small Park",NA,"Bronx Sector 7.8","Districts 7, 8",0,0.12,0,NA,NA,NA,4,NA,NA,NA,1,NA,NA,NA,"No",NA,NA,NA,NA,NA,NA,NA
"X367","X","Davidson Park",NA,NA,"Bronx Sector 4.5","Districts 4, 5",0,0.26,2,2,3,4,36,43,57,99,1.4,1.2,2.4,3.8,"No","No","No","No",0,133,511,315
"M336","M","De Colores Cmty Yard and Center","Small Park",NA,"Manhattan Sector 3","District 3",0,0.07,NA,NA,NA,NA,NA,NA,NA,NA,NA,NA,NA,NA,NA,NA,NA,NA,0,0,0,39
"M323","M","Diamante Garden","Small Park",NA,"Manhattan Sector 10.11","Districts 10, 11",0,0.19,NA,NA,NA,NA,NA,NA,NA,NA,NA,NA,NA,NA,NA,NA,NA,NA,NA,NA,NA,NA
"M337","M","Dias Y Flores","Small Park",NA,"Manhattan Sector 3","District 3",0,0.12,NA,NA,NA,NA,NA,NA,NA,NA,NA,NA,NA,NA,NA,NA,NA,NA,NA,NA,NA,NA
"Q493","Q","Discovery Garden","Small Park",NA,"Queens Sector 10.12","Districts 10, 12",0,0.29,NA,NA,NA,NA,NA,NA,NA,NA,NA,NA,NA,NA,NA,NA,NA,NA,NA,NA,NA,NA
"M417","M","Diversity Edible Farm",NA,NA,"Manhattan Sector 10.11","Districts 10, 11",0,0.08,NA,NA,NA,NA,NA,NA,NA,NA,NA,NA,NA,NA,NA,NA,NA,NA,NA,NA,NA,NA
"B570","B","Dolly's Park",NA,NA,"Brooklyn Sector 6.7","Districts 6, 7",0,0.05,NA,NA,NA,NA,NA,NA,NA,NA,NA,NA,NA,NA,NA,NA,NA,NA,NA,NA,NA,NA
"M398","M","Dorothy K. McGowan Memorial Garden","Property",NA,"Manhattan Sector 12.12A","Districts 12, 12A",0,0.05,NA,NA,NA,NA,NA,NA,NA,NA,NA,NA,NA,NA,NA,NA,NA,NA,NA,NA,NA,NA
"Q411","Q","Douglaston Park Golf Course","Large Park","Natural Areas","Queens Sector 11.13","Districts 11, 13",0,104.6,NA,NA,NA,NA,NA,NA,NA,NA,NA,NA,NA,NA,NA,NA,NA,NA,NA,NA,NA,NA
"Q459","Q","Dubos Point Wildlife Sanctuary","Large Park","Natural Areas,Trails","Queens Sector 14","District 14",0,53.3,1,3,3,1,23,56,62,13,1,2,2.6,1,"No","No","No","No",73,0,0,0
"Q058","Q","Dunningham Triangle","Small Park",NA,"Queens Sector 3.4","Districts 3, 4",0,0,4,2,2,3,78,46,48,70,4.9,3.8,3.8,4.1,"No","No","No","No",18,668,0,-201
"Q232","Q","Dwyer Square","Small Park",NA,"Queens Sector 1.2","Districts 1, 2",0,0,1,1,1,1,20,16,16,21,4.4,4,4.2,4.6,"No","No","No","No",0,223,0,317
"M026","M","Dyckman House Museum","Other",NA,"Manhattan Sector 12.12A","Districts 12, 12A",0,0.55,10,6,6,7,207,121,122,144,5.6,6.2,6,5.1,"No","No","No","No",3047,2256,1683,1084
"B414","B","E 4th Street Garden","Small Park",NA,"Brooklyn Sector 6.7","Districts 6, 7",0,0.18,0,0,0,NA,4,2,1,NA,2.3,1.5,1,NA,"No","No","No",NA,0,198,0,66
"M324","M","Earth People","Small Park",NA,"Manhattan Sector 3","District 3",0,0.11,NA,NA,NA,NA,NA,NA,NA,NA,NA,NA,NA,NA,NA,NA,NA,NA,0,52,0,39
"B424","B","Earth Spirit Garden","Small Park",NA,"Brooklyn Sector 1","District 1",0,0.23,NA,NA,NA,NA,NA,NA,NA,NA,NA,NA,NA,NA,NA,NA,NA,NA,NA,NA,NA,NA
"B571","B","East 43rd Street Community Garden",NA,NA,"Brooklyn Sector 17.18","Districts 17, 18",0,0.09,NA,NA,NA,NA,NA,NA,NA,NA,NA,NA,NA,NA,NA,NA,NA,NA,NA,NA,NA,NA
"B458","B","East End Community Garden","Small Park",NA,"Brooklyn Sector 5.16","Districts 5, 16",0,0.16,NA,NA,NA,NA,NA,NA,NA,NA,NA,NA,NA,NA,NA,NA,NA,NA,NA,NA,NA,NA
"B543","B","East New York Farms Garden",NA,NA,"Brooklyn Sector 5.16","Districts 5, 16",0,0.1,NA,NA,NA,NA,NA,NA,NA,NA,NA,NA,NA,NA,NA,NA,NA,NA,NA,NA,NA,NA
"B459","B","Eastern Parkway Coalition","Small Park",NA,"Brooklyn Sector 8.9","Districts 8, 9",0,0.44,NA,NA,NA,NA,NA,NA,NA,NA,NA,NA,NA,NA,NA,NA,NA,NA,NA,NA,NA,NA
"B030","B","Eastern Parkway Extension","Small Park",NA,"Brooklyn Sector 5.16","Districts 5, 16",0,2.06,NA,1,3,3,NA,14,73,72,NA,1.1,1.4,1.2,NA,"No","No","No",NA,NA,NA,NA
"M319B","M","Edgecombe Park","Small Park",NA,"Manhattan Sector 7.9","Districts 7, 9",0,0.11,NA,3,NA,NA,NA,53,NA,NA,NA,1,NA,NA,NA,"No",NA,NA,893,0,0,0
"Q511","Q","Edgemere Coalition",NA,NA,"Queens Sector 14","District 14",0,0.32,NA,NA,0,NA,NA,NA,6,NA,NA,NA,1,NA,NA,NA,"No",NA,NA,NA,NA,NA
"Q484","Q","Edgemere Urban Renewal Park","Small Park",NA,"Queens Sector 14","District 14",0,0.96,NA,NA,1,NA,NA,NA,12,NA,NA,NA,1,NA,NA,NA,"No",NA,NA,NA,NA,NA
"X341","X","Edith Garden","Small Park",NA,"Bronx Sector 3.6","Districts 3, 6",0,0.12,NA,NA,NA,NA,NA,NA,NA,NA,NA,NA,NA,NA,NA,NA,NA,NA,NA,NA,NA,NA
"X313","X","El Batey Borincano Garden","Small Park",NA,"Bronx Sector 1.2","Districts 1, 2",0,0.17,NA,NA,NA,NA,NA,NA,NA,NA,NA,NA,NA,NA,NA,NA,NA,NA,NA,NA,NA,NA
"X323","X","El Batey de Doña Provi Garden","Small Park",NA,"Bronx Sector 3.6","Districts 3, 6",0,0.13,NA,NA,4,NA,NA,NA,79,NA,NA,NA,1,NA,NA,NA,"No",NA,NA,NA,NA,NA
"X233A","X","El Flamboyan Garden","Small Park",NA,"Bronx Sector 1.2","Districts 1, 2",0,0.4,NA,NA,NA,1,NA,NA,NA,20,NA,NA,NA,1.5,NA,NA,NA,"No",0,0,0,69
"M392","M","El Gallo Garden",NA,NA,"Manhattan Sector 10.11","Districts 10, 11",0,0.08,NA,NA,NA,NA,NA,NA,NA,NA,NA,NA,NA,NA,NA,NA,NA,NA,NA,NA,NA,NA
"B577","B","EL Garden",NA,NA,"Brooklyn Sector 3.4","Districts 3, 4",0,0.11,NA,NA,NA,NA,NA,NA,NA,NA,NA,NA,NA,NA,NA,NA,NA,NA,NA,NA,NA,NA
"M268","M","El Jardin Del Paraiso Park","Small Park",NA,"Manhattan Sector 3","District 3",0,0.73,NA,NA,NA,NA,NA,NA,NA,NA,NA,NA,NA,NA,NA,NA,NA,NA,0,52,0,0
"M339","M","El Sol Brilliante Jr","Small Park",NA,"Manhattan Sector 3","District 3",0,0.06,NA,NA,NA,NA,NA,NA,NA,NA,NA,NA,NA,NA,NA,NA,NA,NA,NA,NA,NA,NA
"M405","M","Electric Ladybug Garden",NA,NA,"Manhattan Sector 10.11","Districts 10, 11",0,0.12,NA,NA,NA,NA,NA,NA,NA,NA,NA,NA,NA,NA,NA,NA,NA,NA,NA,NA,NA,NA
"M340","M","Elizabeth Langley Memorial Garden","Small Park",NA,"Manhattan Sector 10.11","Districts 10, 11",0,0.11,NA,NA,NA,NA,NA,NA,NA,NA,NA,NA,NA,NA,NA,NA,NA,NA,NA,NA,NA,NA
"B460","B","Elton St Block Association","Small Park",NA,"Brooklyn Sector 5.16","Districts 5, 16",0,0.1,NA,NA,NA,NA,NA,NA,NA,NA,NA,NA,NA,NA,NA,NA,NA,NA,0,77,0,39
"B468","B","Escape To Nature","Small Park",NA,"Brooklyn Sector 5.16","Districts 5, 16",0,0.03,NA,NA,NA,NA,NA,NA,NA,NA,NA,NA,NA,NA,NA,NA,NA,NA,0,66,0,116
"B461","B","Euclid Garden","Small Park",NA,"Brooklyn Sector 5.16","Districts 5, 16",0,0.18,NA,NA,NA,NA,NA,NA,NA,NA,NA,NA,NA,NA,NA,NA,NA,NA,NA,NA,NA,NA
"B532","B","F.A.R.R. Community Garden","Small Park",NA,"Brooklyn Sector 3.4","Districts 3, 4",0,0.03,NA,NA,NA,NA,NA,NA,NA,NA,NA,NA,NA,NA,NA,NA,NA,NA,NA,NA,NA,NA
"B462","B","Family Community Garden","Small Park",NA,"Brooklyn Sector 5.16","Districts 5, 16",0,0.28,NA,NA,NA,NA,NA,NA,NA,NA,NA,NA,NA,NA,NA,NA,NA,NA,NA,NA,NA,NA
"M330","M","Family Community Garden","Small Park",NA,"Manhattan Sector 10.11","Districts 10, 11",0,0.04,NA,NA,NA,NA,NA,NA,NA,NA,NA,NA,NA,NA,NA,NA,NA,NA,NA,NA,NA,NA
"X352","X","Family Group Garden",NA,NA,"Bronx Sector 1.2","Districts 1, 2",0,0.1,NA,NA,NA,NA,NA,NA,NA,NA,NA,NA,NA,NA,NA,NA,NA,NA,0,15,0,0
"B463","B","Fantasy Garden","Small Park",NA,"Brooklyn Sector 5.16","Districts 5, 16",0,0.23,NA,NA,NA,NA,NA,NA,NA,NA,NA,NA,NA,NA,NA,NA,NA,NA,NA,NA,NA,NA
"B464","B","Farmers Garden","Small Park",NA,"Brooklyn Sector 5.16","Districts 5, 16",0,0.15,NA,NA,NA,NA,NA,NA,NA,NA,NA,NA,NA,NA,NA,NA,NA,NA,NA,NA,NA,NA
"X312","X","Ferris Family Burial Plot","Other",NA,"Bronx Sector 9.10","Districts 9, 10",0,0.13,1,1,NA,NA,28,17,NA,NA,3.5,1,NA,NA,"No","No",NA,NA,NA,NA,NA,NA
"M310","M","Firemen's Memorial Garden","Small Park",NA,"Manhattan Sector 3","District 3",0,0.17,NA,NA,NA,NA,NA,NA,NA,NA,NA,NA,NA,NA,NA,NA,NA,NA,550,0,0,155
"B465","B","First Quincy St Block Association","Small Park",NA,"Brooklyn Sector 3.4","Districts 3, 4",0,0.13,NA,NA,NA,NA,NA,NA,NA,NA,NA,NA,NA,NA,NA,NA,NA,NA,NA,NA,NA,NA
"M358","M","First Street Garden","Small Park",NA,"Manhattan Sector 3","District 3",0,0.06,NA,2,NA,NA,NA,47,NA,NA,NA,1,NA,NA,NA,"Yes",NA,NA,NA,NA,NA,NA
"B466","B","First Temple Of David","Small Park",NA,"Brooklyn Sector 5.16","Districts 5, 16",0,0.05,NA,NA,NA,NA,NA,NA,NA,NA,NA,NA,NA,NA,NA,NA,NA,NA,NA,NA,NA,NA
"M291","M","Fishbridge Garden","Small Park",NA,"Manhattan Sector 1.2","Districts 1, 2",0,0.1,NA,NA,NA,17,NA,NA,NA,333,NA,NA,NA,1,NA,NA,NA,"Yes",NA,NA,NA,NA
"Q441","Q","Fisher Pool","Other",NA,"Queens Sector 3.4","Districts 3, 4",0,0.82,1,1,2,1,16,16,39,26,2.3,1.7,1.8,1.6,"No","No","No","No",10997,1195,1239,18508
"B596","B","Flatbush African Burial Ground",NA,NA,"Brooklyn Sector 14.19","Districts 14, 19",0,0.66,3,2,2,4,55,55,46,85,1.8,2.7,2.9,3.2,"No","No","No","No",0,167,0,0
"B467","B","Floral Vineyard","Small Park",NA,"Brooklyn Sector 5.16","Districts 5, 16",0,0.11,NA,NA,NA,NA,NA,NA,NA,NA,NA,NA,NA,NA,NA,NA,NA,NA,NA,NA,NA,NA
"M325B","M","Flower Door Garden",NA,NA,"Manhattan Sector 3","District 3",0,0.03,NA,NA,NA,NA,NA,NA,NA,NA,NA,NA,NA,NA,NA,NA,NA,NA,NA,NA,NA,NA
"R158","R","Fort Hill Park","Small Park",NA,"Staten Island Sector 1","District 1",0,0.85,6,5,5,7,131,110,95,141,5.9,5.3,6,6.3,"No","No","No","No",NA,NA,NA,NA
"B394","B","Four Sparrow Marsh","Large Park","Natural Areas","Brooklyn Sector 17.18","Districts 17, 18",0,64.67,NA,NA,NA,NA,NA,NA,NA,NA,NA,NA,NA,NA,NA,NA,NA,NA,NA,NA,NA,NA
"M317","M","Frank White Memorial Garden","Small Park",NA,"Manhattan Sector 7.9","Districts 7, 9",0,0.09,NA,NA,NA,NA,NA,NA,NA,NA,NA,NA,NA,NA,NA,NA,NA,NA,NA,NA,NA,NA
"X318","X","Franklin Memorial Garden","Small Park",NA,"Bronx Sector 3.6","Districts 3, 6",0,0.12,NA,NA,0,NA,NA,NA,10,NA,NA,NA,1,NA,NA,NA,"No",NA,NA,NA,NA,NA
"B037","B","Freedom Triangle","Small Park",NA,"Brooklyn Sector 3.4","Districts 3, 4",0,0,1,1,2,1,31,28,38,32,5.2,4.8,4.9,5,"No","No","No","No",84,19,12,57
"X270","X","Freeman Garden","Small Park",NA,"Bronx Sector 3.6","Districts 3, 6",0,0.05,1,1,NA,NA,23,11,NA,NA,1,1,NA,NA,"No","No",NA,NA,NA,NA,NA,NA
"B600","B","Garden",NA,NA,"Brooklyn Sector 5.16","Districts 5, 16",0,0.15,NA,NA,NA,NA,NA,NA,NA,NA,NA,NA,NA,NA,NA,NA,NA,NA,NA,NA,NA,NA
"B586","B","Garden",NA,NA,"Brooklyn Sector 13","District 13",0,0.09,NA,NA,NA,NA,NA,NA,NA,NA,NA,NA,NA,NA,NA,NA,NA,NA,NA,NA,NA,NA
"Q503","Q","Garden",NA,NA,"Queens Sector 14","District 14",0,0.07,NA,NA,NA,NA,NA,NA,NA,NA,NA,NA,NA,NA,NA,NA,NA,NA,NA,NA,NA,NA
"Q512","Q","Garden",NA,NA,"Queens Sector 10.12","Districts 10, 12",0,0.1,NA,NA,NA,NA,NA,NA,NA,NA,NA,NA,NA,NA,NA,NA,NA,NA,NA,NA,NA,NA
"Q513","Q","Garden",NA,NA,"Queens Sector 10.12","Districts 10, 12",0,0.07,NA,NA,NA,NA,NA,NA,NA,NA,NA,NA,NA,NA,NA,NA,NA,NA,NA,NA,NA,NA
"R137A","R","Garden",NA,NA,"Staten Island Sector 3","District 3",0,0.25,NA,NA,NA,NA,NA,NA,NA,NA,NA,NA,NA,NA,NA,NA,NA,NA,NA,NA,NA,NA
"X297","X","Garden Of Eden","Small Park",NA,"Bronx Sector 4.5","Districts 4, 5",0,0.21,NA,NA,NA,NA,NA,NA,NA,NA,NA,NA,NA,NA,NA,NA,NA,NA,NA,NA,NA,NA
"X293","X","Garden Of Happiness","Small Park",NA,"Bronx Sector 3.6","Districts 3, 6",0,0.34,NA,NA,NA,NA,NA,NA,NA,NA,NA,NA,NA,NA,NA,NA,NA,NA,NA,NA,NA,NA
"X298","X","Garden Of Life","Small Park",NA,"Bronx Sector 4.5","Districts 4, 5",0,0.18,1,NA,NA,NA,15,NA,NA,NA,1,NA,NA,NA,"No",NA,NA,NA,NA,NA,NA,NA
"M341","M","Garden Of Love","Small Park",NA,"Manhattan Sector 10.11","Districts 10, 11",0,0.09,NA,NA,NA,NA,NA,NA,NA,NA,NA,NA,NA,NA,NA,NA,NA,NA,NA,NA,NA,NA
"B531","B","Garden of Plenty","Small Park",NA,"Brooklyn Sector 3.4","Districts 3, 4",0,0.06,NA,NA,NA,NA,NA,NA,NA,NA,NA,NA,NA,NA,NA,NA,NA,NA,NA,NA,NA,NA
"B399","B","Gardens Of Union","Small Park",NA,"Brooklyn Sector 6.7","Districts 6, 7",0,0.2,NA,NA,NA,NA,NA,NA,NA,NA,NA,NA,NA,NA,NA,NA,NA,NA,NA,NA,NA,NA
"X306","X","Garrison Park","Small Park",NA,"Bronx Sector 11.12.14","Districts 11, 12, 14",0,1,9,5,5,6,169,106,108,118,1,2.5,3.5,4.3,"Yes","No","No","No",NA,NA,NA,NA
"X150D","X","Gasoline Alley","Other",NA,"Bronx Sector 7.8","Districts 7, 8",0,0.67,NA,NA,NA,0,NA,NA,NA,3,NA,NA,NA,1,NA,NA,NA,"No",0,0,42,0
"M329","M","Generation X","Small Park",NA,"Manhattan Sector 3","District 3",0,0.11,NA,NA,NA,NA,NA,NA,NA,NA,NA,NA,NA,NA,NA,NA,NA,NA,0,0,0,39
"X316","X","Genesis Community Garden","Small Park",NA,"Bronx Sector 3.6","Districts 3, 6",0,0.05,NA,NA,NA,NA,NA,NA,NA,NA,NA,NA,NA,NA,NA,NA,NA,NA,NA,NA,NA,NA
"Q488","Q","George Eagle Carr Community Garden","Small Park",NA,"Queens Sector 10.12","Districts 10, 12",0,0.12,NA,NA,NA,NA,NA,NA,NA,NA,NA,NA,NA,NA,NA,NA,NA,NA,NA,NA,NA,NA
"Q489","Q","George Washington Carver Botanical Garden","Small Park",NA,"Queens Sector 10.12","Districts 10, 12",0,0.06,NA,NA,NA,NA,NA,NA,NA,NA,NA,NA,NA,NA,NA,NA,NA,NA,NA,NA,NA,NA
"B415","B","Georgia Ave Garden","Small Park",NA,"Brooklyn Sector 5.16","Districts 5, 16",0,0.04,NA,NA,NA,NA,NA,NA,NA,NA,NA,NA,NA,NA,NA,NA,NA,NA,NA,NA,NA,NA
"B436","B","Gethsemane Garden","Small Park",NA,"Brooklyn Sector 5.16","Districts 5, 16",0,0.05,NA,NA,6,NA,NA,NA,113,NA,NA,NA,1,NA,NA,NA,"Yes",NA,NA,NA,NA,NA
"B469","B","Good Shepherds Garden","Small Park",NA,"Brooklyn Sector 5.16","Districts 5, 16",0,0.11,NA,NA,NA,NA,NA,NA,NA,NA,NA,NA,NA,NA,NA,NA,NA,NA,NA,NA,NA,NA
"B428","B","Goodwin Gardens","Small Park",NA,"Brooklyn Sector 3.4","Districts 3, 4",0,0.35,NA,NA,NA,NA,NA,NA,NA,NA,NA,NA,NA,NA,NA,NA,NA,NA,0,77,0,84
"Q084A","Q","Grand Central Parkway Extension","Other","Athletic Facilities,Comfort Stations,Natural Areas,Trails","Queens Sector 3.4","Districts 3, 4",0,233.07,2,3,4,1,42,69,80,29,1,1.5,1.8,1,"No","No","No","No",NA,NA,NA,NA
"B552","B","Grand Street Community Garden","Property",NA,"Brooklyn Sector 1","District 1",0,0.05,NA,NA,NA,NA,NA,NA,NA,NA,NA,NA,NA,NA,NA,NA,NA,NA,NA,NA,NA,NA
"B470","B","Granite St Block Association","Small Park",NA,"Brooklyn Sector 3.4","Districts 3, 4",0,0.17,NA,NA,NA,NA,NA,NA,NA,NA,NA,NA,NA,NA,NA,NA,NA,NA,NA,NA,NA,NA
"R150","R","Graniteville Quarry Park","Small Park",NA,"Staten Island Sector 1","District 1",0,4.47,7,6,6,6,134,111,120,122,5.2,5.8,5.6,4.7,"No","No","No","No",NA,NA,NA,NA
"R141","R","Graniteville Swamp Park","Small Park","Natural Areas","Staten Island Sector 1","District 1",0,9.19,6,5,4,7,129,110,81,141,4.7,5.3,5.2,5.6,"No","No","No","No",NA,NA,NA,NA
"X276","X","Granja Farm OTF","Small Park",NA,"Bronx Sector 1.2","Districts 1, 2",0,0.38,NA,0,NA,NA,NA,5,NA,NA,NA,1,NA,NA,NA,"No",NA,NA,4,0,0,70
"B471","B","Green Gems","Small Park",NA,"Brooklyn Sector 5.16","Districts 5, 16",0,0.54,NA,NA,NA,NA,NA,NA,NA,NA,NA,NA,NA,NA,NA,NA,NA,NA,NA,NA,NA,NA
"M311","M","Green Oasis and Gilbert's Garden","Small Park",NA,"Manhattan Sector 3","District 3",0,0.39,NA,NA,NA,NA,NA,NA,NA,NA,NA,NA,NA,NA,NA,NA,NA,NA,NA,NA,NA,NA
"B486","B","Green Valley Garden","Small Park",NA,"Brooklyn Sector 5.16","Districts 5, 16",0,0.19,NA,NA,NA,NA,NA,NA,NA,NA,NA,NA,NA,NA,NA,NA,NA,NA,0,44,0,263
"B472","B","Greene Av United Neighbors Association *","Small Park",NA,"Brooklyn Sector 3.4","Districts 3, 4",0,0.05,NA,NA,NA,NA,NA,NA,NA,NA,NA,NA,NA,NA,NA,NA,NA,NA,NA,NA,NA,NA
"B588","B","Greenpoint Public Park","Small Park",NA,"Brooklyn Sector 1","District 1",0,2.65,5,5,4,7,118,93,76,136,6.3,5.3,6.3,5.9,"No","No","No","No",0,102,0,77
"B484","B","Gregory's Garden","Small Park",NA,"Brooklyn Sector 5.16","Districts 5, 16",0,0.12,NA,NA,NA,NA,NA,NA,NA,NA,NA,NA,NA,NA,NA,NA,NA,NA,NA,NA,NA,NA
"B575","B","Halsey Garden",NA,NA,"Brooklyn Sector 3.4","Districts 3, 4",0,0.12,NA,NA,NA,NA,NA,NA,NA,NA,NA,NA,NA,NA,NA,NA,NA,NA,NA,NA,NA,NA
"B574","B","Halsey Ralph & Howard Community Garden",NA,NA,"Brooklyn Sector 3.4","Districts 3, 4",0,0.07,NA,NA,NA,NA,NA,NA,NA,NA,NA,NA,NA,NA,NA,NA,NA,NA,NA,NA,NA,NA
"B473","B","Hancock T and T","Small Park",NA,"Brooklyn Sector 3.4","Districts 3, 4",0,0.08,0,0,NA,NA,5,9,NA,NA,1,1,NA,NA,"No","No",NA,NA,NA,NA,NA,NA
"M131","M","Hansborough Recreation Center",NA,NA,"Manhattan Sector 10.11","Districts 10, 11",0,0.29,NA,NA,NA,NA,NA,NA,NA,NA,NA,NA,NA,NA,NA,NA,NA,NA,0,426,1100,56
"X118A","X","Harding Park Beautification Project","Small Park","Natural Areas","Bronx Sector 9.10","Districts 9, 10",0,1.16,NA,NA,NA,NA,NA,NA,NA,NA,NA,NA,NA,NA,NA,NA,NA,NA,38,17,0,0
"M409","M","Harlem Grown 127th Street Learning Annex",NA,NA,"Manhattan Sector 10.11","Districts 10, 11",0,0.03,NA,NA,NA,NA,NA,NA,NA,NA,NA,NA,NA,NA,NA,NA,NA,NA,NA,NA,NA,NA
"M406","M","Harlem Grown 134th Street Green House",NA,NA,"Manhattan Sector 10.11","Districts 10, 11",0,0.07,NA,NA,NA,NA,NA,NA,NA,NA,NA,NA,NA,NA,NA,NA,NA,NA,NA,NA,NA,NA
"M271A","M","Harlem RBI","Small Park","Athletic Facility","Manhattan Sector 10.11","Districts 10, 11",0,0.9,1,NA,NA,NA,23,NA,NA,NA,1,NA,NA,NA,"No",NA,NA,NA,NA,NA,NA,NA
"M363","M","Harlem Rose Garden","Small Park",NA,"Manhattan Sector 10.11","Districts 10, 11",0,0.16,NA,NA,NA,NA,NA,NA,NA,NA,NA,NA,NA,NA,NA,NA,NA,NA,NA,NA,NA,NA
"M407","M","Harlem Valley Garden",NA,NA,"Manhattan Sector 10.11","Districts 10, 11",0,0.06,NA,NA,NA,NA,NA,NA,NA,NA,NA,NA,NA,NA,NA,NA,NA,NA,NA,NA,NA,NA
"M322","M","Harris Garden","Small Park",NA,"Manhattan Sector 7.9","Districts 7, 9",0,0.11,NA,NA,NA,NA,NA,NA,NA,NA,NA,NA,NA,NA,NA,NA,NA,NA,NA,NA,NA,NA
"X370","X","Hart Island",NA,NA,"Bronx Sector 15.15A","Districts 15, 15A",0,119.1,NA,NA,NA,0,NA,NA,NA,4,NA,NA,NA,1,NA,NA,NA,"No",0,837,0,0
"B474","B","Hart to Hart","Small Park",NA,"Brooklyn Sector 3.4","Districts 3, 4",0,0.33,NA,NA,NA,NA,NA,NA,NA,NA,NA,NA,NA,NA,NA,NA,NA,NA,NA,NA,NA,NA
"B400","B","Hattie Carthan Community Garden","Small Park",NA,"Brooklyn Sector 3.4","Districts 3, 4",0,0.81,NA,NA,0,NA,NA,NA,3,NA,NA,NA,1,NA,NA,NA,"No",NA,0,79,0,88
"B572","B","Hattie Carthan Herban Farm",NA,NA,"Brooklyn Sector 3.4","Districts 3, 4",0,0.14,0,NA,0,NA,6,NA,3,NA,1,NA,1,NA,"No",NA,"No",NA,NA,NA,NA,NA
"X364","X","Havemeyer Garden Association",NA,NA,"Bronx Sector 9.10","Districts 9, 10",0,0.14,NA,NA,NA,NA,NA,NA,NA,NA,NA,NA,NA,NA,NA,NA,NA,NA,NA,NA,NA,NA
"M092A","M","Haven Avenue","Small Park",NA,"Manhattan Sector 12.12A","Districts 12, 12A",0,1.38,NA,NA,NA,NA,NA,NA,NA,NA,NA,NA,NA,NA,NA,NA,NA,NA,NA,NA,NA,NA
"B433","B","Hendrick I. Lott House","Other",NA,"Brooklyn Sector 17.18","Districts 17, 18",0,0.73,1,2,NA,NA,15,45,NA,NA,1,1,NA,NA,"No","No",NA,NA,1525,1765,496,712
"B567","B","Her-King Alagantic Block Association Garden",NA,NA,"Brooklyn Sector 3.4","Districts 3, 4",0,0.05,NA,NA,NA,NA,NA,NA,NA,NA,NA,NA,NA,NA,NA,NA,NA,NA,NA,NA,NA,NA
"B475","B","Herbal Garden of East NY","Small Park",NA,"Brooklyn Sector 5.16","Districts 5, 16",0,0.25,NA,NA,NA,NA,NA,NA,NA,NA,NA,NA,NA,NA,NA,NA,NA,NA,NA,NA,NA,NA
"X241","X","Hoe Garden","Small Park","Athletic Facility","Bronx Sector 1.2","Districts 1, 2",0,0.23,NA,NA,NA,2,NA,NA,NA,34,NA,NA,NA,1,NA,NA,NA,"Yes",0,37,0,0
"QT15","Q","Hollis Court Malls","Property",NA,"Queens Sector 11.13","Districts 11, 13",0,0.9,3,2,2,4,56,46,43,83,1.1,1.7,1.6,2.9,"No","No","No","No",NA,NA,NA,NA
"M177","M","Honey Locust Park","Small Park",NA,"Manhattan Sector 6.8.15","Districts 6, 8, 15",0,0.3,8,10,7,7,174,220,151,159,5.6,4.8,4.7,4.5,"No","No","No","No",195,0,0,128
"Q454","Q","Hook Creek Park","Large Park","Natural Areas","Queens Sector 11.13","Districts 11, 13",0,111.16,3,4,4,6,56,76,95,116,4.6,3.2,3.7,3.8,"No","No","No","No",766,66,1104,473
"B583","B","Hooper Grove",NA,NA,"Brooklyn Sector 1","District 1",0,0.05,NA,NA,NA,NA,NA,NA,NA,NA,NA,NA,NA,NA,NA,NA,NA,NA,0,77,0,103
"B512","B","Hoparkinson R&L Block Association Garden","Small Park",NA,"Brooklyn Sector 5.16","Districts 5, 16",0,0.1,NA,NA,NA,NA,NA,NA,NA,NA,NA,NA,NA,NA,NA,NA,NA,NA,NA,NA,NA,NA
"M371","M","Hope Garden","Small Park",NA,"Manhattan Sector 3","District 3",0,0.05,NA,NA,NA,NA,NA,NA,NA,NA,NA,NA,NA,NA,NA,NA,NA,NA,NA,NA,NA,NA
"B528","B","Howard Av Block Association","Small Park",NA,"Brooklyn Sector 5.16","Districts 5, 16",0,0.22,NA,NA,NA,NA,NA,NA,NA,NA,NA,NA,NA,NA,NA,NA,NA,NA,NA,NA,NA,NA
"B260A","B","Howard Pool",NA,NA,"Brooklyn Sector 5.16","Districts 5, 16",0,0.67,2,3,0,2,34,75,6,36,2.7,1,1,1.2,"No","No","No","No",468,232,0,3316
"R131","R","Huguenot Ponds Park","Large Park","Natural Areas","Staten Island Sector 3","District 3",0,1.53,0,0,0,0,2,4,3,3,1,1.1,1,1,"No","No","No","No",NA,NA,NA,NA
"B413","B","Hull Street Garden","Small Park",NA,"Brooklyn Sector 5.16","Districts 5, 16",0,0.32,NA,NA,NA,NA,NA,NA,NA,NA,NA,NA,NA,NA,NA,NA,NA,NA,NA,NA,NA,NA
"M344","M","Humacao Community Garden","Small Park",NA,"Manhattan Sector 10.11","Districts 10, 11",0,0.11,NA,NA,NA,NA,NA,NA,NA,NA,NA,NA,NA,NA,NA,NA,NA,NA,NA,NA,NA,NA
"B408","B","Human Compass Garden","Small Park",NA,"Brooklyn Sector 6.7","Districts 6, 7",0,0.07,NA,NA,NA,NA,NA,NA,NA,NA,NA,NA,NA,NA,NA,NA,NA,NA,NA,NA,NA,NA
"R136","R","Hybrid Oak Woods Park","Small Park","Natural Areas","Staten Island Sector 3","District 3",0,9.76,0,0,0,0,6,5,3,2,1,1.1,1,1,"No","No","No","No",NA,NA,NA,NA
"B579","B","Imani II Community Garden",NA,NA,"Brooklyn Sector 8.9","Districts 8, 9",0,0.07,NA,NA,NA,NA,NA,NA,NA,NA,NA,NA,NA,NA,NA,NA,NA,NA,NA,NA,NA,NA
"B565","B","Isabahlia Community Garden",NA,NA,"Brooklyn Sector 5.16","Districts 5, 16",0,0.06,NA,NA,NA,NA,NA,NA,NA,NA,NA,NA,NA,NA,NA,NA,NA,NA,NA,NA,NA,NA
"X314","X","Isla Verde Garden","Small Park",NA,"Bronx Sector 1.2","Districts 1, 2",0,0.16,NA,NA,NA,NA,NA,NA,NA,NA,NA,NA,NA,NA,NA,NA,NA,NA,NA,NA,NA,NA
"R151","R","Isle Of Meadows","Other","Natural Areas","Staten Island Sector 3","District 3",0,87.52,NA,NA,NA,NA,NA,NA,NA,NA,NA,NA,NA,NA,NA,NA,NA,NA,NA,NA,NA,NA
"M364","M","Jackie Robinson Community Garden","Small Park",NA,"Manhattan Sector 10.11","Districts 10, 11",0,0.06,NA,NA,NA,NA,NA,NA,NA,NA,NA,NA,NA,NA,NA,NA,NA,NA,NA,NA,NA,NA
"Q083","Q","Jackie Robinson Parkway","Other","Natural Areas,Trails","Queens Sector 5.6","Districts 5, 6",0,72.75,NA,NA,NA,NA,NA,NA,NA,NA,NA,NA,NA,NA,NA,NA,NA,NA,NA,NA,NA,NA
"X319","X","Jackson Forest Garden","Small Park",NA,"Bronx Sector 3.6","Districts 3, 6",0,0.18,0,NA,NA,NA,4,NA,NA,NA,1,NA,NA,NA,"No",NA,NA,NA,0,52,0,69
"Q309","Q","Jamaica Bay Park","Large Park","Natural Areas,Trails","Queens Sector 14","District 14",0,149.54,1,3,3,3,23,65,52,64,1,2,1.3,1.3,"No","No","No","No",NA,NA,NA,NA
"M390","M","Jane Street Garden",NA,NA,"Manhattan Sector 1.2","Districts 1, 2",0,0.06,NA,0,1,1,NA,12,28,15,NA,1.3,3.2,1.6,NA,"No","No","No",0,0,0,52
"X320","X","Jardin De La Familia","Small Park",NA,"Bronx Sector 3.6","Districts 3, 6",0,0.32,NA,NA,NA,NA,NA,NA,NA,NA,NA,NA,NA,NA,NA,NA,NA,NA,0,155,0,52
"X349","X","Jardin de la Roca",NA,NA,"Bronx Sector 3.6","Districts 3, 6",0,0.23,NA,NA,NA,NA,NA,NA,NA,NA,NA,NA,NA,NA,NA,NA,NA,NA,NA,NA,NA,NA
"X322","X","Jardin De Las Rosas","Small Park",NA,"Bronx Sector 4.5","Districts 4, 5",0,0.06,NA,NA,NA,NA,NA,NA,NA,NA,NA,NA,NA,NA,NA,NA,NA,NA,NA,NA,NA,NA
"B580","B","Java Street Community Garden",NA,NA,"Brooklyn Sector 1","District 1",0,0.06,NA,NA,NA,NA,NA,NA,NA,NA,NA,NA,NA,NA,NA,NA,NA,NA,NA,NA,NA,NA
"M278","M","Jefferson Market Garden","Small Park",NA,"Manhattan Sector 1.2","Districts 1, 2",0,0.36,NA,2,1,2,NA,43,29,48,NA,2.1,3.5,1.2,NA,"No","No","No",NA,NA,NA,NA
"B522","B","Jerome-Glenmore Cornerstone Community Garden","Small Park",NA,"Brooklyn Sector 5.16","Districts 5, 16",0,0.2,NA,NA,NA,NA,NA,NA,NA,NA,NA,NA,NA,NA,NA,NA,NA,NA,NA,NA,NA,NA
"B477","B","Jerome Gardens","Small Park",NA,"Brooklyn Sector 5.16","Districts 5, 16",0,0.04,2,0,NA,NA,40,4,NA,NA,1,1,NA,NA,"No","No",NA,NA,NA,NA,NA,NA
"B478","B","Jerry and The Senior Gents","Small Park",NA,"Brooklyn Sector 5.16","Districts 5, 16",0,0.06,NA,NA,NA,NA,NA,NA,NA,NA,NA,NA,NA,NA,NA,NA,NA,NA,NA,NA,NA,NA
"B511","B","Jes Good Rewards Childeren's Garden","Small Park",NA,"Brooklyn Sector 5.16","Districts 5, 16",0,0.21,NA,NA,NA,NA,NA,NA,NA,NA,NA,NA,NA,NA,NA,NA,NA,NA,NA,NA,NA,NA
"R146","R","Joe Holzka Community Garden","Small Park",NA,"Staten Island Sector 1","District 1",0,0.43,NA,NA,NA,NA,NA,NA,NA,NA,NA,NA,NA,NA,NA,NA,NA,NA,NA,NA,NA,NA
"B509","B","Jordan Magic Garden",NA,NA,"Brooklyn Sector 5.16","Districts 5, 16",0,0.16,NA,NA,NA,NA,NA,NA,NA,NA,NA,NA,NA,NA,NA,NA,NA,NA,NA,NA,NA,NA
"M351","M","Joseph Daniel Wilson Garden","Small Park",NA,"Manhattan Sector 10.11","Districts 10, 11",0,0.12,NA,NA,NA,NA,NA,NA,NA,NA,NA,NA,NA,NA,NA,NA,NA,NA,NA,NA,NA,NA
"X373","X","Justice Sotomayor Houses Playground",NA,NA,"Bronx Sector 9.10","Districts 9, 10",0,0.23,NA,NA,NA,NA,NA,NA,NA,NA,NA,NA,NA,NA,NA,NA,NA,NA,NA,NA,NA,NA
"B550","B","Keap Fourth Community Garden",NA,NA,"Brooklyn Sector 1","District 1",0,0.07,NA,NA,NA,NA,NA,NA,NA,NA,NA,NA,NA,NA,NA,NA,NA,NA,NA,NA,NA,NA
"M345","M","Kenkeleba House Garden","Small Park",NA,"Manhattan Sector 3","District 3",0,0.25,NA,NA,NA,NA,NA,NA,NA,NA,NA,NA,NA,NA,NA,NA,NA,NA,NA,NA,NA,NA
"R138","R","Kingdom Pond Park","Small Park","Natural Areas","Staten Island Sector 3","District 3",0,4.22,0,0,0,0,2,3,2,2,1.1,1.1,1.1,1,"No","No","No","No",NA,NA,NA,NA
"X250","X","Kingsbridge Heights Community Center",NA,NA,"Bronx Sector 7.8","Districts 7, 8",0,0.33,NA,NA,NA,NA,NA,NA,NA,NA,NA,NA,NA,NA,NA,NA,NA,NA,NA,NA,NA,NA
"B556","B","Know Waste Lands","Property",NA,"Brooklyn Sector 3.4","Districts 3, 4",0,0.1,NA,NA,NA,NA,NA,NA,NA,NA,NA,NA,NA,NA,NA,NA,NA,NA,NA,NA,NA,NA
"B351","B","Kosciuszko Pool","Other",NA,"Brooklyn Sector 3.4","Districts 3, 4",0,2.39,2,1,2,2,62,30,57,42,5,4.4,4.2,4.7,"No","No","No","No",14668,2986,1927,15553
"B398","B","Kosciuszko Street Garden","Small Park",NA,"Brooklyn Sector 3.4","Districts 3, 4",0,0.19,0,0,0,NA,7,6,7,NA,1,1,1,NA,"No","No","No",NA,0,0,0,198
"M325A","M","La Casita Garden",NA,NA,"Manhattan Sector 3","District 3",0,0.08,NA,NA,NA,NA,NA,NA,NA,NA,NA,NA,NA,NA,NA,NA,NA,NA,NA,NA,NA,NA
"M383","M","La Cuevita Garden",NA,NA,"Manhattan Sector 10.11","Districts 10, 11",0,0.06,NA,NA,NA,NA,NA,NA,NA,NA,NA,NA,NA,NA,NA,NA,NA,NA,NA,NA,NA,NA
"X145","X","La Finca del Sur Community Garden","Small Park",NA,"Bronx Sector 1.2","Districts 1, 2",0,0.26,NA,NA,0,NA,NA,NA,5,NA,NA,NA,1,NA,NA,NA,"No",NA,NA,NA,NA,NA
"X327","X","La Isla Garden","Small Park",NA,"Bronx Sector 4.5","Districts 4, 5",0,0.11,NA,NA,NA,NA,NA,NA,NA,NA,NA,NA,NA,NA,NA,NA,NA,NA,NA,NA,NA,NA
"M373","M","La Perla Garden","Small Park",NA,"Manhattan Sector 7.9","Districts 7, 9",0,0.04,NA,NA,NA,NA,NA,NA,NA,NA,NA,NA,NA,NA,NA,NA,NA,NA,NA,NA,NA,NA
"M325","M","La Plaza Cultural","Small Park",NA,"Manhattan Sector 3","District 3",0,0.55,NA,NA,NA,NA,NA,NA,NA,NA,NA,NA,NA,NA,NA,NA,NA,NA,0,103,0,77
"Q393B","Q","Laguardia Landing Lights","Small Park",NA,"Queens Sector 3.4","Districts 3, 4",0,0.14,NA,NA,1,NA,NA,NA,15,NA,NA,NA,1,NA,NA,NA,"Yes",NA,NA,NA,NA,NA
"X328","X","Las Casitas Community Garden","Small Park",NA,"Bronx Sector 4.5","Districts 4, 5",0,0.19,NA,NA,NA,NA,NA,NA,NA,NA,NA,NA,NA,NA,NA,NA,NA,NA,NA,NA,NA,NA
"R148","R","Last Chance Pond Park","Small Park","Natural Areas","Staten Island Sector 2.2B","Districts 2, 2B",0,3.9,28,14,13,12,608,304,280,248,3.2,3.5,4.6,3.6,"Yes","Yes","No","No",NA,NA,NA,NA
"X337","X","Latinos Unidos Garden","Small Park",NA,"Bronx Sector 1.2","Districts 1, 2",0,0.12,NA,NA,NA,NA,NA,NA,NA,NA,NA,NA,NA,NA,NA,NA,NA,NA,NA,NA,NA,NA
"Q519","Q","Laurelton Community Garden of Resilience",NA,NA,"Queens Sector 11.13","Districts 11, 13",0,0.05,NA,NA,NA,NA,NA,NA,NA,NA,NA,NA,NA,NA,NA,NA,NA,NA,NA,NA,NA,NA
"X355","X","Leave it Better Kids' Garden",NA,NA,"Bronx Sector 3.6","Districts 3, 6",0,0.24,NA,NA,NA,NA,NA,NA,NA,NA,NA,NA,NA,NA,NA,NA,NA,NA,NA,NA,NA,NA
"B479","B","Lefferts Pl Block Association","Small Park",NA,"Brooklyn Sector 3.4","Districts 3, 4",0,0.07,NA,NA,NA,NA,NA,NA,NA,NA,NA,NA,NA,NA,NA,NA,NA,NA,NA,NA,NA,NA
"Q515","Q","Legacy Park",NA,NA,"Queens Sector 8.9","Districts 8, 9",0,0.29,19,10,3,3,412,217,80,59,5.7,4.2,4.1,4.4,"Yes","Yes","No","No",0,0,0,28
"B223U","B","Lentol Garden","Small Park",NA,"Brooklyn Sector 1","District 1",0,0.76,4,3,2,3,88,56,39,67,5.3,5.4,5.2,5.8,"No","No","No","No",0,0,0,2424
"Q497","Q","Lewis H Latimer House",NA,NA,"Queens Sector 7","District 7",0,0.32,NA,NA,NA,NA,NA,NA,NA,NA,NA,NA,NA,NA,NA,NA,NA,NA,445,371,238,312
"M346","M","Life Spire Garden","Small Park",NA,"Manhattan Sector 10.11","Districts 10, 11",0,0.02,NA,NA,NA,NA,NA,NA,NA,NA,NA,NA,NA,NA,NA,NA,NA,NA,NA,NA,NA,NA
"M232","M","Lincoln Center Plaza","Small Park",NA,"Manhattan Sector 7.9","Districts 7, 9",0,3.8,NA,NA,NA,NA,NA,NA,NA,NA,NA,NA,NA,NA,NA,NA,NA,NA,NA,NA,NA,NA
"B480","B","Lincoln Rd Block Association","Small Park",NA,"Brooklyn Sector 8.9","Districts 8, 9",0,0.07,NA,NA,NA,9,NA,NA,NA,187,NA,NA,NA,1,NA,NA,NA,"No",NA,NA,NA,NA
"B558","B","Linwood Street Garden (Pagan's Garden)",NA,NA,"Brooklyn Sector 5.16","Districts 5, 16",0,0.08,NA,NA,2,NA,NA,NA,57,NA,NA,NA,1,NA,NA,NA,"No",NA,NA,NA,NA,NA
"X356","X","Little Green Garden",NA,NA,"Bronx Sector 3.6","Districts 3, 6",0,0.12,NA,NA,NA,6,NA,NA,NA,110,NA,NA,NA,1,NA,NA,NA,"Yes",NA,NA,NA,NA
"M326","M","Liz Christy Garden","Small Park",NA,"Manhattan Sector 3","District 3",0,0.27,NA,NA,NA,NA,NA,NA,NA,NA,NA,NA,NA,NA,NA,NA,NA,NA,NA,NA,NA,NA
"Q490","Q","Locust Manor Civic Association","Small Park",NA,"Queens Sector 10.12","Districts 10, 12",0,0.08,NA,NA,NA,NA,NA,NA,NA,NA,NA,NA,NA,NA,NA,NA,NA,NA,NA,NA,NA,NA
"X310","X","Locust Point Marina","Other",NA,"Bronx Sector 9.10","Districts 9, 10",0,22.07,NA,NA,NA,NA,NA,NA,NA,NA,NA,NA,NA,NA,NA,NA,NA,NA,NA,NA,NA,NA
"R027","R","Long Pond Park","Large Park","Natural Areas,Trails","Staten Island Sector 3","District 3",0,91.09,0,0,1,1,4,7,12,13,1,1.2,1.2,1,"No","No","No","No",0,1029,0,0
"M415","M","Lorraine Hansberry Plaza",NA,NA,"Manhattan Sector 4.5","Districts 4, 5",0,0.62,NA,NA,NA,NA,NA,NA,NA,NA,NA,NA,NA,NA,NA,NA,NA,NA,NA,NA,NA,NA
"M357","M","Los Amigos Garden","Small Park",NA,"Manhattan Sector 3","District 3",0,0.06,NA,NA,NA,NA,NA,NA,NA,NA,NA,NA,NA,NA,NA,NA,NA,NA,NA,NA,NA,NA
"B112","B","Lot","Small Park",NA,"Brooklyn Sector 1","District 1",0,0.98,NA,NA,NA,NA,NA,NA,NA,NA,NA,NA,NA,NA,NA,NA,NA,NA,NA,NA,NA,NA
"B336A","B","Lot","Other",NA,"Brooklyn Sector 13","District 13",0,1.7,NA,NA,NA,4,NA,NA,NA,99,NA,NA,NA,1,NA,NA,NA,"No",NA,NA,NA,NA
"X254","X","Lot","Other",NA,"Bronx Sector 4.5","Districts 4, 5",0,1.19,NA,1,2,2,NA,27,32,31,NA,1,1,1,NA,"No","No","No",NA,NA,NA,NA
"Q468","Q","Louis Armstrong Community Center","Other",NA,"Queens Sector 3.4","Districts 3, 4",0,0.45,1,0,NA,NA,19,5,NA,NA,1.4,1,NA,NA,"No","No",NA,NA,NA,NA,NA,NA
"M108A","M","Louis Cuvillier Park","Small Park",NA,"Manhattan Sector 10.11","Districts 10, 11",0,2.75,NA,NA,NA,NA,NA,NA,NA,NA,NA,NA,NA,NA,NA,NA,NA,NA,377,266,83,100
"B498","B","Louis Pl Friends","Small Park",NA,"Brooklyn Sector 3.4","Districts 3, 4",0,0.04,NA,NA,NA,NA,NA,NA,NA,NA,NA,NA,NA,NA,NA,NA,NA,NA,NA,NA,NA,NA
"M361","M","Lower East Side Ecology Center","Small Park",NA,"Manhattan Sector 3","District 3",0,0.15,NA,NA,NA,NA,NA,NA,NA,NA,NA,NA,NA,NA,NA,NA,NA,NA,NA,NA,NA,NA
"Q516","Q","Lt. Michael R. Davidson Playground",NA,NA,"Queens Sector 1.2","Districts 1, 2",0,0.23,0,1,0,0,7,12,7,9,4.4,3.9,5,4.4,"No","No","No","No",575,549,0,0
"M400","M","Luigi's Garden of Love",NA,NA,"Manhattan Sector 10.11","Districts 10, 11",0,0.04,NA,NA,NA,NA,NA,NA,NA,NA,NA,NA,NA,NA,NA,NA,NA,NA,NA,NA,NA,NA
"Q063","Q","Luke J. Lang Square","Small Park",NA,"Queens Sector 5.6","Districts 5, 6",0,0,17,15,1,5,338,296,33,106,4.9,4.5,4.6,4.9,"Yes","No","No","No",NA,NA,NA,NA
"M401","M","Lydia's Magic Garden (El Girasol Magic Garden)",NA,NA,"Manhattan Sector 10.11","Districts 10, 11",0,0.1,NA,NA,NA,NA,NA,NA,NA,NA,NA,NA,NA,NA,NA,NA,NA,NA,NA,NA,NA,NA
"B499","B","Madison Community Greenthumb","Small Park",NA,"Brooklyn Sector 3.4","Districts 3, 4",0,0.06,NA,NA,NA,NA,NA,NA,NA,NA,NA,NA,NA,NA,NA,NA,NA,NA,NA,NA,NA,NA
"B481","B","Madison Square Garden Association","Small Park",NA,"Brooklyn Sector 3.4","Districts 3, 4",0,0.17,NA,NA,NA,NA,NA,NA,NA,NA,NA,NA,NA,NA,NA,NA,NA,NA,NA,NA,NA,NA
"B482","B","Madison Street Block Association","Small Park",NA,"Brooklyn Sector 3.4","Districts 3, 4",0,0.08,NA,NA,NA,NA,NA,NA,NA,NA,NA,NA,NA,NA,NA,NA,NA,NA,NA,NA,NA,NA
"M327","M","Maggie's Magic Garden","Small Park",NA,"Manhattan Sector 10.11","Districts 10, 11",0,0.17,NA,NA,NA,NA,NA,NA,NA,NA,NA,NA,NA,NA,NA,NA,NA,NA,NA,NA,NA,NA
"QT11","Q","Mall","Property",NA,"Queens Sector 10.12","Districts 10, 12",0,1.04,2,1,1,2,33,23,30,34,1.8,2,2,1.7,"No","No","No","No",NA,NA,NA,NA
"QT12","Q","Mall Sixty-Nine","Property",NA,"Queens Sector 8.9","Districts 8, 9",0,0.36,0,0,0,0,8,7,9,7,1.7,1.4,1.6,1.6,"No","No","No","No",NA,NA,NA,NA
"Q035","Q","Mall Thirty Four XXXIV","Small Park",NA,"Queens Sector 3.4","Districts 3, 4",0,0.55,3,1,3,1,70,25,64,27,1.4,1.1,1.5,1.2,"No","No","No","No",0,278,0,0
"B483","B","Manley's Pl","Small Park",NA,"Brooklyn Sector 5.16","Districts 5, 16",0,0.28,NA,NA,NA,NA,NA,NA,NA,NA,NA,NA,NA,NA,NA,NA,NA,NA,NA,NA,NA,NA
"R166","R","Manor Park",NA,"Natural Areas","Staten Island Sector 2.2B","Districts 2, 2B",0,1.78,NA,NA,NA,1,NA,NA,NA,10,NA,NA,NA,1,NA,NA,NA,"No",NA,NA,NA,NA
"M414","M","Manuel Plaza",NA,NA,"Manhattan Sector 1.2","Districts 1, 2",0,0.22,18,10,14,2,376,195,291,37,2.7,3.4,4.8,1.7,"Yes","Yes","Yes","No",103,0,7,244
"X236","X","Mapes Pool","Small Park",NA,"Bronx Sector 3.6","Districts 3, 6",0,0.68,3,0,1,5,64,2,17,128,1.5,1,1.7,1.5,"Yes","No","No","No",3656,102,48,11358
"B594","B","Maple Street Community Garden",NA,NA,"Brooklyn Sector 8.9","Districts 8, 9",0,1.38,NA,NA,NA,NA,NA,NA,NA,NA,NA,NA,NA,NA,NA,NA,NA,NA,NA,NA,NA,NA
"B510","B","Marcus Garvey Tenant's Assoc. Garden","Small Park",NA,"Brooklyn Sector 5.16","Districts 5, 16",0,0.23,NA,NA,NA,NA,NA,NA,NA,NA,NA,NA,NA,NA,NA,NA,NA,NA,NA,NA,NA,NA
"M297A","M","Margrichante Garden","Small Park",NA,"Manhattan Sector 10.11","Districts 10, 11",0,0.17,NA,NA,NA,NA,NA,NA,NA,NA,NA,NA,NA,NA,NA,NA,NA,NA,NA,NA,NA,NA
"R142","R","Mariners Marsh Park","Large Park","Natural Areas","Staten Island Sector 1","District 1",0,107.58,7,6,5,6,131,126,107,124,4.2,5.5,4.6,5,"No","No","No","No",NA,NA,NA,NA
"X350","X","Melrose Commons Park",NA,NA,"Bronx Sector 3.6","Districts 3, 6",0,1.38,20,19,18,17,392,362,350,341,4.9,5.1,4.9,5.2,"No","No","Yes","Yes",306,40,58,354
"Q096C","Q","Mentone Playground","Small Park","Athletic Facilities","Queens Sector 11.13","Districts 11, 13",0,1.1,NA,NA,NA,NA,NA,NA,NA,NA,NA,NA,NA,NA,NA,NA,NA,NA,NA,NA,NA,NA
"M318","M","Merchant's House Museum","Other",NA,"Manhattan Sector 1.2","Districts 1, 2",0,0.07,4,5,3,NA,75,96,53,NA,1.5,1.6,1,NA,"Yes","Yes","Yes",NA,804,343,0,103
"R163","R","Meredith Woods","Large Park","Natural Areas","Staten Island Sector 2.2B","Districts 2, 2B",0,52.43,1,1,1,1,18,14,20,20,2.2,1.7,3.2,3.5,"No","No","No","No",NA,NA,NA,NA
"B085","B","Metropolitan Recreation Center",NA,NA,"Brooklyn Sector 1","District 1",0,0.18,NA,1,0,NA,NA,13,5,NA,NA,1,1,NA,NA,"No","No",NA,139,930,1239,7122
"B601","B","MHBA Living Laboratory",NA,NA,"Brooklyn Sector 5.16","Districts 5, 16",0,0.14,NA,NA,NA,NA,NA,NA,NA,NA,NA,NA,NA,NA,NA,NA,NA,NA,NA,NA,NA,NA
"B557","B","MHBA Living Laboratory Community Garden",NA,NA,"Brooklyn Sector 5.16","Districts 5, 16",0,0.07,NA,NA,NA,NA,NA,NA,NA,NA,NA,NA,NA,NA,NA,NA,NA,NA,NA,NA,NA,NA
"Q069","Q","Middleburgh Triangle","Small Park",NA,"Queens Sector 3.4","Districts 3, 4",0,0,2,1,2,2,39,21,41,49,3.8,3.2,3.4,3.4,"No","No","No","No",NA,NA,NA,NA
"M209","M","Mill Rock Park","Large Park","Natural Areas","Manhattan Sector 6.8.15","Districts 6, 8, 15",0,8.64,NA,NA,NA,NA,NA,NA,NA,NA,NA,NA,NA,NA,NA,NA,NA,NA,NA,NA,NA,NA
"M314","M","Miracle Garden","Small Park",NA,"Manhattan Sector 3","District 3",0,0.12,NA,NA,NA,2,NA,NA,NA,50,NA,NA,NA,1,NA,NA,NA,"Yes",NA,NA,NA,NA
"X329","X","Miracle Garden","Small Park",NA,"Bronx Sector 3.6","Districts 3, 6",0,0.11,NA,4,NA,NA,NA,79,NA,NA,NA,1,NA,NA,NA,"Yes",NA,NA,NA,NA,NA,NA
"M418","M","Mission Garden",NA,NA,"Manhattan Sector 10.11","Districts 10, 11",0,0.09,NA,NA,NA,NA,NA,NA,NA,NA,NA,NA,NA,NA,NA,NA,NA,NA,NA,NA,NA,NA
"M347","M","Mobilization For Change","Small Park",NA,"Manhattan Sector 7.9","Districts 7, 9",0,0.04,NA,NA,NA,NA,NA,NA,NA,NA,NA,NA,NA,NA,NA,NA,NA,NA,NA,NA,NA,NA
"X342","X","Model T Senior Citizen's Garden","Small Park",NA,"Bronx Sector 3.6","Districts 3, 6",0,0.27,NA,NA,NA,NA,NA,NA,NA,NA,NA,NA,NA,NA,NA,NA,NA,NA,NA,NA,NA,NA
"B584","B","Moffat Garden",NA,NA,"Brooklyn Sector 3.4","Districts 3, 4",0,0.04,NA,NA,NA,NA,NA,NA,NA,NA,NA,NA,NA,NA,NA,NA,NA,NA,NA,NA,NA,NA
"M348","M","Morris-Jumel Ecological Education Garden","Small Park",NA,"Manhattan Sector 12.12A","Districts 12, 12A",0,0.1,3,2,3,2,66,42,68,42,2.6,1.7,1.5,2.1,"No","No","No","No",0,0,0,4
"X275","X","Mosaic Success Garden","Small Park",NA,"Bronx Sector 4.5","Districts 4, 5",0,0.29,0,NA,NA,0,5,NA,NA,9,1,NA,NA,1,"No",NA,NA,"No",0,47,0,77
"Q130","Q","Motor Parkway","Other","Trails","Queens Sector 7A","District 7A",0,13.89,9,10,8,13,190,201,173,276,3,3.5,3.2,3.5,"Yes","Yes","Yes","Yes",222,430,0,0
"X035","X","Muller Triangle","Greenstreet",NA,"Bronx Sector 7.8","Districts 7, 8",0,0.04,7,5,2,5,135,100,51,95,3,3.6,1.9,2.4,"No","No","No","No",15,7,0,40
"Q509","Q","Nameoke Park",NA,NA,"Queens Sector 14","District 14",0,0.32,NA,6,28,17,NA,121,557,354,NA,3.6,4.9,4.1,NA,"No","No","No",7,251,0,0
"B514","B","Nehemiah Ten Garden","Small Park",NA,"Brooklyn Sector 5.16","Districts 5, 16",0,0.28,NA,2,NA,NA,NA,39,NA,NA,NA,1,NA,NA,NA,"Yes",NA,NA,NA,NA,NA,NA
"B540","B","Neighborhood Community Garden",NA,NA,"Brooklyn Sector 8.9","Districts 8, 9",0,0.07,NA,NA,NA,NA,NA,NA,NA,NA,NA,NA,NA,NA,NA,NA,NA,NA,NA,NA,NA,NA
"M338","M","Neighbors Of Vega Baja",NA,NA,"Manhattan Sector 10.11","Districts 10, 11",0,0.07,NA,NA,NA,NA,NA,NA,NA,NA,NA,NA,NA,NA,NA,NA,NA,NA,NA,NA,NA,NA
"B280","B","Nellie Bly Park","Other",NA,"Brooklyn Sector 11.15","Districts 11, 15",0,1.06,NA,NA,NA,NA,NA,NA,NA,NA,NA,NA,NA,NA,NA,NA,NA,NA,NA,NA,NA,NA
"M349","M","New 123rd St Block Association Garden","Small Park",NA,"Manhattan Sector 10.11","Districts 10, 11",0,0.14,NA,NA,0,NA,NA,NA,1,NA,NA,NA,1,NA,NA,NA,"No",NA,NA,NA,NA,NA
"B449","B","New Vision Garden","Small Park",NA,"Brooklyn Sector 5.16","Districts 5, 16",0,0.32,NA,NA,NA,NA,NA,NA,NA,NA,NA,NA,NA,NA,NA,NA,NA,NA,NA,NA,NA,NA
"X308","X","North Brother Island",NA,"Natural Areas","Bronx Sector 1.2","Districts 1, 2",0,30.4,NA,NA,NA,NA,NA,NA,NA,NA,NA,NA,NA,NA,NA,NA,NA,NA,NA,NA,NA,NA
"M393","M","Oasis Garden",NA,NA,"Manhattan Sector 4.5","Districts 4, 5",0,0.12,NA,NA,NA,NA,NA,NA,NA,NA,NA,NA,NA,NA,NA,NA,NA,NA,NA,NA,NA,NA
"R149","R","Ocean Breeze Park","Large Park","Athletic Facility,Natural Areas,Trails","Staten Island Sector 2.2B","Districts 2, 2B",0,136.57,33,23,18,30,718,479,412,672,5.7,5.5,5.6,5.1,"Yes","Yes","Yes","Yes",2952,6747,7049,2879
"B545","B","Oko Farms Aquaponics Education Garden",NA,NA,"Brooklyn Sector 1","District 1",0,0.06,NA,NA,NA,NA,NA,NA,NA,NA,NA,NA,NA,NA,NA,NA,NA,NA,NA,NA,NA,NA
"M320","M","Old Croton Aqueduct Gatehouse","Other",NA,"Manhattan Sector 7.9","Districts 7, 9",0,0.15,NA,1,NA,0,NA,16,NA,1,NA,1,NA,1,NA,"No",NA,"No",NA,NA,NA,NA
"B434","B","Old Gravesend Cemetery","Other",NA,"Brooklyn Sector 11.15","Districts 11, 15",0,1.65,2,2,3,1,38,36,56,28,4.1,5,4.9,4.1,"No","No","No","No",NA,NA,NA,NA
"R159","R","Old Place Creek Park","Large Park","Natural Areas","Staten Island Sector 2.2B","Districts 2, 2B",0,44.73,NA,NA,NA,NA,NA,NA,NA,NA,NA,NA,NA,NA,NA,NA,NA,NA,NA,NA,NA,NA
"R162","R","Olmsted-Beil House Park","Other",NA,"Staten Island Sector 3","District 3",0,2.76,NA,NA,NA,NA,NA,NA,NA,NA,NA,NA,NA,NA,NA,NA,NA,NA,0,0,10483,1222
"M354","M","Orchard Alley Garden","Small Park",NA,"Manhattan Sector 3","District 3",0,0.22,0,NA,NA,NA,8,NA,NA,NA,1,NA,NA,NA,"No",NA,NA,NA,0,52,0,77
"B521","B","Oriental Garden","Small Park",NA,"Brooklyn Sector 5.16","Districts 5, 16",0,0.19,NA,NA,NA,NA,NA,NA,NA,NA,NA,NA,NA,NA,NA,NA,NA,NA,NA,NA,NA,NA
"M365","M","Our Little Green Acre Garden","Small Park",NA,"Manhattan Sector 10.11","Districts 10, 11",0,0.05,NA,NA,NA,NA,NA,NA,NA,NA,NA,NA,NA,NA,NA,NA,NA,NA,NA,NA,NA,NA
"X330","X","P.S. 186 Day Treatment Program","Small Park",NA,"Bronx Sector 3.6","Districts 3, 6",0,0.07,NA,NA,NA,NA,NA,NA,NA,NA,NA,NA,NA,NA,NA,NA,NA,NA,NA,NA,NA,NA
"X354","X","P.S. 29 Ballfield","Small Park","Athletic Facilities","Bronx Sector 1.2","Districts 1, 2",0,1.11,17,2,6,7,358,38,116,131,2.8,1.5,2.5,1.8,"No","No","No","No",57,286,175,754
"M356","M","P.S. 76 Garden","Small Park",NA,"Manhattan Sector 10.11","Districts 10, 11",0,0.05,NA,NA,NA,NA,NA,NA,NA,NA,NA,NA,NA,NA,NA,NA,NA,NA,NA,NA,NA,NA
"X285","X","Padre Plaza","Small Park",NA,"Bronx Sector 1.2","Districts 1, 2",0,0.37,NA,NA,NA,NA,NA,NA,NA,NA,NA,NA,NA,NA,NA,NA,NA,NA,NA,NA,NA,NA
"B406","B","Paerdegat Basin Park","Large Park","Natural Areas,Trails","Brooklyn Sector 17.18","Districts 17, 18",0,118.8,10,14,13,15,204,275,266,313,2.6,3.3,3.2,2.6,"No","No","No","Yes",0,0,0,1097
"X294","X","Palmer Inlet","Other","Natural Areas","Bronx Sector 9.10","Districts 9, 10",0,7.49,NA,NA,NA,NA,NA,NA,NA,NA,NA,NA,NA,NA,NA,NA,NA,NA,NA,NA,NA,NA
"B255A","B","Park","Other",NA,"Brooklyn Sector 6.7","Districts 6, 7",0,0,NA,NA,NA,NA,NA,NA,NA,NA,NA,NA,NA,NA,NA,NA,NA,NA,NA,NA,NA,NA
"B255B","B","Park","Other",NA,"Brooklyn Sector 6.7","Districts 6, 7",0,0.11,NA,NA,NA,3,NA,NA,NA,52,NA,NA,NA,1,NA,NA,NA,"Yes",NA,NA,NA,NA
"B255I","B","Park","Small Park",NA,"Brooklyn Sector 6.7","Districts 6, 7",0,0.44,2,3,1,1,44,60,30,24,4.5,4.2,3.9,3.1,"No","No","No","No",NA,NA,NA,NA
"B210D","B","Park","Small Park",NA,"Brooklyn Sector 6.7","Districts 6, 7",0,1.08,3,4,2,2,58,81,53,37,2.5,2.3,1.9,1.6,"No","No","No","No",NA,NA,NA,NA
"B210Q","B","Park","Greenstreet",NA,"Brooklyn Sector 10.12","Districts 10, 12",0,0,1,0,0,1,12,10,9,13,1.4,1.2,1.2,1.3,"No","No","No","No",NA,NA,NA,NA
"B210R","B","Park","Other",NA,"Brooklyn Sector 10.12","Districts 10, 12",0,0,NA,NA,NA,1,NA,NA,NA,22,NA,NA,NA,1,NA,NA,NA,"No",NA,NA,NA,NA
"B210S","B","Park","Other",NA,"Brooklyn Sector 10.12","Districts 10, 12",0,0,NA,NA,NA,NA,NA,NA,NA,NA,NA,NA,NA,NA,NA,NA,NA,NA,NA,NA,NA,NA
"B210T","B","Park","Other",NA,"Brooklyn Sector 10.12","Districts 10, 12",0,0,NA,NA,NA,NA,NA,NA,NA,NA,NA,NA,NA,NA,NA,NA,NA,NA,NA,NA,NA,NA
"B210U","B","Park","Other",NA,"Brooklyn Sector 10.12","Districts 10, 12",0,0,NA,NA,NA,NA,NA,NA,NA,NA,NA,NA,NA,NA,NA,NA,NA,NA,NA,NA,NA,NA
"B210V","B","Park","Other",NA,"Brooklyn Sector 10.12","Districts 10, 12",0,0.59,NA,NA,NA,NA,NA,NA,NA,NA,NA,NA,NA,NA,NA,NA,NA,NA,NA,NA,NA,NA
"B210M","B","Park","Other",NA,"Brooklyn Sector 10.12","Districts 10, 12",0,0.01,NA,NA,NA,NA,NA,NA,NA,NA,NA,NA,NA,NA,NA,NA,NA,NA,NA,NA,NA,NA
"B210N","B","Park","Other",NA,"Brooklyn Sector 6.7","Districts 6, 7",0,0,NA,0,NA,NA,NA,9,NA,NA,NA,1,NA,NA,NA,"No",NA,NA,NA,NA,NA,NA
"B210O","B","Park","Other",NA,"Brooklyn Sector 10.12","Districts 10, 12",0,0.01,NA,NA,NA,NA,NA,NA,NA,NA,NA,NA,NA,NA,NA,NA,NA,NA,NA,NA,NA,NA
"B223OA","B","Park","Small Park",NA,"Brooklyn Sector 1","District 1",0,0.06,0,NA,NA,NA,1,NA,NA,NA,1,NA,NA,NA,"No",NA,NA,NA,NA,NA,NA,NA
"B223IC","B","Park","Small Park",NA,"Brooklyn Sector 2","District 2",0,0.05,NA,6,6,NA,NA,105,105,NA,NA,2,2,NA,NA,"Yes","Yes",NA,NA,NA,NA,NA
"B223JA","B","Park","Greenstreet",NA,"Brooklyn Sector 2","District 2",0,0.09,4,8,14,14,85,164,269,269,5.5,6.2,6.4,6.2,"No","No","Yes","Yes",NA,NA,NA,NA
"B223C","B","Park","Small Park",NA,"Brooklyn Sector 6.7","Districts 6, 7",0,0,16,13,16,16,298,255,333,305,5.6,5.3,6.2,5.4,"Yes","Yes","Yes","Yes",NA,NA,NA,NA
"B547","B","Park",NA,NA,"Brooklyn Sector 5.16","Districts 5, 16",0,0.98,NA,NA,NA,8,NA,NA,NA,183,NA,NA,NA,1,NA,NA,NA,"Yes",NA,NA,NA,NA
"B548","B","Park",NA,NA,"Brooklyn Sector 5.16","Districts 5, 16",0,1.35,20,15,24,13,435,319,510,288,1,3.8,5.5,3.6,"Yes","Yes","Yes","Yes",0,469,0,504
"B587","B","Park",NA,NA,"Brooklyn Sector 13","District 13",0,2.73,4,2,1,3,89,41,28,65,6.1,5.3,5.5,6,"No","No","No","No",NA,NA,NA,NA
"B523","B","Park","Small Park",NA,"Brooklyn Sector 13","District 13",0,0.16,NA,NA,NA,NA,NA,NA,NA,NA,NA,NA,NA,NA,NA,NA,NA,NA,NA,NA,NA,NA
"M108J","M","Park","Other",NA,"Manhattan Sector 10.11","Districts 10, 11",0,0.19,NA,NA,NA,NA,NA,NA,NA,NA,NA,NA,NA,NA,NA,NA,NA,NA,NA,NA,NA,NA
"M108B","M","Park","Small Park",NA,"Manhattan Sector 10.11","Districts 10, 11",0,2.13,NA,NA,NA,NA,NA,NA,NA,NA,NA,NA,NA,NA,NA,NA,NA,NA,NA,NA,NA,NA
"M092B","M","Park","Small Park",NA,"Manhattan Sector 12.12A","Districts 12, 12A",0,1.49,NA,NA,NA,NA,NA,NA,NA,NA,NA,NA,NA,NA,NA,NA,NA,NA,NA,NA,NA,NA
"M208B","M","Park","Small Park",NA,"Manhattan Sector 10.11","Districts 10, 11",0,0.06,NA,NA,NA,NA,NA,NA,NA,NA,NA,NA,NA,NA,NA,NA,NA,NA,284,304,123,125
"Q162H01","Q","Park","Small Park",NA,"Queens Sector 14","District 14",0,1.14,NA,77,NA,NA,NA,1540,NA,NA,NA,3,NA,NA,NA,"Yes",NA,NA,NA,NA,NA,NA
"Q220A","Q","Park","Other",NA,"Queens Sector 10.12","Districts 10, 12",0,0.14,NA,NA,NA,NA,NA,NA,NA,NA,NA,NA,NA,NA,NA,NA,NA,NA,NA,NA,NA,NA
"Q096G","Q","Park","Property",NA,"Queens Sector 10.12","Districts 10, 12",0,0.01,NA,NA,NA,NA,NA,NA,NA,NA,NA,NA,NA,NA,NA,NA,NA,NA,NA,NA,NA,NA
"Q387C","Q","Park","Greenstreet",NA,"Queens Sector 11.13","Districts 11, 13",0,0.02,NA,NA,NA,NA,NA,NA,NA,NA,NA,NA,NA,NA,NA,NA,NA,NA,0,0,394,0
"Q409","Q","Park","Small Park",NA,"Queens Sector 5.6","Districts 5, 6",0,0,NA,NA,NA,NA,NA,NA,NA,NA,NA,NA,NA,NA,NA,NA,NA,NA,NA,NA,NA,NA
"Q360L","Q","Park",NA,NA,"Queens Sector 5.6","Districts 5, 6",0,0.01,NA,NA,NA,NA,NA,NA,NA,NA,NA,NA,NA,NA,NA,NA,NA,NA,NA,NA,NA,NA
"Q360V","Q","Park",NA,NA,"Queens Sector 3.4","Districts 3, 4",0,0,NA,NA,NA,NA,NA,NA,NA,NA,NA,NA,NA,NA,NA,NA,NA,NA,NA,NA,NA,NA
"Q360W","Q","Park",NA,NA,"Queens Sector 5.6","Districts 5, 6",0,0,NA,NA,NA,NA,NA,NA,NA,NA,NA,NA,NA,NA,NA,NA,NA,NA,NA,NA,NA,NA
"Q360X","Q","Park","Other",NA,"Queens Sector 3.4","Districts 3, 4",0,0,NA,NA,NA,NA,NA,NA,NA,NA,NA,NA,NA,NA,NA,NA,NA,NA,NA,NA,NA,NA
"Q360Y1","Q","Park",NA,NA,"Queens Sector 5.6","Districts 5, 6",0,0,NA,NA,NA,NA,NA,NA,NA,NA,NA,NA,NA,NA,NA,NA,NA,NA,NA,NA,NA,NA
"Q360Y2","Q","Park",NA,NA,"Queens Sector 5.6","Districts 5, 6",0,0,NA,NA,NA,NA,NA,NA,NA,NA,NA,NA,NA,NA,NA,NA,NA,NA,NA,NA,NA,NA
"Q357A","Q","Park",NA,NA,"Queens Sector 3.4","Districts 3, 4",0,0.03,NA,NA,NA,NA,NA,NA,NA,NA,NA,NA,NA,NA,NA,NA,NA,NA,NA,NA,NA,NA
"Q357A1","Q","Park",NA,NA,"Queens Sector 3.4","Districts 3, 4",0,0.02,NA,NA,NA,NA,NA,NA,NA,NA,NA,NA,NA,NA,NA,NA,NA,NA,NA,NA,NA,NA
"Q360I","Q","Park",NA,NA,"Queens Sector 5.6","Districts 5, 6",0,0.01,NA,NA,NA,NA,NA,NA,NA,NA,NA,NA,NA,NA,NA,NA,NA,NA,NA,NA,NA,NA
"Q360A","Q","Park","Small Park",NA,"Queens Sector 1.2","Districts 1, 2",0,0.01,NA,NA,NA,NA,NA,NA,NA,NA,NA,NA,NA,NA,NA,NA,NA,NA,NA,NA,NA,NA
"Q360C","Q","Park","Other",NA,"Queens Sector 1.2","Districts 1, 2",0,0.01,NA,NA,NA,NA,NA,NA,NA,NA,NA,NA,NA,NA,NA,NA,NA,NA,NA,NA,NA,NA
"Q360D","Q","Park","Other",NA,"Queens Sector 1.2","Districts 1, 2",0,0.01,NA,NA,NA,NA,NA,NA,NA,NA,NA,NA,NA,NA,NA,NA,NA,NA,NA,NA,NA,NA
"Q357D","Q","Park","Other",NA,"Queens Sector 11.13","Districts 11, 13",0,0.02,NA,NA,NA,NA,NA,NA,NA,NA,NA,NA,NA,NA,NA,NA,NA,NA,NA,NA,NA,NA
"Q357E","Q","Park","Other",NA,"Queens Sector 11.13","Districts 11, 13",0,0.02,NA,NA,NA,NA,NA,NA,NA,NA,NA,NA,NA,NA,NA,NA,NA,NA,NA,NA,NA,NA
"Q357F","Q","Park","Other",NA,"Queens Sector 11.13","Districts 11, 13",0,0.02,NA,NA,NA,NA,NA,NA,NA,NA,NA,NA,NA,NA,NA,NA,NA,NA,NA,NA,NA,NA
"Q341A","Q","Park","Small Park",NA,"Queens Sector 1.2","Districts 1, 2",0,0.01,NA,NA,NA,NA,NA,NA,NA,NA,NA,NA,NA,NA,NA,NA,NA,NA,NA,NA,NA,NA
"Q433A","Q","Park","Other",NA,"Queens Sector 10.12","Districts 10, 12",0,0.01,NA,NA,NA,NA,NA,NA,NA,NA,NA,NA,NA,NA,NA,NA,NA,NA,NA,NA,NA,NA
"Q433B","Q","Park","Other",NA,"Queens Sector 10.12","Districts 10, 12",0,0,NA,NA,NA,NA,NA,NA,NA,NA,NA,NA,NA,NA,NA,NA,NA,NA,NA,NA,NA,NA
"Q417","Q","Park","Other",NA,"Queens Sector 10.12","Districts 10, 12",0,0.08,NA,NA,NA,NA,NA,NA,NA,NA,NA,NA,NA,NA,NA,NA,NA,NA,NA,NA,NA,NA
"QT13","Q","Park","Property",NA,"Queens Sector 11.13","Districts 11, 13",0,0.17,0,0,0,0,5,3,4,4,1,1,1.1,1,"No","No","No","No",NA,NA,NA,NA
"Q500","Q","Park",NA,NA,"Queens Sector 5.6","Districts 5, 6",0,0.02,NA,NA,NA,NA,NA,NA,NA,NA,NA,NA,NA,NA,NA,NA,NA,NA,NA,NA,NA,NA
"Q504","Q","Park","Small Park",NA,"Queens Sector 3.4","Districts 3, 4",0,0.03,1,1,NA,1,17,21,NA,19,1,1,NA,1,"No","No",NA,"No",NA,NA,NA,NA
"Q508","Q","Park",NA,NA,"Queens Sector 14","District 14",0,1.23,NA,0,NA,NA,NA,0,NA,NA,NA,1,NA,NA,NA,"No",NA,NA,NA,NA,NA,NA
"Q522","Q","Park",NA,NA,"Queens Sector 10.12","Districts 10, 12",0,0.96,NA,NA,NA,NA,NA,NA,NA,NA,NA,NA,NA,NA,NA,NA,NA,NA,NA,NA,NA,NA
"Q523","Q","Park",NA,NA,"Queens Sector 14","District 14",0,0.24,NA,NA,NA,NA,NA,NA,NA,NA,NA,NA,NA,NA,NA,NA,NA,NA,NA,NA,NA,NA
"R168","R","Park",NA,NA,"Staten Island Sector 3","District 3",0,0.05,1,2,1,2,26,47,19,40,2.1,3.2,1.7,2.6,"No","No","No","No",NA,NA,NA,NA
"R044","R","Park",NA,NA,"Staten Island Sector 1","District 1",0,2.36,NA,NA,NA,NA,NA,NA,NA,NA,NA,NA,NA,NA,NA,NA,NA,NA,NA,NA,NA,NA
"R038B","R","Park","Small Park","Natural Areas","Staten Island Sector 2.2B","Districts 2, 2B",0,5.77,31,24,17,19,591,470,333,385,5.1,5,5.4,5.3,"Yes","Yes","Yes","Yes",NA,NA,NA,NA
"R075E","R","Park","Small Park",NA,"Staten Island Sector 1","District 1",0,0.11,NA,NA,NA,NA,NA,NA,NA,NA,NA,NA,NA,NA,NA,NA,NA,NA,NA,NA,NA,NA
"R075F","R","Park","Other",NA,"Staten Island Sector 2.2B","Districts 2, 2B",0,0.07,NA,NA,NA,NA,NA,NA,NA,NA,NA,NA,NA,NA,NA,NA,NA,NA,NA,NA,NA,NA
"R102","R","Park","Small Park",NA,"Staten Island Sector 3","District 3",0,0.01,NA,NA,NA,NA,NA,NA,NA,NA,NA,NA,NA,NA,NA,NA,NA,NA,NA,NA,NA,NA
"R103","R","Park","Small Park",NA,"Staten Island Sector 3","District 3",0,0.01,NA,NA,NA,NA,NA,NA,NA,NA,NA,NA,NA,NA,NA,NA,NA,NA,NA,NA,NA,NA
"R096","R","Park","Small Park",NA,"Staten Island Sector 3","District 3",0,0.18,0,1,1,1,9,24,19,20,2,3.6,2.8,2.9,"No","No","No","No",NA,NA,NA,NA
"R098","R","Park","Small Park",NA,"Staten Island Sector 3","District 3",0,5.85,0,1,1,1,10,21,19,17,2.2,3.7,2.8,2.5,"No","No","No","No",NA,NA,NA,NA
"R094","R","Park","Small Park",NA,"Staten Island Sector 3","District 3",0,1.18,1,1,1,1,11,28,22,22,2,3.6,2.8,2.9,"No","No","No","No",NA,NA,NA,NA
"X148C","X","Park","Other",NA,"Bronx Sector 4.5","Districts 4, 5",0,0.03,NA,NA,NA,NA,NA,NA,NA,NA,NA,NA,NA,NA,NA,NA,NA,NA,22,15,10,20
"X148A4","X","Park","Other",NA,"Bronx Sector 4.5","Districts 4, 5",0,0.17,NA,NA,NA,NA,NA,NA,NA,NA,NA,NA,NA,NA,NA,NA,NA,NA,NA,NA,NA,NA
"X148B","X","Park","Other",NA,"Bronx Sector 4.5","Districts 4, 5",0,0.15,NA,NA,NA,NA,NA,NA,NA,NA,NA,NA,NA,NA,NA,NA,NA,NA,NA,NA,NA,NA
"X148B1","X","Park","Other",NA,"Bronx Sector 4.5","Districts 4, 5",0,0.03,NA,NA,NA,NA,NA,NA,NA,NA,NA,NA,NA,NA,NA,NA,NA,NA,22,15,15,10
"X148A","X","Park","Other",NA,"Bronx Sector 4.5","Districts 4, 5",0,0.29,NA,NA,NA,NA,NA,NA,NA,NA,NA,NA,NA,NA,NA,NA,NA,NA,NA,NA,NA,NA
"X148A1","X","Park","Small Park","Athletic Facilities","Bronx Sector 4.5","Districts 4, 5",0,0.03,0,NA,NA,NA,9,NA,NA,NA,1,NA,NA,NA,"No",NA,NA,NA,NA,NA,NA,NA
"X301","X","Park","Other",NA,"Bronx Sector 9.10","Districts 9, 10",0,1.13,NA,NA,NA,NA,NA,NA,NA,NA,NA,NA,NA,NA,NA,NA,NA,NA,NA,NA,NA,NA
"X368","X","Park",NA,NA,"Bronx Sector 1.2","Districts 1, 2",0,2.25,NA,NA,NA,NA,NA,NA,NA,NA,NA,NA,NA,NA,NA,NA,NA,NA,NA,NA,NA,NA
"X371","X","Park",NA,NA,"Bronx Sector 13","District 13",0,3.88,NA,NA,NA,NA,NA,NA,NA,NA,NA,NA,NA,NA,NA,NA,NA,NA,NA,NA,NA,NA
"X150K","X","Park","Small Park",NA,"Bronx Sector 7.8","Districts 7, 8",0,0.09,3,NA,NA,NA,61,NA,NA,NA,1,NA,NA,NA,"No",NA,NA,NA,NA,NA,NA,NA
"X148J","X","Park","Other",NA,"Bronx Sector 3.6","Districts 3, 6",0,0.08,NA,NA,NA,NA,NA,NA,NA,NA,NA,NA,NA,NA,NA,NA,NA,NA,NA,NA,NA,NA
"X148E1","X","Park","Other",NA,"Bronx Sector 4.5","Districts 4, 5",0,0.03,NA,NA,NA,NA,NA,NA,NA,NA,NA,NA,NA,NA,NA,NA,NA,NA,NA,NA,NA,NA
"X148F1","X","Park","Other",NA,"Bronx Sector 3.6","Districts 3, 6",0,0.9,2,2,1,4,40,41,19,78,2,2,1.4,1,"No","No","No","No",0,0,135,0
"X148F2","X","Park","Small Park",NA,"Bronx Sector 3.6","Districts 3, 6",0,0.51,NA,NA,NA,NA,NA,NA,NA,NA,NA,NA,NA,NA,NA,NA,NA,NA,0,0,20,0
"X148F3","X","Park","Small Park",NA,"Bronx Sector 3.6","Districts 3, 6",0,0.59,NA,NA,NA,1,NA,NA,NA,11,NA,NA,NA,1,NA,NA,NA,"No",NA,NA,NA,NA
"X148F4","X","Park","Small Park",NA,"Bronx Sector 3.6","Districts 3, 6",0,0.76,NA,NA,NA,NA,NA,NA,NA,NA,NA,NA,NA,NA,NA,NA,NA,NA,NA,NA,NA,NA
"X148F5","X","Park","Small Park",NA,"Bronx Sector 4.5","Districts 4, 5",0,0.02,NA,NA,NA,NA,NA,NA,NA,NA,NA,NA,NA,NA,NA,NA,NA,NA,12,15,12,27
"X148G","X","Park","Other",NA,"Bronx Sector 3.6","Districts 3, 6",0,0.04,NA,NA,NA,NA,NA,NA,NA,NA,NA,NA,NA,NA,NA,NA,NA,NA,NA,NA,NA,NA
"X148G1","X","Park","Other",NA,"Bronx Sector 3.6","Districts 3, 6",0,0.03,NA,NA,NA,NA,NA,NA,NA,NA,NA,NA,NA,NA,NA,NA,NA,NA,NA,NA,NA,NA
"X148G2","X","Park","Other",NA,"Bronx Sector 3.6","Districts 3, 6",0,0.05,NA,NA,NA,NA,NA,NA,NA,NA,NA,NA,NA,NA,NA,NA,NA,NA,NA,NA,NA,NA
"X148H3","X","Park","Other",NA,"Bronx Sector 3.6","Districts 3, 6",0,0.02,NA,NA,NA,NA,NA,NA,NA,NA,NA,NA,NA,NA,NA,NA,NA,NA,NA,NA,NA,NA
"X148I","X","Park","Other",NA,"Bronx Sector 3.6","Districts 3, 6",0,0.03,NA,NA,NA,NA,NA,NA,NA,NA,NA,NA,NA,NA,NA,NA,NA,NA,NA,NA,NA,NA
"X148I2","X","Park","Other",NA,"Bronx Sector 3.6","Districts 3, 6",0,0.02,NA,NA,NA,NA,NA,NA,NA,NA,NA,NA,NA,NA,NA,NA,NA,NA,NA,NA,NA,NA
"X225","X","Park","Small Park",NA,"Bronx Sector 4.5","Districts 4, 5",0,0.02,NA,NA,NA,NA,NA,NA,NA,NA,NA,NA,NA,NA,NA,NA,NA,NA,22,17,15,10
"X226","X","Park","Other",NA,"Bronx Sector 4.5","Districts 4, 5",0,0.01,NA,NA,NA,NA,NA,NA,NA,NA,NA,NA,NA,NA,NA,NA,NA,NA,NA,NA,NA,NA
"X191D","X","Park","Small Park",NA,"Bronx Sector 9.10","Districts 9, 10",0,0.01,NA,NA,NA,NA,NA,NA,NA,NA,NA,NA,NA,NA,NA,NA,NA,NA,NA,NA,NA,NA
"X195B","X","Park","Small Park",NA,"Bronx Sector 9.10","Districts 9, 10",0,0.1,NA,NA,NA,1,NA,NA,NA,22,NA,NA,NA,1,NA,NA,NA,"No",NA,NA,NA,NA
"X195C","X","Park",NA,NA,"Bronx Sector 4.5","Districts 4, 5",0,0.01,NA,NA,NA,NA,NA,NA,NA,NA,NA,NA,NA,NA,NA,NA,NA,NA,NA,NA,NA,NA
"X195D","X","Park",NA,NA,"Bronx Sector 9.10","Districts 9, 10",0,0.01,2,NA,NA,NA,34,NA,NA,NA,1,NA,NA,NA,"No",NA,NA,NA,NA,NA,NA,NA
"X195E","X","Park",NA,NA,"Bronx Sector 9.10","Districts 9, 10",0,0.04,NA,NA,NA,NA,NA,NA,NA,NA,NA,NA,NA,NA,NA,NA,NA,NA,NA,NA,NA,NA
"X195F","X","Park",NA,NA,"Bronx Sector 9.10","Districts 9, 10",0,0.03,NA,NA,NA,NA,NA,NA,NA,NA,NA,NA,NA,NA,NA,NA,NA,NA,NA,NA,NA,NA
"M060A","M","Park Avenue Malls","Small Park",NA,"Manhattan Sector 4.5","Districts 4, 5",0,0.23,NA,2,3,3,NA,36,52,68,NA,1.6,2.1,2.3,NA,"No","No","No",NA,NA,NA,NA
"M060B","M","Park Avenue Malls","Small Park",NA,"Manhattan Sector 6.8.15","Districts 6, 8, 15",0,0.65,6,9,9,7,118,188,189,154,3.3,4.4,4.9,4.2,"No","No","No","No",0,0,486,0
"Q360P","Q","Park Slope","Small Park",NA,"Queens Sector 5.6","Districts 5, 6",0,0.01,NA,NA,NA,NA,NA,NA,NA,NA,NA,NA,NA,NA,NA,NA,NA,NA,NA,NA,NA,NA
"M297","M","Parks Council Success Garden","Small Park",NA,"Manhattan Sector 10.11","Districts 10, 11",0,0.25,NA,NA,NA,NA,NA,NA,NA,NA,NA,NA,NA,NA,NA,NA,NA,NA,NA,NA,NA,NA
"B573","B","Patchen Community Square Garden",NA,NA,"Brooklyn Sector 3.4","Districts 3, 4",0,0.1,NA,NA,NA,NA,NA,NA,NA,NA,NA,NA,NA,NA,NA,NA,NA,NA,NA,NA,NA,NA
"B500","B","Patrick Van Doren Pocket Park","Small Park",NA,"Brooklyn Sector 3.4","Districts 3, 4",0,0.04,NA,NA,NA,NA,NA,NA,NA,NA,NA,NA,NA,NA,NA,NA,NA,NA,NA,NA,NA,NA
"M367","M","Peaceful Valley Garden","Small Park",NA,"Manhattan Sector 10.11","Districts 10, 11",0,0.05,NA,NA,NA,NA,NA,NA,NA,NA,NA,NA,NA,NA,NA,NA,NA,NA,0,52,0,0
"M350","M","Peachtree Garden","Small Park",NA,"Manhattan Sector 3","District 3",0,0.12,NA,NA,NA,NA,NA,NA,NA,NA,NA,NA,NA,NA,NA,NA,NA,NA,0,52,0,39
"M167","M","Peck Slip","Other",NA,"Manhattan Sector 1.2","Districts 1, 2",0,0.19,150,135,95,173,3183,2934,2146,3732,6.1,6.3,6.9,6.3,"Yes","Yes","Yes","Yes",18,0,4,86
"B517","B","Phoenix Community Garden","Small Park",NA,"Brooklyn Sector 5.16","Districts 5, 16",0,0.48,NA,NA,NA,NA,NA,NA,NA,NA,NA,NA,NA,NA,NA,NA,NA,NA,NA,NA,NA,NA
"M290","M","Pier 107 CVII","Small Park",NA,"Manhattan Sector 6.8.15","Districts 6, 8, 15",0,0.36,NA,NA,NA,4,NA,NA,NA,89,NA,NA,NA,1,NA,NA,NA,"No",NA,NA,NA,NA
"M369","M","Pier 42","Other","Athletic Facilities","Manhattan Sector 3","District 3",0,7.78,12,8,3,6,295,173,69,124,4,2.3,1.2,1.7,"Yes","Yes","No","Yes",38,0,0,111
"B560","B","Pirate's Cove Garden",NA,NA,"Brooklyn Sector 6.7","Districts 6, 7",0,0.03,NA,NA,NA,NA,NA,NA,NA,NA,NA,NA,NA,NA,NA,NA,NA,NA,NA,NA,NA,NA
"M411","M","Plaza",NA,NA,"Manhattan Sector 1.2","Districts 1, 2",0,0.26,NA,NA,NA,NA,NA,NA,NA,NA,NA,NA,NA,NA,NA,NA,NA,NA,NA,NA,NA,NA
"M375","M","Pleasant Park Garden","Small Park",NA,"Manhattan Sector 10.11","Districts 10, 11",0,0.12,NA,NA,NA,NA,NA,NA,NA,NA,NA,NA,NA,NA,NA,NA,NA,NA,NA,NA,NA,NA
"M299","M","Pleasant Village Community Garden","Small Park",NA,"Manhattan Sector 10.11","Districts 10, 11",0,0.38,NA,NA,NA,NA,NA,NA,NA,NA,NA,NA,NA,NA,NA,NA,NA,NA,NA,NA,NA,NA
"B504","B","Ponderosa Garden","Small Park",NA,"Brooklyn Sector 17.18","Districts 17, 18",0,0.19,NA,NA,NA,NA,NA,NA,NA,NA,NA,NA,NA,NA,NA,NA,NA,NA,NA,NA,NA,NA
"B564","B","Positive Seeds of Life Garden",NA,NA,"Brooklyn Sector 5.16","Districts 5, 16",0,0.11,NA,NA,NA,NA,NA,NA,NA,NA,NA,NA,NA,NA,NA,NA,NA,NA,NA,NA,NA,NA
"B516","B","Powell Street Livonia Garden","Small Park",NA,"Brooklyn Sector 5.16","Districts 5, 16",0,0.46,NA,NA,NA,NA,NA,NA,NA,NA,NA,NA,NA,NA,NA,NA,NA,NA,NA,NA,NA,NA
"R122","R","Pralls Island","Large Park","Natural Areas","Staten Island Sector 2.2B","Districts 2, 2B",0,107.51,NA,NA,NA,NA,NA,NA,NA,NA,NA,NA,NA,NA,NA,NA,NA,NA,NA,NA,NA,NA
"B487","B","Preston Community Garden","Small Park",NA,"Brooklyn Sector 5.16","Districts 5, 16",0,0.06,NA,NA,NA,NA,NA,NA,NA,NA,NA,NA,NA,NA,NA,NA,NA,NA,NA,NA,NA,NA
"Q475","Q","Project Eden","Small Park",NA,"Queens Sector 5.6","Districts 5, 6",0,0.11,NA,NA,NA,NA,NA,NA,NA,NA,NA,NA,NA,NA,NA,NA,NA,NA,NA,NA,NA,NA
"B423","B","Project Roots","Small Park",NA,"Brooklyn Sector 1","District 1",0,0.17,NA,NA,NA,NA,NA,NA,NA,NA,NA,NA,NA,NA,NA,NA,NA,NA,0,116,0,77
"B506","B","Prophecy Garden","Small Park",NA,"Brooklyn Sector 5.16","Districts 5, 16",0,0.09,NA,NA,NA,NA,NA,NA,NA,NA,NA,NA,NA,NA,NA,NA,NA,NA,NA,NA,NA,NA
"Q482","Q","Prospect Cemetery","Other",NA,"Queens Sector 10.12","Districts 10, 12",0,3.5,NA,NA,NA,NA,NA,NA,NA,NA,NA,NA,NA,NA,NA,NA,NA,NA,0,155,0,445
"B442","B","Ps 149 Artsy Bloom Community Garden",NA,NA,"Brooklyn Sector 5.16","Districts 5, 16",0,0.06,NA,NA,NA,NA,NA,NA,NA,NA,NA,NA,NA,NA,NA,NA,NA,NA,NA,NA,NA,NA
"B417","B","PS 4K PARADISE GARDEN","Small Park",NA,"Brooklyn Sector 5.16","Districts 5, 16",0,0.3,NA,NA,NA,NA,NA,NA,NA,NA,NA,NA,NA,NA,NA,NA,NA,NA,0,187,0,116
"B485","B","Ps 53","Small Park",NA,"Brooklyn Sector 5.16","Districts 5, 16",0,0.06,NA,NA,NA,NA,NA,NA,NA,NA,NA,NA,NA,NA,NA,NA,NA,NA,NA,NA,NA,NA
"M384","M","Pueblo Unido Garden",NA,NA,"Manhattan Sector 10.11","Districts 10, 11",0,0.05,NA,NA,NA,NA,NA,NA,NA,NA,NA,NA,NA,NA,NA,NA,NA,NA,NA,NA,NA,NA
"X317","X","Rainbow Garden","Small Park",NA,"Bronx Sector 3.6","Districts 3, 6",0,0.17,NA,NA,NA,NA,NA,NA,NA,NA,NA,NA,NA,NA,NA,NA,NA,NA,NA,NA,NA,NA
"X357","X","Rainbow Garden of Life and Health",NA,NA,"Bronx Sector 1.2","Districts 1, 2",0,0.25,NA,NA,NA,NA,NA,NA,NA,NA,NA,NA,NA,NA,NA,NA,NA,NA,NA,NA,NA,NA
"M413","M","Rapkin-Gayle Plaza",NA,NA,"Manhattan Sector 1.2","Districts 1, 2",0,0.29,12,8,5,2,237,165,115,46,3.5,3.3,4.4,1.8,"Yes","Yes","No","No",58,30,0,91
"B488","B","Red Gate Garden","Small Park",NA,"Brooklyn Sector 3.4","Districts 3, 4",0,0.1,NA,NA,NA,NA,NA,NA,NA,NA,NA,NA,NA,NA,NA,NA,NA,NA,NA,NA,NA,NA
"B489","B","Red Shed Garden","Small Park",NA,"Brooklyn Sector 1","District 1",0,0.12,NA,NA,NA,NA,NA,NA,NA,NA,NA,NA,NA,NA,NA,NA,NA,NA,NA,NA,NA,NA
"M316","M","Rev. Linette C Williamson Memorial Park","Small Park",NA,"Manhattan Sector 10.11","Districts 10, 11",0,0.05,NA,NA,NA,NA,NA,NA,NA,NA,NA,NA,NA,NA,NA,NA,NA,NA,NA,NA,NA,NA
"R154","R","Richmond Terrace Cemetery","Other",NA,"Staten Island Sector 1","District 1",0,0.12,NA,NA,NA,NA,NA,NA,NA,NA,NA,NA,NA,NA,NA,NA,NA,NA,NA,NA,NA,NA
"R167","R","Richmond Terrace Park",NA,"Natural Areas","Staten Island Sector 1","District 1",0,11.19,5,5,5,7,110,99,95,143,5,5.5,5.6,5.3,"No","No","No","No",0,0,910,163
"R134","R","Richmond Terrace Storehouse","Other",NA,"Staten Island Sector 1","District 1",0,0.96,NA,NA,NA,NA,NA,NA,NA,NA,NA,NA,NA,NA,NA,NA,NA,NA,NA,NA,NA,NA
"X335","X","Risse Street Park","Small Park",NA,"Bronx Sector 7.8","Districts 7, 8",0,0.81,5,7,5,5,115,146,108,120,5.1,5.4,4.4,4.9,"No","No","No","No",0,840,52,117
"X245","X","River Garden","Small Park",NA,"Bronx Sector 3.6","Districts 3, 6",0,0.44,NA,NA,NA,NA,NA,NA,NA,NA,NA,NA,NA,NA,NA,NA,NA,NA,NA,NA,NA,NA
"Q162I","Q","Rockaway Beach and Boardwalk","Other","Beaches","Queens Sector 14","District 14",0,3.81,6,5,NA,4,124,102,NA,81,4.6,1.7,NA,3.9,"No","No",NA,"No",57,0,200,0
"Q455","Q","Rockaway Garage","Other",NA,"Queens Sector 14","District 14",0,1.29,NA,3,0,1,NA,57,4,14,NA,1.7,1,1.5,NA,"No","No","No",1553,56,0,4
"M073","M","Roger Morris Park","Other",NA,"Manhattan Sector 12.12A","Districts 12, 12A",0,1.52,4,3,1,1,78,53,17,28,3.4,2.4,1,1,"No","No","No","No",3697,4172,7992,1055
"M410","M","Sage Garden",NA,NA,"Manhattan Sector 3","District 3",0,0.05,NA,NA,NA,NA,NA,NA,NA,NA,NA,NA,NA,NA,NA,NA,NA,NA,NA,NA,NA,NA
"M370","M","Sam and Sadie Koenig Garden","Small Park",NA,"Manhattan Sector 3","District 3",0,0.03,NA,NA,NA,NA,NA,NA,NA,NA,NA,NA,NA,NA,NA,NA,NA,NA,NA,NA,NA,NA
"B490","B","Santos White Garden","Small Park",NA,"Brooklyn Sector 13","District 13",0,0.14,NA,NA,NA,NA,NA,NA,NA,NA,NA,NA,NA,NA,NA,NA,NA,NA,NA,NA,NA,NA
"B578","B","Saratoga Blake Garden",NA,NA,"Brooklyn Sector 5.16","Districts 5, 16",0,0.1,NA,NA,NA,NA,NA,NA,NA,NA,NA,NA,NA,NA,NA,NA,NA,NA,NA,NA,NA,NA
"B561","B","Saratoga Farm",NA,NA,"Brooklyn Sector 5.16","Districts 5, 16",0,0.18,NA,0,NA,NA,NA,7,NA,NA,NA,1,NA,NA,NA,"No",NA,NA,NA,NA,NA,NA
"R130","R","Saw Mill Creek Marsh","Large Park","Natural Areas","Staten Island Sector 2.2B","Districts 2, 2B",0,181.92,1,1,1,1,21,16,20,22,2.2,1.9,3.5,3.6,"No","No","No","No",NA,NA,NA,NA
"X332","X","Schomberg Academy Garden","Small Park",NA,"Bronx Sector 1.2","Districts 1, 2",0,0.03,NA,NA,NA,NA,NA,NA,NA,NA,NA,NA,NA,NA,NA,NA,NA,NA,0,0,0,50
"Q469","Q","Seagirt Ave Wetlands","Small Park","Natural Areas","Queens Sector 14","District 14",0,5.32,1,1,1,1,24,29,26,12,1,1.4,1.7,1.1,"No","No","No","No",NA,NA,NA,NA
"B530","B","Seasons of Vision","Small Park",NA,"Brooklyn Sector 3.4","Districts 3, 4",0,0.08,NA,NA,NA,NA,NA,NA,NA,NA,NA,NA,NA,NA,NA,NA,NA,NA,NA,NA,NA,NA
"B094","B","Sgt. Joyce Kilmer Square","Small Park",NA,"Brooklyn Sector 11.15","Districts 11, 15",0,0,3,2,2,2,65,41,42,35,3.5,2.6,3.3,2.8,"No","No","No","No",NA,NA,NA,NA
"B476","B","Sh'ma Yisrael","Small Park",NA,"Brooklyn Sector 5.16","Districts 5, 16",0,0.15,NA,NA,NA,NA,NA,NA,NA,NA,NA,NA,NA,NA,NA,NA,NA,NA,NA,NA,NA,NA
"B393","B","Sheepshead Bay Piers","Small Park",NA,"Brooklyn Sector 11.15","Districts 11, 15",0,1.22,1,20,20,15,24,539,549,436,1.7,4.6,4.6,3.6,"No","Yes","Yes","Yes",0,903,8,555
"B491","B","Shield Of Faith","Small Park",NA,"Brooklyn Sector 5.16","Districts 5, 16",0,0.17,NA,NA,NA,NA,NA,NA,NA,NA,NA,NA,NA,NA,NA,NA,NA,NA,NA,NA,NA,NA
"B502","B","Shiloh Garden","Small Park",NA,"Brooklyn Sector 3.4","Districts 3, 4",0,0.07,NA,NA,NA,NA,NA,NA,NA,NA,NA,NA,NA,NA,NA,NA,NA,NA,NA,NA,NA,NA
"R128","R","Shooters Island","Large Park","Natural Areas","Staten Island Sector 1","District 1",0,34.69,NA,NA,NA,NA,NA,NA,NA,NA,NA,NA,NA,NA,NA,NA,NA,NA,NA,NA,NA,NA
"M408","M","Siempre Verde Garden",NA,NA,"Manhattan Sector 3","District 3",0,0.06,NA,NA,NA,NA,NA,NA,NA,NA,NA,NA,NA,NA,NA,NA,NA,NA,NA,NA,NA,NA
"R157","R","Sleight Family Graveyard","Other",NA,"Staten Island Sector 3","District 3",0,0.23,NA,NA,NA,NA,NA,NA,NA,NA,NA,NA,NA,NA,NA,NA,NA,NA,NA,NA,NA,NA
"R173","R","Snug Harbor Cemetery",NA,"Natural Areas","Staten Island Sector 1","District 1",0,6.49,NA,NA,NA,NA,NA,NA,NA,NA,NA,NA,NA,NA,NA,NA,NA,NA,NA,NA,NA,NA
"R116","R","Snug Harbor Cultural Center","Large Park","Athletic Facilities,Natural Areas","Staten Island Sector 1","District 1",0,83.3,11,8,8,13,228,155,173,266,3.9,3.8,4.2,4.4,"No","No","No","No",20,0,389,0
"Q446","Q","Sorrentino Recreation Center",NA,NA,"Queens Sector 14","District 14",0,0.23,39,14,1,0,788,307,28,9,2.3,2.5,1.5,1,"Yes","No","No","No",0,173,0,0
"R147","R","South Beach Wetlands","Large Park","Natural Areas","Staten Island Sector 2.2B","Districts 2, 2B",0,5.19,NA,NA,NA,NA,NA,NA,NA,NA,NA,NA,NA,NA,NA,NA,NA,NA,NA,NA,NA,NA
"B559","B","South Brooklyn Children's Garden",NA,NA,"Brooklyn Sector 6.7","Districts 6, 7",0,0.08,NA,NA,NA,NA,NA,NA,NA,NA,NA,NA,NA,NA,NA,NA,NA,NA,NA,NA,NA,NA
"X309","X","South Brother Island","Large Park","Natural Areas","Bronx Sector 1.2","Districts 1, 2",0,21.11,NA,NA,NA,NA,NA,NA,NA,NA,NA,NA,NA,NA,NA,NA,NA,NA,NA,NA,NA,NA
"R155","R","South Clove Road Cemetery","Other",NA,"Staten Island Sector 2.2B","Districts 2, 2B",0,0.3,0,0,0,0,4,5,5,6,1,1.2,1.4,1.1,"No","No","No","No",NA,NA,NA,NA
"R104","R","South Shore Country Club","Large Park","Natural Areas","Staten Island Sector 3","District 3",0,173.99,NA,6,1,NA,NA,142,29,NA,NA,1.8,1.5,NA,NA,"No","No",NA,NA,NA,NA,NA
"Q481","Q","Southside Burial Ground","Other",NA,"Queens Sector 10.12","Districts 10, 12",0,0.23,1,13,0,0,22,245,2,9,1.1,4.8,2,1.5,"No","Yes","No","No",0,0,0,45
"Q473","Q","Sparrow's Nest Community Garden","Small Park",NA,"Queens Sector 3.4","Districts 3, 4",0,0.21,NA,NA,NA,NA,NA,NA,NA,NA,NA,NA,NA,NA,NA,NA,NA,NA,0,77,103,0
"B519","B","Spencer St Block Association","Small Park",NA,"Brooklyn Sector 3.4","Districts 3, 4",0,0.04,NA,NA,NA,NA,NA,NA,NA,NA,NA,NA,NA,NA,NA,NA,NA,NA,NA,NA,NA,NA
"R075D","R","Sports Park","Other",NA,"Staten Island Sector 2.2B","Districts 2, 2B",0,4.65,NA,NA,NA,NA,NA,NA,NA,NA,NA,NA,NA,NA,NA,NA,NA,NA,NA,NA,NA,NA
"B165","B","Spring Creek Park","Large Park","Natural Areas","Brooklyn Sector 5.16","Districts 5, 16",0,54.96,1,1,NA,NA,13,31,NA,NA,1,1,NA,NA,"No","No",NA,NA,0,0,2578,0
"B165A","B","Spring Creek Park","Other","Natural Areas","Brooklyn Sector 17.18","Districts 17, 18",0,2.2,NA,NA,NA,NA,NA,NA,NA,NA,NA,NA,NA,NA,NA,NA,NA,NA,NA,NA,NA,NA
"Q165","Q","Spring Creek Park Addition","Large Park","Natural Areas","Queens Sector 10.12","Districts 10, 12",0,50.44,1,0,NA,NA,11,8,NA,NA,1.9,1.7,NA,NA,"No","No",NA,NA,NA,NA,NA,NA
"B223F","B","Squibb Park","Small Park","Comfort Stations","Brooklyn Sector 2","District 2",0,0.63,NA,NA,NA,3,NA,NA,NA,57,NA,NA,NA,1,NA,NA,NA,"Yes",0,0,0,49
"B492","B","St John Cantius Parish","Small Park",NA,"Brooklyn Sector 5.16","Districts 5, 16",0,0.18,NA,NA,NA,NA,NA,NA,NA,NA,NA,NA,NA,NA,NA,NA,NA,NA,NA,NA,NA,NA
"B501","B","St Mark's Block Association","Small Park",NA,"Brooklyn Sector 5.16","Districts 5, 16",0,0.21,NA,NA,NA,NA,NA,NA,NA,NA,NA,NA,NA,NA,NA,NA,NA,NA,NA,NA,NA,NA
"B425","B","St Nicholas-olive St Garden","Small Park",NA,"Brooklyn Sector 1","District 1",0,0.09,NA,NA,NA,NA,NA,NA,NA,NA,NA,NA,NA,NA,NA,NA,NA,NA,NA,NA,NA,NA
"B426","B","St Nicholas-powers St Garden","Small Park",NA,"Brooklyn Sector 1","District 1",0,0.12,NA,NA,NA,NA,NA,NA,NA,NA,NA,NA,NA,NA,NA,NA,NA,NA,NA,NA,NA,NA
"X345","X","St. Ann's Block Association Garden","Small Park",NA,"Bronx Sector 1.2","Districts 1, 2",0,0.03,NA,NA,NA,NA,NA,NA,NA,NA,NA,NA,NA,NA,NA,NA,NA,NA,NA,NA,NA,NA
"R077","R","St. George Park","Small Park",NA,"Staten Island Sector 1","District 1",0,0.09,0,1,0,0,6,14,4,5,1.4,1.6,1,1.9,"No","No","No","No",NA,NA,NA,NA
"X277","X","St. Luke's Park","Small Park",NA,"Bronx Sector 1.2","Districts 1, 2",0,0.4,NA,NA,0,NA,NA,NA,10,NA,NA,NA,1,NA,NA,NA,"No",NA,NA,NA,NA,NA
"M389","M","St. Mark's Garden",NA,NA,"Manhattan Sector 7.9","Districts 7, 9",0,0.1,NA,NA,NA,NA,NA,NA,NA,NA,NA,NA,NA,NA,NA,NA,NA,NA,NA,NA,NA,NA
"M394","M","St. Nicholas Miracle Garden",NA,NA,"Manhattan Sector 10.11","Districts 10, 11",0,0.04,NA,NA,NA,NA,NA,NA,NA,NA,NA,NA,NA,NA,NA,NA,NA,NA,NA,NA,NA,NA
"B503","B","Stars Of Hope","Small Park",NA,"Brooklyn Sector 3.4","Districts 3, 4",0,0.03,NA,NA,NA,NA,NA,NA,NA,NA,NA,NA,NA,NA,NA,NA,NA,NA,NA,NA,NA,NA
"R143","R","Staten Island Industrial Park","Large Park","Natural Areas","Staten Island Sector 2.2B","Districts 2, 2B",0,210.93,3,3,3,3,65,56,57,63,2.9,3.2,4,3.4,"No","No","No","No",NA,NA,NA,NA
"B505","B","Sterling Community Group","Small Park",NA,"Brooklyn Sector 5.16","Districts 5, 16",0,0.12,3,NA,NA,NA,52,NA,NA,NA,1,NA,NA,NA,"No",NA,NA,NA,NA,NA,NA,NA
"B563","B","Student Farm Project",NA,NA,"Brooklyn Sector 5.16","Districts 5, 16",0,0.17,NA,8,NA,NA,NA,169,NA,NA,NA,1,NA,NA,NA,"No",NA,NA,NA,NA,NA,NA
"B383","B","Success Garden","Small Park",NA,"Brooklyn Sector 5.16","Districts 5, 16",0,0.92,6,6,5,9,129,135,115,185,3.2,3.2,3.6,3.9,"No","No","No","No",135,190,12,425
"M319A","M","Sugar Hill Garden","Small Park",NA,"Manhattan Sector 7.9","Districts 7, 9",0,0.07,NA,1,NA,NA,NA,24,NA,NA,NA,1,NA,NA,NA,"No",NA,NA,NA,NA,NA,NA
"M420","M","Sugar Hill Hope Garden",NA,NA,"Manhattan Sector 7.9","Districts 7, 9",0,0.35,NA,NA,NA,NA,NA,NA,NA,NA,NA,NA,NA,NA,NA,NA,NA,NA,NA,NA,NA,NA
"B411","B","Summit Street Community Garden","Small Park",NA,"Brooklyn Sector 6.7","Districts 6, 7",0,0.1,NA,NA,NA,0,NA,NA,NA,4,NA,NA,NA,1,NA,NA,NA,"No",NA,NA,NA,NA
"B525","B","Sumpter Community Garden",NA,NA,"Brooklyn Sector 3.4","Districts 3, 4",0,0.06,NA,NA,NA,NA,NA,NA,NA,NA,NA,NA,NA,NA,NA,NA,NA,NA,NA,NA,NA,NA
"Q498","Q","Sunset Cove Park",NA,"Natural Areas,Trails","Queens Sector 14","District 14",0,9.38,NA,NA,NA,NA,NA,NA,NA,NA,NA,NA,NA,NA,NA,NA,NA,NA,153,16,28,0
"B427","B","Sunshine Community Garden","Small Park",NA,"Brooklyn Sector 1","District 1",0,0.12,NA,NA,NA,NA,NA,NA,NA,NA,NA,NA,NA,NA,NA,NA,NA,NA,NA,NA,NA,NA
"B562","B","Surfside Multi-Cultural Garden Coalition",NA,NA,"Brooklyn Sector 13","District 13",0,0.69,NA,NA,NA,NA,NA,NA,NA,NA,NA,NA,NA,NA,NA,NA,NA,NA,0,179,0,179
"X303","X","Sweetgum Community Garden","Small Park",NA,"Bronx Sector 4.5","Districts 4, 5",0,0.06,NA,1,1,NA,NA,18,16,NA,NA,1,1,NA,NA,"No","No",NA,23,0,89,0
"X361","X","Synergi Urban Garden UCFP","Small Park",NA,"Bronx Sector 3.6","Districts 3, 6",0,0.34,NA,NA,NA,NA,NA,NA,NA,NA,NA,NA,NA,NA,NA,NA,NA,NA,NA,NA,NA,NA
"X296","X","Taqwa Community Farm","Small Park",NA,"Bronx Sector 4.5","Districts 4, 5",0,0.49,NA,NA,NA,1,NA,NA,NA,15,NA,NA,NA,1,NA,NA,NA,"No",NA,NA,NA,NA
"R164","R","Targee Street Triangle",NA,NA,"Staten Island Sector 1","District 1",0,0.21,NA,NA,NA,NA,NA,NA,NA,NA,NA,NA,NA,NA,NA,NA,NA,NA,NA,NA,NA,NA
"X325","X","Taylor-Soundview Block Assoc. Garden","Small Park",NA,"Bronx Sector 9.10","Districts 9, 10",0,0.13,NA,NA,NA,NA,NA,NA,NA,NA,NA,NA,NA,NA,NA,NA,NA,NA,NA,NA,NA,NA
"B445","B","Ten Eyck Houses Garden","Small Park",NA,"Brooklyn Sector 1","District 1",0,0.11,NA,NA,NA,NA,NA,NA,NA,NA,NA,NA,NA,NA,NA,NA,NA,NA,NA,NA,NA,NA
"B409","B","The Amazing Garden","Small Park",NA,"Brooklyn Sector 6.7","Districts 6, 7",0,0.1,NA,NA,NA,NA,NA,NA,NA,NA,NA,NA,NA,NA,NA,NA,NA,NA,NA,NA,NA,NA
"B410","B","The Backyard","Small Park",NA,"Brooklyn Sector 6.7","Districts 6, 7",0,0.23,NA,NA,NA,NA,NA,NA,NA,NA,NA,NA,NA,NA,NA,NA,NA,NA,NA,NA,NA,NA
"M315","M","The Creative Little Garden","Small Park",NA,"Manhattan Sector 3","District 3",0,0.06,0,NA,0,NA,4,NA,8,NA,1,NA,1,NA,"No",NA,"No",NA,NA,NA,NA,NA
"B368","B","The Cyclone","Other",NA,"Brooklyn Sector 13","District 13",0,1.17,NA,NA,NA,NA,NA,NA,NA,NA,NA,NA,NA,NA,NA,NA,NA,NA,NA,NA,NA,NA
"B546","B","The Feeding Tree",NA,NA,"Brooklyn Sector 3.4","Districts 3, 4",0,0.04,NA,NA,NA,NA,NA,NA,NA,NA,NA,NA,NA,NA,NA,NA,NA,NA,NA,NA,NA,NA
"M276","M","The Public Theater","Other",NA,"Manhattan Sector 1.2","Districts 1, 2",0,0.72,NA,NA,NA,NA,NA,NA,NA,NA,NA,NA,NA,NA,NA,NA,NA,NA,NA,NA,NA,NA
"M332","M","The Secret Garden","Small Park",NA,"Manhattan Sector 3","District 3",0,0.05,NA,NA,NA,NA,NA,NA,NA,NA,NA,NA,NA,NA,NA,NA,NA,NA,NA,NA,NA,NA
"X050","X","Throgs Neck Park","Other",NA,"Bronx Sector 9.10","Districts 9, 10",0,0.44,NA,NA,NA,NA,NA,NA,NA,NA,NA,NA,NA,NA,NA,NA,NA,NA,NA,NA,NA,NA
"Q479","Q","Thursby Basin Park","Small Park",NA,"Queens Sector 14","District 14",0,1.66,NA,NA,1,11,NA,NA,29,231,NA,NA,1,1,NA,NA,"No","No",NA,NA,NA,NA
"X304","X","Tiffany Street Pier","Small Park",NA,"Bronx Sector 1.2","Districts 1, 2",0,4.23,NA,NA,NA,15,NA,NA,NA,309,NA,NA,NA,6,NA,NA,NA,"Yes",1236,611,56,10082
"B435","B","Tilyou Playground",NA,NA,"Brooklyn Sector 13","District 13",0,0.3,NA,NA,NA,NA,NA,NA,NA,NA,NA,NA,NA,NA,NA,NA,NA,NA,NA,NA,NA,NA
"B416","B","TLC Sculpture Park Garden","Small Park",NA,"Brooklyn Sector 5.16","Districts 5, 16",0,0.17,NA,NA,NA,NA,NA,NA,NA,NA,NA,NA,NA,NA,NA,NA,NA,NA,NA,NA,NA,NA
"M103","M","Tony Dapolito Recreation Center",NA,NA,"Manhattan Sector 1.2","Districts 1, 2",0,0.21,NA,NA,NA,NA,NA,NA,NA,NA,NA,NA,NA,NA,NA,NA,NA,NA,0,0,0,4
"R139","R","Tottenville Shore Park","Large Park","Natural Areas","Staten Island Sector 3","District 3",0,9.18,0,0,0,0,0,1,2,2,1,1,1,1,"No","No","No","No",1048,0,0,0
"X331","X","Townsend Garden","Small Park",NA,"Bronx Sector 4.5","Districts 4, 5",0,0.15,NA,NA,NA,NA,NA,NA,NA,NA,NA,NA,NA,NA,NA,NA,NA,NA,NA,NA,NA,NA
"X148C4","X","Townsend Walk","Other",NA,"Bronx Sector 4.5","Districts 4, 5",0,0.04,2,2,1,1,38,39,29,23,1.9,3,1.8,1.3,"No","No","No","No",15,23,27,43
"B576","B","Tranquility Farm (Willoughby Ave. Garden)",NA,NA,"Brooklyn Sector 3.4","Districts 3, 4",0,0.12,NA,NA,NA,NA,NA,NA,NA,NA,NA,NA,NA,NA,NA,NA,NA,NA,NA,NA,NA,NA
"Q066D","Q","Triborough Bridge Playground D","Small Park",NA,"Queens Sector 1.2","Districts 1, 2",0,0.46,13,8,11,10,256,159,214,204,6.2,5.6,5.8,5.1,"Yes","Yes","Yes","Yes",95,622,31,332
"Q066E","Q","Triborough Bridge Playground E","Small Park",NA,"Queens Sector 1.2","Districts 1, 2",0,0.46,2,5,4,7,37,96,86,140,1,3.7,2.7,4.4,"Yes","Yes","Yes","Yes",NA,NA,NA,NA
"M387","M","TRUCE Garden",NA,NA,"Manhattan Sector 10.11","Districts 10, 11",0,0.12,NA,NA,NA,NA,NA,NA,NA,NA,NA,NA,NA,NA,NA,NA,NA,NA,NA,NA,NA,NA
"Q477","Q","Two Coves Community Garden","Small Park",NA,"Queens Sector 1.2","Districts 1, 2",0,0.78,3,3,3,3,61,56,55,57,4.8,4.5,4.3,4.3,"No","No","No","No",0,193,207,42
"B420","B","Umoja Garden","Small Park",NA,"Brooklyn Sector 3.4","Districts 3, 4",0,0.21,NA,NA,NA,NA,NA,NA,NA,NA,NA,NA,NA,NA,NA,NA,NA,NA,NA,NA,NA,NA
"M380","M","United Block Association Garden",NA,NA,"Manhattan Sector 10.11","Districts 10, 11",0,0.08,NA,NA,NA,NA,NA,NA,NA,NA,NA,NA,NA,NA,NA,NA,NA,NA,NA,NA,NA,NA
"B515","B","United Community Center","Small Park",NA,"Brooklyn Sector 5.16","Districts 5, 16",0,0.53,NA,NA,NA,NA,NA,NA,NA,NA,NA,NA,NA,NA,NA,NA,NA,NA,0,66,0,89
"B527","B","United Community Centers - E New York F*","Small Park",NA,"Brooklyn Sector 5.16","Districts 5, 16",0,0.55,NA,NA,NA,NA,NA,NA,NA,NA,NA,NA,NA,NA,NA,NA,NA,NA,NA,NA,NA,NA
"B513","B","United Community Centers Youth Farm","Small Park",NA,"Brooklyn Sector 5.16","Districts 5, 16",0,0.14,NA,NA,NA,NA,NA,NA,NA,NA,NA,NA,NA,NA,NA,NA,NA,NA,NA,NA,NA,NA
"X366","X","United Gardens",NA,NA,"Bronx Sector 3.6","Districts 3, 6",0,0.04,NA,NA,NA,NA,NA,NA,NA,NA,NA,NA,NA,NA,NA,NA,NA,NA,NA,NA,NA,NA
"X277A","X","United We Stand Garden","Small Park",NA,"Bronx Sector 1.2","Districts 1, 2",0,0.34,NA,0,1,1,NA,3,20,16,NA,1,1,1,NA,"No","No","No",NA,NA,NA,NA
"M298","M","Unity Gardens","Small Park",NA,"Manhattan Sector 10.11","Districts 10, 11",0,0.13,NA,NA,NA,NA,NA,NA,NA,NA,NA,NA,NA,NA,NA,NA,NA,NA,NA,NA,NA,NA
"B493","B","Upon This Rock Comm Garden","Small Park",NA,"Brooklyn Sector 5.16","Districts 5, 16",0,0.08,NA,NA,NA,NA,NA,NA,NA,NA,NA,NA,NA,NA,NA,NA,NA,NA,NA,NA,NA,NA
"X215","X","Valentine Varian House","Other",NA,"Bronx Sector 7.8","Districts 7, 8",0,0.46,NA,1,3,2,NA,15,63,35,NA,1,2.9,1.9,NA,"No","No","No",116,0,0,0
"M343","M","Vamos Sembrar","Small Park",NA,"Manhattan Sector 3","District 3",0,0.02,NA,NA,NA,NA,NA,NA,NA,NA,NA,NA,NA,NA,NA,NA,NA,NA,NA,NA,NA,NA
"Q472","Q","Vernam Barbadoes Peninsula","Large Park","Natural Areas","Queens Sector 14","District 14",0,23.96,NA,NA,3,0,NA,NA,54,7,NA,NA,1,1,NA,NA,"No","No",48,0,0,0
"B508","B","Vernon Cases Community Garden","Small Park",NA,"Brooklyn Sector 3.4","Districts 3, 4",0,0.17,NA,NA,NA,NA,NA,NA,NA,NA,NA,NA,NA,NA,NA,NA,NA,NA,0,79,0,88
"B494","B","Vernon Tandt Block Association","Small Park",NA,"Brooklyn Sector 3.4","Districts 3, 4",0,0.15,NA,NA,1,NA,NA,NA,23,NA,NA,NA,1,NA,NA,NA,"No",NA,NA,NA,NA,NA
"B495","B","Vernon/throop Av Block Association","Small Park",NA,"Brooklyn Sector 3.4","Districts 3, 4",0,0.04,NA,NA,NA,NA,NA,NA,NA,NA,NA,NA,NA,NA,NA,NA,NA,NA,NA,NA,NA,NA
"B496","B","Victory Garden","Small Park",NA,"Brooklyn Sector 5.16","Districts 5, 16",0,0.05,NA,NA,NA,0,NA,NA,NA,6,NA,NA,NA,1,NA,NA,NA,"No",NA,NA,NA,NA
"B518","B","Victory Garden's Group","Small Park",NA,"Brooklyn Sector 3.4","Districts 3, 4",0,0.06,NA,NA,NA,NA,NA,NA,NA,NA,NA,NA,NA,NA,NA,NA,NA,NA,NA,NA,NA,NA
"M419","M","Villa Santruce",NA,NA,"Manhattan Sector 10.11","Districts 10, 11",0,0.1,NA,NA,NA,NA,NA,NA,NA,NA,NA,NA,NA,NA,NA,NA,NA,NA,NA,NA,NA,NA
"B551","B","Vinegar Hill Community Garden","Property",NA,"Brooklyn Sector 2","District 2",0,0.06,NA,NA,NA,NA,NA,NA,NA,NA,NA,NA,NA,NA,NA,NA,NA,NA,NA,NA,NA,NA
"X347","X","Vogue Garden",NA,NA,"Bronx Sector 1.2","Districts 1, 2",0,0.05,NA,NA,1,NA,NA,NA,33,NA,NA,NA,1.5,NA,NA,NA,"No",NA,NA,NA,NA,NA
"X346","X","Volky Garden & Flowers","Small Park",NA,"Bronx Sector 3.6","Districts 3, 6",0,0.11,NA,NA,NA,NA,NA,NA,NA,NA,NA,NA,NA,NA,NA,NA,NA,NA,NA,NA,NA,NA
"M306","M","W 104th Street Garden","Small Park",NA,"Manhattan Sector 7.9","Districts 7, 9",0,0.38,NA,NA,NA,NA,NA,NA,NA,NA,NA,NA,NA,NA,NA,NA,NA,NA,NA,NA,NA,NA
"M362","M","W 124th Street Community Garden","Small Park",NA,"Manhattan Sector 10.11","Districts 10, 11",0,0.05,NA,1,NA,NA,NA,18,NA,NA,NA,1,NA,NA,NA,"No",NA,NA,NA,NA,NA,NA
"M307","M","W 87th Street Garden","Small Park",NA,"Manhattan Sector 7.9","Districts 7, 9",0,0.1,NA,NA,NA,NA,NA,NA,NA,NA,NA,NA,NA,NA,NA,NA,NA,NA,302,0,0,466
"B456","B","Walt L Shemal Garden","Small Park",NA,"Brooklyn Sector 8.9","Districts 8, 9",0,0.15,NA,NA,NA,NA,NA,NA,NA,NA,NA,NA,NA,NA,NA,NA,NA,NA,NA,NA,NA,NA
"M403","M","Walter Miller III Memorial Garden (La Casa Frela)",NA,NA,"Manhattan Sector 10.11","Districts 10, 11",0,0.05,NA,NA,NA,NA,NA,NA,NA,NA,NA,NA,NA,NA,NA,NA,NA,NA,NA,NA,NA,NA
"X148D","X","Walton Slope","Small Park",NA,"Bronx Sector 4.5","Districts 4, 5",0,0.55,4,4,2,2,91,77,47,31,3.1,1.9,2.3,1.6,"No","No","No","No",80,80,33,56
"X148C6","X","Walton Walk","Other",NA,"Bronx Sector 4.5","Districts 4, 5",0,0.04,1,2,1,2,31,46,29,36,1.8,3.2,3.1,2.3,"No","No","No","No",20,23,23,77
"B581","B","Warwick Street Greenery Glow Garden",NA,NA,"Brooklyn Sector 5.16","Districts 5, 16",0,0.04,NA,NA,NA,NA,NA,NA,NA,NA,NA,NA,NA,NA,NA,NA,NA,NA,NA,NA,NA,NA
"X088A","X","Waterfront Garden","Small Park",NA,"Bronx Sector 9.10","Districts 9, 10",0,0.27,NA,NA,NA,NA,NA,NA,NA,NA,NA,NA,NA,NA,NA,NA,NA,NA,NA,NA,NA,NA
"X369","X","Watson Houses Playground",NA,NA,"Bronx Sector 9.10","Districts 9, 10",0,0.26,NA,NA,2,NA,NA,NA,53,NA,NA,NA,1,NA,NA,NA,"No",NA,0,44,0,439
"X209","X","Wave Hill","Large Park","Trails","Bronx Sector 7.8","Districts 7, 8",0,20.87,NA,NA,NA,NA,NA,NA,NA,NA,NA,NA,NA,NA,NA,NA,NA,NA,NA,NA,NA,NA
"B538","B","Welcome Home Garden",NA,NA,"Brooklyn Sector 3.4","Districts 3, 4",0,0.06,NA,NA,NA,NA,NA,NA,NA,NA,NA,NA,NA,NA,NA,NA,NA,NA,NA,NA,NA,NA
"M368","M","West 111th St. People's Garden","Small Park",NA,"Manhattan Sector 7.9","Districts 7, 9",0,0.11,NA,NA,NA,NA,NA,NA,NA,NA,NA,NA,NA,NA,NA,NA,NA,NA,0,0,4,52
"B598","B","West 23rd St. Garden",NA,NA,"Brooklyn Sector 13","District 13",0,1.31,NA,NA,NA,NA,NA,NA,NA,NA,NA,NA,NA,NA,NA,NA,NA,NA,NA,NA,NA,NA
"X311","X","West Farms Soldiers Cemetery","Other",NA,"Bronx Sector 3.6","Districts 3, 6",0,0.68,NA,0,NA,NA,NA,8,NA,NA,NA,1,NA,NA,NA,"No",NA,NA,NA,NA,NA,NA
"B549","B","Whole Neighborhood Garden",NA,NA,"Brooklyn Sector 3.4","Districts 3, 4",0,0.09,NA,NA,NA,NA,NA,NA,NA,NA,NA,NA,NA,NA,NA,NA,NA,NA,NA,NA,NA,NA
"M328","M","William B. Washington Memorial Garden","Small Park",NA,"Manhattan Sector 10.11","Districts 10, 11",0,0.08,NA,NA,NA,NA,NA,NA,NA,NA,NA,NA,NA,NA,NA,NA,NA,NA,NA,NA,NA,NA
"Q121A","Q","William Simmons Community Garden Club","Small Park",NA,"Queens Sector 10.12","Districts 10, 12",0,0.6,NA,NA,NA,NA,NA,NA,NA,NA,NA,NA,NA,NA,NA,NA,NA,NA,0,155,103,0
"Q507","Q","Windmill Community Garden",NA,NA,"Queens Sector 1.2","Districts 1, 2",0,0.06,NA,NA,NA,NA,NA,NA,NA,NA,NA,NA,NA,NA,NA,NA,NA,NA,NA,NA,NA,NA
"Q514","Q","Woodside Houses Playground",NA,NA,"Queens Sector 1.2","Districts 1, 2",0,0.15,2,2,2,2,34,44,35,40,4.1,4.2,3.8,4.1,"No","No","No","No",32,200,114,129
"X333","X","Woodycrest Community Garden","Small Park",NA,"Bronx Sector 4.5","Districts 4, 5",0,0.01,NA,0,2,NA,NA,10,52,NA,NA,1,1,NA,NA,"No","No",NA,NA,NA,NA,NA
"X237","X","Yankee Stadium Garages/Lots","Other",NA,"Bronx Sector 4.5","Districts 4, 5",0,9.49,7,NA,NA,NA,151,NA,NA,NA,1,NA,NA,NA,"No",NA,NA,NA,0,15,0,0
"M352","M","Yu Suen Garden","Small Park",NA,"Manhattan Sector 3","District 3",0,0.06,NA,NA,NA,NA,NA,NA,NA,NA,NA,NA,NA,NA,NA,NA,NA,NA,NA,NA,NA,NA
